25725	0.00	0.00
25778	0.10	0.00
25781	-0.10	0.00
25783	-0.30	0.00
25785	0.00	0.00
25787	0.00	0.00
25790	0.00	0.00
25792	-0.10	0.00
25794	-0.10	0.00
25797	-0.50	0.00
25799	-0.30	0.00
25801	-0.30	0.00
25804	-0.30	0.00
25806	-0.10	0.00
25808	-0.10	0.00
25810	-0.10	0.00
25813	-0.10	0.00
25815	-0.10	0.00
25817	0.10	0.00
25820	-0.40	0.00
25822	-0.10	0.00
25824	-0.20	0.00
25827	-0.10	0.00
25829	-0.20	0.00
25831	-0.20	0.00
25834	-0.10	0.00
25836	-0.20	0.00
25838	-0.50	0.00
25840	0.10	0.00
25843	-0.30	0.00
25845	-0.20	0.00
25847	-0.10	0.00
25850	-0.30	0.00
25852	-0.20	0.00
25854	-0.10	0.00
25857	0.00	0.00
25859	-0.30	0.00
25861	-0.10	0.00
25864	-0.10	0.00
25866	-0.20	0.00
25868	-0.30	0.00
25870	-0.30	0.00
25873	-0.20	0.00
25875	-0.30	0.00
25877	0.00	0.00
25880	0.00	0.00
25882	0.00	0.00
25884	0.00	0.00
25887	0.00	0.00
25889	0.00	0.00
25891	-0.20	0.00
25893	-0.30	0.00
25896	-0.20	0.00
25898	-0.20	0.00
25900	-0.30	0.00
25903	-0.10	0.00
25905	-0.10	0.00
25907	-0.20	0.00
25910	-0.30	0.00
25912	-0.20	0.00
25914	-0.30	0.00
25917	0.00	0.00
25919	-0.10	0.00
25921	-0.30	0.00
25923	-0.30	0.00
25926	-0.20	0.00
25928	-0.30	0.00
25930	-0.20	0.00
25933	-0.20	0.00
25935	-0.20	0.00
25937	-0.30	0.00
25940	-0.40	0.00
25942	0.00	0.00
25944	0.00	0.00
25947	-0.10	0.00
25949	0.00	0.00
25951	-0.30	0.00
25953	-0.30	0.00
25956	-0.30	0.00
25958	-0.20	0.00
25960	-0.10	0.00
25963	-0.10	0.00
25965	-0.10	0.00
25967	-0.20	0.00
25970	-0.20	0.00
25972	0.10	0.00
25974	-0.30	0.00
25977	0.00	0.00
25979	-0.10	0.00
25981	-0.40	0.00
25983	-0.10	0.00
25986	-0.10	0.00
25988	0.10	0.00
25990	-0.10	0.00
25993	0.00	0.00
25995	-0.10	0.00
25997	-0.10	0.00
26000	-0.20	0.00
26002	-0.10	0.00
26004	0.10	0.00
26006	-0.10	0.00
26009	-0.40	0.00
26011	0.00	0.00
26013	0.10	0.00
26016	-0.20	0.00
26018	-0.20	0.00
26020	-0.10	0.00
26023	-0.10	0.00
26025	-0.10	0.00
26027	-0.10	0.00
26030	-0.30	0.00
26032	-0.10	0.00
26034	-0.10	0.00
26036	-0.10	0.00
26039	0.00	0.00
26041	-0.10	0.00
26043	-0.20	0.00
26046	-0.10	0.00
26048	-0.10	0.00
26050	0.00	0.00
26053	0.00	0.00
26055	-0.20	0.00
26057	-0.10	0.00
26060	-0.20	0.00
26062	-0.30	0.00
26064	-0.30	0.00
26066	-0.20	0.00
26069	0.20	0.00
26071	-0.10	0.00
26073	0.00	0.00
26076	-0.20	0.00
26078	0.00	0.00
26080	-0.30	0.00
26083	0.00	0.00
26085	-0.20	0.00
26087	0.10	0.00
26089	0.00	0.00
26092	-0.30	0.00
26094	-0.40	0.00
26096	-0.10	0.00
26099	-0.10	0.00
26101	-0.50	0.00
26103	-0.10	0.00
26106	0.00	0.00
26108	-0.30	0.00
26110	-0.10	0.00
26112	-0.20	0.00
26115	0.00	0.00
26117	-0.10	0.00
26119	-0.10	0.00
26122	-0.10	0.00
26124	-0.10	0.00
26126	-0.40	0.00
26129	-0.20	0.00
26131	-0.10	0.00
26133	0.00	0.00
26136	-0.10	0.00
26138	-0.30	0.00
26140	-0.20	0.00
26142	0.00	0.00
26145	-0.20	0.00
26147	-0.40	0.00
26149	-0.10	0.00
26152	-0.20	0.00
26154	-0.20	0.00
26156	0.00	0.00
26159	-0.10	0.00
26161	-0.20	0.00
26163	0.10	0.00
26165	-0.10	0.00
26168	-0.10	0.00
26170	0.20	0.00
26172	-0.20	0.00
26175	-0.10	0.00
26177	0.10	0.00
26179	-0.30	0.00
26182	-0.20	0.00
26184	-0.30	0.00
26186	0.00	0.00
26189	-0.10	0.00
26191	-0.20	0.00
26193	-0.20	0.00
26195	-0.10	0.00
26198	-0.20	0.00
26200	-0.10	0.00
26202	-0.30	0.00
26205	0.00	0.00
26207	-0.10	0.00
26209	0.00	0.00
26212	-0.40	0.00
26214	-0.10	0.00
26216	-0.10	0.00
26219	-0.20	0.00
26221	-0.10	0.00
26223	-0.30	0.00
26225	-0.20	0.00
26228	-0.20	0.00
26230	-0.20	0.00
26232	-0.30	0.00
26235	-0.30	0.00
26237	-0.10	0.00
26239	0.00	0.00
26242	-0.10	0.00
26244	-0.20	0.00
26246	-0.20	0.00
26249	0.20	0.00
26251	-0.40	0.00
26253	-0.30	0.00
26255	-0.20	0.00
26258	-0.20	0.00
26260	0.00	0.00
26262	-0.10	0.00
26265	-0.10	0.00
26267	-0.30	0.00
26269	-0.30	0.00
26272	-0.10	0.00
26274	-0.20	0.00
26276	-0.10	0.00
26279	-0.30	0.00
26281	-0.20	0.00
26283	-0.10	0.00
26285	-0.10	0.00
26288	0.10	0.00
26290	-0.30	0.00
26292	0.00	0.00
26295	0.00	0.00
26297	-0.20	0.00
26299	0.00	0.00
26302	-0.20	0.00
26304	-0.30	0.00
26306	-0.10	0.00
26308	0.00	0.00
26311	-0.20	0.00
26313	-0.10	0.00
26315	-0.10	0.00
26318	-0.50	0.00
26320	-0.10	0.00
26322	-0.50	0.00
26325	-0.40	0.00
26327	-0.20	0.00
26329	-0.20	0.00
26332	0.10	0.00
26334	0.00	0.00
26336	-0.10	0.00
26338	-0.20	0.00
26341	-0.10	0.00
26343	-0.10	0.00
26345	0.10	0.00
26348	-0.20	0.00
26350	-0.20	0.00
26352	0.10	0.00
26355	-0.40	0.00
26357	0.00	0.00
26359	-0.10	0.00
26361	-0.20	0.00
26364	-0.10	0.00
26366	-0.20	0.00
26368	-0.10	0.00
26371	0.20	0.00
26373	0.00	0.00
26375	-0.10	0.00
26378	-0.20	0.00
26380	-0.20	0.00
26382	-0.30	0.00
26384	-0.30	0.00
26387	-0.20	0.00
26389	-0.30	0.00
26391	-0.10	0.00
26394	-0.20	0.00
26396	0.20	0.00
26398	0.00	0.00
26401	-0.20	0.00
26403	-0.10	0.00
26405	0.10	0.00
26408	-0.20	0.00
26410	-0.30	0.00
26412	-0.40	0.00
26414	-0.10	0.00
26417	-0.10	0.00
26419	-0.10	0.00
26421	0.00	0.00
26424	-0.20	0.00
26426	0.00	0.00
26428	0.10	0.00
26431	-0.20	0.00
26433	-0.10	0.00
26435	-0.20	0.00
26437	-0.10	0.00
26440	-0.20	0.00
26442	-0.20	0.00
26444	-0.20	0.00
26447	-0.30	0.00
26449	-0.30	0.00
26451	0.00	0.00
26454	-0.20	0.00
26456	-0.10	0.00
26458	0.00	0.00
26461	-0.20	0.00
26463	-0.50	0.00
26465	0.00	0.00
26467	0.00	0.00
26470	0.00	0.00
26472	0.00	0.00
26474	-0.20	0.00
26477	-0.40	0.00
26479	-0.20	0.00
26481	-0.30	0.00
26484	-0.10	0.00
26486	0.10	0.00
26488	-0.20	0.00
26490	-0.10	0.00
26493	-0.20	0.00
26495	-0.40	0.00
26497	-0.20	0.00
26500	0.10	0.00
26502	-0.20	0.00
26504	-0.30	0.00
26507	-0.40	0.00
26509	0.10	0.00
26511	-0.40	0.00
26513	-0.30	0.00
26516	-0.10	0.00
26518	-0.30	0.00
26520	-0.20	0.00
26523	-0.10	0.00
26525	0.00	0.00
26527	-0.30	0.00
26530	0.10	0.00
26532	0.00	0.00
26534	0.00	0.00
26537	-0.10	0.00
26539	-0.20	0.00
26541	0.10	0.00
26543	0.10	0.00
26546	0.00	0.00
26548	-0.40	0.00
26550	-0.30	0.00
26553	-0.10	0.00
26555	0.10	0.00
26557	0.00	0.00
26559	0.00	0.00
26562	-0.30	0.00
26564	-0.10	0.00
26566	-0.10	0.00
26569	-0.10	0.00
26571	-0.10	0.00
26573	-0.20	0.00
26576	-0.20	0.00
26578	-0.10	0.00
26580	-0.10	0.00
26583	-0.10	0.00
26585	-0.30	0.00
26587	-0.10	0.00
26589	-0.10	0.00
26592	-0.30	0.00
26594	0.00	0.00
26596	-0.30	0.00
26599	-0.10	0.00
26601	0.10	0.00
26603	0.00	0.00
26606	0.10	0.00
26608	-0.10	0.00
26610	-0.20	0.00
26613	-0.10	0.00
26615	-0.10	0.00
26617	0.00	0.00
26619	0.00	0.00
26622	-0.10	0.00
26624	-0.40	0.00
26626	-0.20	0.00
26629	-0.10	0.00
26631	-0.20	0.00
26633	-0.20	0.00
26636	0.10	0.00
26638	-0.20	0.00
26640	0.00	0.00
26642	-0.20	0.00
26645	0.10	0.00
26647	0.10	0.00
26649	-0.10	0.00
26652	-0.30	0.00
26654	-0.20	0.00
26656	-0.20	0.00
26659	-0.20	0.00
26661	-0.20	0.00
26663	-0.20	0.00
26665	0.20	0.00
26668	-0.10	0.00
26670	-0.20	0.00
26672	-0.30	0.00
26675	0.20	0.00
26677	-0.20	0.00
26679	-0.40	0.00
26682	-0.10	0.00
26684	-0.10	0.00
26686	-0.30	0.00
26689	-0.30	0.00
26691	-0.10	0.00
26693	-0.20	0.00
26695	-0.20	0.00
26698	-0.40	0.00
26700	-0.10	0.00
26702	0.10	0.00
26705	-0.20	0.00
26707	-0.10	0.00
26709	-0.10	0.00
26712	-0.40	0.00
26714	-0.10	0.00
26716	-0.20	0.00
26719	-0.10	0.00
26721	0.00	0.00
26723	-0.60	0.00
26725	-0.10	0.00
26728	0.10	0.00
26730	0.00	0.00
26732	0.00	0.00
26735	-0.20	0.00
26737	-0.20	0.00
26739	0.00	0.00
26742	-0.20	0.00
26744	-0.10	0.00
26746	-0.40	0.00
26748	-0.30	0.00
26751	-0.10	0.00
26753	-0.10	0.00
26755	-0.40	0.00
26758	-0.30	0.00
26760	-0.20	0.00
26762	-0.20	0.00
26765	0.00	0.00
26767	0.00	0.00
26769	-0.40	0.00
26772	-0.10	0.00
26774	0.00	0.00
26776	-0.20	0.00
26778	-0.40	0.00
26781	-0.20	0.00
26783	-0.30	0.00
26785	-0.20	0.00
26788	-0.10	0.00
26790	0.00	0.00
26792	-0.10	0.00
26795	0.00	0.00
26797	0.10	0.00
26799	-0.10	0.00
26801	-0.10	0.00
26804	-0.20	0.00
26806	-0.10	0.00
26808	-0.20	0.00
26811	-0.30	0.00
26813	-0.30	0.00
26815	-0.20	0.00
26818	-0.10	0.00
26820	0.00	0.00
26822	-0.50	0.00
26825	0.00	0.00
26827	0.00	0.00
26829	-0.20	0.00
26831	-0.20	0.00
26834	-0.40	0.00
26836	-0.10	0.00
26838	-0.20	0.00
26841	-0.20	0.00
26843	0.00	0.00
26845	0.00	0.00
26848	0.00	0.00
26850	-0.10	0.00
26852	-0.20	0.00
26855	-0.10	0.00
26857	-0.10	0.00
26859	-0.20	0.00
26861	-0.10	0.00
26864	-0.30	0.00
26866	-0.10	0.00
26868	-0.30	0.00
26871	0.00	0.00
26873	0.00	0.00
26875	-0.10	0.00
26878	-0.10	0.00
26880	-0.20	0.00
26882	-0.20	0.00
26884	-0.10	0.00
26887	-0.10	0.00
26889	-0.20	0.00
26891	0.00	0.00
26894	-0.10	0.00
26896	-0.10	0.00
26898	-0.20	0.00
26901	0.10	0.00
26903	-0.10	0.00
26905	-0.10	0.00
26908	0.00	0.00
26910	0.00	0.00
26912	0.00	0.00
26914	0.00	0.00
26917	-0.40	0.00
26919	-0.20	0.00
26921	-0.10	0.00
26924	-0.10	0.00
26926	-0.20	0.00
26928	-0.10	0.00
26931	-0.10	0.00
26933	-0.30	0.00
26935	-0.10	0.00
26937	-0.10	0.00
26940	0.00	0.00
26942	-0.30	0.00
26944	-0.40	0.00
26947	0.10	0.00
26949	-0.10	0.00
26951	-0.10	0.00
26954	-0.20	0.00
26956	-0.30	0.00
26958	-0.10	0.00
26961	0.00	0.00
26963	-0.30	0.00
26965	0.00	0.00
26967	0.00	0.00
26970	-0.40	0.00
26972	-0.40	0.00
26974	-0.20	0.00
26977	-0.30	0.00
26979	-0.10	0.00
26981	-0.10	0.00
26984	-0.10	0.00
26986	-0.30	0.00
26988	0.10	0.00
26990	0.10	0.00
26993	-0.10	0.00
26995	-0.30	0.00
26997	-0.10	0.00
27000	0.10	0.00
27002	-0.30	0.00
27004	-0.10	0.00
27007	-0.10	0.00
27009	-0.10	0.00
27011	-0.20	0.00
27014	-0.30	0.00
27016	-0.30	0.00
27018	-0.40	0.00
27020	0.00	0.00
27023	-0.10	0.00
27025	-0.30	0.00
27027	0.00	0.00
27030	-0.10	0.00
27032	0.00	0.00
27034	-0.10	0.00
27037	-0.20	0.00
27039	-0.20	0.00
27041	-0.10	0.00
27043	-0.20	0.00
27046	-0.10	0.00
27048	-0.10	0.00
27050	-0.20	0.00
27053	-0.10	0.00
27055	-0.20	0.00
27057	-0.10	0.00
27060	-0.50	0.00
27062	-0.10	0.00
27064	-0.20	0.00
27067	0.10	0.00
27069	0.00	0.00
27071	0.10	0.00
27073	-0.20	0.00
27076	0.00	0.00
27078	0.00	0.00
27080	-0.40	0.00
27083	-0.20	0.00
27085	-0.10	0.00
27087	-0.30	0.00
27090	-0.30	0.00
27092	-0.10	0.00
27094	-0.20	0.00
27096	-0.10	0.00
27099	0.10	0.00
27101	-0.10	0.00
27103	-0.30	0.00
27106	-0.30	0.00
27108	-0.30	0.00
27110	-0.40	0.00
27113	0.00	0.00
27115	-0.20	0.00
27117	-0.20	0.00
27120	0.00	0.00
27122	0.30	0.00
27124	-0.50	0.00
27126	0.00	0.00
27129	-0.10	0.00
27131	-0.20	0.00
27133	-0.20	0.00
27136	-0.30	0.00
27138	-0.20	0.00
27140	0.00	0.00
27143	-0.10	0.00
27145	-0.10	0.00
27147	0.00	0.00
27149	-0.10	0.00
27152	-0.30	0.00
27154	0.00	0.00
27156	-0.20	0.00
27159	-0.20	0.00
27161	-0.30	0.00
27163	0.00	0.00
27166	-0.10	0.00
27168	-0.10	0.00
27170	0.00	0.00
27173	-0.40	0.00
27175	-0.10	0.00
27177	0.00	0.00
27179	0.00	0.00
27182	-0.30	0.00
27184	-0.20	0.00
27186	-0.20	0.00
27189	-0.20	0.00
27191	-0.20	0.00
27193	-0.10	0.00
27196	-0.20	0.00
27198	-0.20	0.00
27200	-0.10	0.00
27202	0.00	0.00
27205	-0.20	0.00
27207	-0.20	0.00
27209	-0.10	0.00
27212	0.00	0.00
27214	-0.20	0.00
27216	0.00	0.00
27219	-0.10	0.00
27221	-0.20	0.00
27223	-0.10	0.00
27225	-0.10	0.00
27228	-0.20	0.00
27230	-0.40	0.00
27232	0.20	0.00
27235	0.00	0.00
27237	-0.20	0.00
27239	-0.10	0.00
27242	-0.30	0.00
27244	-0.30	0.00
27246	-0.20	0.00
27249	-0.20	0.00
27251	-0.10	0.00
27253	-0.20	0.00
27255	-0.10	0.00
27258	-0.30	0.00
27260	-0.40	0.00
27262	-0.30	0.00
27265	-0.10	0.00
27267	-0.20	0.00
27269	0.00	0.00
27272	0.00	0.00
27274	0.00	0.00
27276	0.00	0.00
27278	-0.20	0.00
27281	-0.10	0.00
27283	-0.10	0.00
27285	0.00	0.00
27288	-0.20	0.00
27290	-0.10	0.00
27292	-0.20	0.00
27295	10.50	14.00
27297	47.20	184.00
27299	19.70	96.00
27302	24.90	124.00
27304	25.70	128.00
27306	25.70	128.00
27308	26.10	132.00
27311	27.40	140.00
27313	26.80	140.00
27315	28.00	140.00
27318	27.70	138.00
27320	26.90	132.00
27322	25.80	132.00
27324	25.90	132.00
27327	59.10	298.00
27329	59.10	298.00
27331	59.30	298.00
27334	59.70	302.00
27336	59.10	298.00
27338	58.40	294.00
27340	58.90	298.00
27343	58.80	298.00
27345	58.90	298.00
27347	58.70	298.00
27350	59.20	298.00
27352	59.20	298.00
27354	59.40	302.00
27356	59.10	298.00
27359	59.10	298.00
27361	59.30	298.00
27363	59.10	298.00
27366	59.10	298.00
27368	59.30	298.00
27370	59.00	298.00
27373	59.10	298.00
27375	59.40	302.00
27377	59.20	298.00
27379	59.30	298.00
27382	59.00	298.00
27384	59.00	298.00
27386	58.90	298.00
27389	58.60	294.00
27391	58.70	294.00
27393	57.80	292.00
27395	57.50	292.00
27398	57.40	278.00
27400	45.70	242.00
27402	47.70	242.00
27405	48.10	426.00
27407	85.60	440.00
27409	87.40	440.00
27411	87.30	440.00
27414	87.00	440.00
27416	87.30	440.00
27418	87.60	442.00
27421	87.30	440.00
27423	87.40	440.00
27425	87.30	440.00
27428	83.20	462.00
27430	92.00	462.00
27432	91.70	456.00
27434	92.60	466.00
27437	92.20	466.00
27439	92.20	466.00
27441	46.60	236.00
27444	45.80	232.00
27446	45.60	230.00
27448	45.70	232.00
27450	45.90	232.00
27453	45.70	232.00
27455	46.10	232.00
27457	45.40	232.00
27460	45.70	232.00
27462	45.80	232.00
27464	45.70	232.00
27466	46.10	230.00
27469	45.20	230.00
27471	46.00	232.00
27473	45.70	230.00
27476	45.60	230.00
27478	45.40	230.00
27480	45.50	230.00
27483	45.90	232.00
27485	45.50	230.00
27487	45.70	230.00
27489	45.50	230.00
27492	45.50	232.00
27494	45.50	232.00
27496	45.80	232.00
27499	45.50	230.00
27501	45.60	230.00
27503	45.70	232.00
27505	45.60	230.00
27508	45.60	230.00
27510	45.50	230.00
27512	45.50	230.00
27515	46.00	230.00
27517	45.50	230.00
27519	45.50	230.00
27521	45.40	230.00
27524	45.30	230.00
27526	45.30	230.00
27528	45.40	230.00
27531	45.10	230.00
27533	45.30	230.00
27535	45.10	230.00
27538	45.30	230.00
27540	45.70	232.00
27542	45.10	230.00
27544	45.50	230.00
27547	45.60	230.00
27549	45.60	230.00
27551	45.60	232.00
27554	45.20	230.00
27556	45.20	230.00
27558	45.70	230.00
27560	45.60	230.00
27563	45.60	230.00
27565	45.40	230.00
27567	45.40	230.00
27570	45.50	230.00
27572	45.50	230.00
27574	45.30	230.00
27576	45.10	230.00
27579	45.20	230.00
27581	45.60	230.00
27583	45.40	230.00
27586	45.40	230.00
27588	45.60	230.00
27590	45.70	232.00
27593	45.30	230.00
27595	45.80	232.00
27597	45.30	230.00
27599	45.40	230.00
27602	45.50	230.00
27604	45.40	230.00
27606	45.70	230.00
27609	45.20	230.00
27611	45.40	230.00
27613	45.30	230.00
27615	45.40	230.00
27618	45.50	230.00
27620	45.50	230.00
27622	45.30	230.00
27625	45.60	230.00
27627	45.60	230.00
27629	45.70	232.00
27631	45.60	232.00
27634	45.60	230.00
27636	45.60	230.00
27638	46.00	230.00
27641	45.40	230.00
27643	45.90	232.00
27645	45.80	232.00
27648	45.50	230.00
27650	45.80	232.00
27652	45.40	230.00
27654	45.80	232.00
27657	45.90	232.00
27659	45.70	230.00
27661	45.30	230.00
27664	45.30	230.00
27666	45.70	232.00
27668	45.80	232.00
27670	45.40	230.00
27673	45.40	230.00
27675	45.50	230.00
27677	45.70	230.00
27680	45.60	230.00
27682	45.80	232.00
27684	45.30	230.00
27686	45.90	232.00
27689	45.50	230.00
27691	45.80	232.00
27693	45.40	230.00
27696	45.50	230.00
27698	45.60	230.00
27700	45.40	230.00
27703	45.60	230.00
27705	45.30	230.00
27707	45.40	230.00
27709	45.60	230.00
27712	45.40	230.00
27714	45.10	230.00
27716	45.40	230.00
27719	45.30	230.00
27721	45.50	232.00
27723	45.60	230.00
27725	45.20	230.00
27728	45.50	230.00
27730	45.50	230.00
27732	45.50	230.00
27735	45.90	232.00
27737	45.20	230.00
27739	45.40	230.00
27741	45.20	230.00
27744	45.70	232.00
27746	45.70	232.00
27748	45.60	230.00
27751	45.40	232.00
27753	45.70	230.00
27755	45.60	230.00
27758	45.50	230.00
27760	45.50	230.00
27762	45.60	230.00
27764	45.40	230.00
27767	45.40	230.00
27769	45.30	230.00
27771	45.40	230.00
27774	45.20	230.00
27776	45.60	230.00
27778	45.60	230.00
27780	45.30	230.00
27783	45.30	232.00
27785	45.50	232.00
27787	45.50	230.00
27790	45.30	230.00
27792	45.50	230.00
27794	45.70	232.00
27796	45.70	232.00
27799	45.50	230.00
27801	45.40	230.00
27803	45.30	230.00
27806	45.90	232.00
27808	45.90	232.00
27810	45.70	230.00
27813	45.70	230.00
27815	45.60	232.00
27817	45.60	230.00
27819	45.70	232.00
27822	45.50	230.00
27824	45.60	230.00
27826	46.00	232.00
27829	45.70	230.00
27831	45.80	232.00
27833	45.50	230.00
27835	45.60	230.00
27838	46.00	232.00
27840	45.90	232.00
27842	45.90	230.00
27845	45.50	232.00
27847	45.50	230.00
27849	45.60	230.00
27851	45.90	232.00
27854	45.30	230.00
27856	45.40	230.00
27858	45.30	230.00
27861	45.70	230.00
27863	45.70	232.00
27865	45.60	230.00
27868	45.30	230.00
27870	46.10	232.00
27872	45.30	230.00
27874	45.60	230.00
27877	45.20	230.00
27879	45.30	230.00
27881	45.60	230.00
27884	45.80	232.00
27886	45.30	230.00
27888	45.10	230.00
27890	45.40	230.00
27893	45.40	230.00
27895	45.50	230.00
27897	45.00	230.00
27900	45.20	230.00
27902	45.40	230.00
27904	45.20	230.00
27906	45.60	230.00
27909	45.30	230.00
27911	45.70	232.00
27913	45.40	230.00
27916	45.60	230.00
27918	46.10	232.00
27920	45.70	232.00
27923	45.10	232.00
27925	45.40	230.00
27927	45.50	230.00
27929	45.50	230.00
27932	45.30	230.00
27934	45.60	230.00
27936	45.60	230.00
27939	45.40	230.00
27941	45.30	230.00
27943	45.20	230.00
27945	45.60	230.00
27948	45.60	230.00
27950	45.70	232.00
27952	45.30	226.00
27955	45.20	230.00
27957	45.40	230.00
27959	45.60	230.00
27961	45.20	230.00
27964	45.40	230.00
27966	45.90	232.00
27968	45.50	230.00
27971	45.50	230.00
27973	45.50	230.00
27975	45.50	230.00
27978	45.80	232.00
27980	45.60	232.00
27982	45.70	230.00
27984	45.60	230.00
27987	45.80	232.00
27989	45.90	232.00
27991	45.50	230.00
27994	45.50	230.00
27996	45.60	230.00
27998	45.50	230.00
28000	45.70	230.00
28003	45.80	232.00
28005	45.50	230.00
28007	45.50	230.00
28010	46.00	230.00
28012	45.90	232.00
28014	45.70	232.00
28016	45.70	232.00
28019	45.70	232.00
28021	45.50	230.00
28023	45.70	232.00
28026	45.50	230.00
28028	45.80	232.00
28030	45.50	230.00
28033	45.70	232.00
28035	45.80	232.00
28037	45.20	230.00
28039	45.50	230.00
28042	45.30	230.00
28044	45.50	230.00
28046	45.40	230.00
28049	45.50	230.00
28051	45.50	230.00
28053	45.60	230.00
28055	45.60	230.00
28058	45.70	230.00
28060	45.10	230.00
28062	45.50	230.00
28065	45.60	230.00
28067	45.50	230.00
28069	45.40	230.00
28071	45.40	230.00
28074	45.40	230.00
28076	45.40	230.00
28078	45.60	230.00
28081	45.20	230.00
28083	45.30	230.00
28085	45.30	230.00
28088	45.60	230.00
28090	45.70	232.00
28092	45.40	230.00
28094	45.70	232.00
28097	45.70	230.00
28099	45.50	230.00
28101	46.00	230.00
28104	45.40	230.00
28106	45.50	230.00
28108	45.80	232.00
28110	45.60	230.00
28113	45.40	230.00
28115	45.50	230.00
28117	45.70	230.00
28120	45.40	230.00
28122	45.40	230.00
28124	45.30	230.00
28126	45.40	230.00
28129	45.20	230.00
28131	45.50	230.00
28133	45.50	230.00
28136	45.60	230.00
28138	45.70	230.00
28140	45.70	230.00
28143	45.60	230.00
28145	45.50	230.00
28147	45.70	230.00
28149	46.10	232.00
28152	46.10	232.00
28154	45.90	232.00
28156	45.70	230.00
28159	45.60	230.00
28161	45.80	232.00
28163	45.60	230.00
28165	45.30	230.00
28168	45.50	230.00
28170	45.50	230.00
28172	45.70	232.00
28175	45.40	230.00
28177	45.30	230.00
28179	45.30	230.00
28181	45.40	230.00
28184	45.70	232.00
28186	45.90	232.00
28188	45.40	230.00
28191	45.30	230.00
28193	45.90	230.00
28195	45.50	230.00
28198	45.90	232.00
28200	45.30	230.00
28202	45.40	230.00
28204	45.90	232.00
28207	45.60	230.00
28209	45.60	230.00
28211	45.40	230.00
28214	45.60	230.00
28216	45.50	230.00
28218	45.60	230.00
28220	45.00	230.00
28223	45.10	230.00
28225	45.30	230.00
28227	45.50	230.00
28230	45.60	230.00
28232	45.30	230.00
28234	45.10	230.00
28236	45.60	230.00
28239	45.30	230.00
28241	45.70	232.00
28243	44.90	230.00
28246	45.20	232.00
28248	45.60	230.00
28250	45.50	232.00
28253	45.50	230.00
28255	45.20	230.00
28257	45.70	232.00
28259	45.60	230.00
28262	45.50	230.00
28264	45.30	230.00
28266	45.40	230.00
28269	45.80	232.00
28271	45.80	232.00
28273	45.70	230.00
28275	45.60	230.00
28278	45.60	232.00
28280	45.60	232.00
28282	45.50	230.00
28285	45.40	230.00
28287	45.30	230.00
28289	45.60	230.00
28291	45.70	230.00
28294	45.50	230.00
28296	45.40	230.00
28298	45.30	230.00
28301	45.30	230.00
28303	45.60	232.00
28305	45.50	230.00
28308	45.50	230.00
28310	45.50	230.00
28312	45.50	230.00
28314	45.60	230.00
28317	45.50	230.00
28319	45.40	230.00
28321	45.70	232.00
28324	45.80	232.00
28326	45.60	230.00
28328	45.60	230.00
28330	45.50	230.00
28333	46.20	232.00
28335	45.70	232.00
28337	45.80	232.00
28340	45.60	230.00
28342	45.30	230.00
28344	45.50	230.00
28346	45.70	232.00
28349	45.30	230.00
28351	45.50	230.00
28353	45.40	230.00
28356	45.70	230.00
28358	45.40	230.00
28360	45.30	230.00
28363	45.40	230.00
28365	45.60	230.00
28367	45.60	230.00
28369	45.80	232.00
28372	45.70	232.00
28374	45.30	230.00
28376	45.80	232.00
28379	45.60	230.00
28381	46.00	232.00
28383	45.40	230.00
28385	45.50	230.00
28388	45.70	230.00
28390	45.50	232.00
28392	45.50	230.00
28395	45.70	230.00
28397	45.40	232.00
28399	45.70	230.00
28401	45.60	230.00
28404	45.30	230.00
28406	45.10	230.00
28408	45.60	230.00
28411	45.70	230.00
28413	45.70	232.00
28415	45.40	230.00
28418	45.50	232.00
28420	45.40	230.00
28422	45.40	230.00
28424	45.80	230.00
28427	45.30	230.00
28429	45.90	232.00
28431	45.40	230.00
28434	45.60	230.00
28436	45.30	230.00
28438	45.40	230.00
28440	45.50	230.00
28443	45.60	230.00
28445	45.50	230.00
28447	45.60	230.00
28450	45.60	230.00
28452	45.60	232.00
28454	45.80	232.00
28456	45.60	230.00
28459	45.70	232.00
28461	46.00	232.00
28463	72.90	368.00
28466	73.10	370.00
28468	72.50	368.00
28470	72.50	368.00
28473	72.80	368.00
28475	72.90	368.00
28477	73.00	368.00
28479	72.50	364.00
28482	72.30	368.00
28484	72.80	368.00
28486	73.20	370.00
28489	72.40	364.00
28491	72.00	364.00
28493	72.70	368.00
28495	72.70	368.00
28498	73.10	370.00
28500	72.30	364.00
28502	72.60	368.00
28505	72.80	370.00
28507	73.20	368.00
28509	73.00	370.00
28511	72.30	368.00
28514	72.60	364.00
28516	73.20	370.00
28518	72.90	368.00
28521	72.80	368.00
28523	72.40	364.00
28525	72.50	368.00
28528	72.70	368.00
28530	73.10	368.00
28532	72.50	368.00
28534	72.30	368.00
28537	72.60	368.00
28539	73.30	370.00
28541	73.10	368.00
28544	72.80	368.00
28546	72.70	368.00
28548	72.70	368.00
28550	73.20	370.00
28553	73.40	370.00
28555	72.60	368.00
28557	72.50	368.00
28560	72.90	368.00
28562	72.80	368.00
28564	72.70	368.00
28566	72.50	364.00
28569	72.60	368.00
28571	73.00	368.00
28573	73.10	370.00
28576	72.40	364.00
28578	72.50	368.00
28580	72.90	368.00
28583	73.20	370.00
28585	72.90	368.00
28587	72.70	368.00
28589	72.30	364.00
28592	73.00	370.00
28594	73.30	368.00
28596	72.90	368.00
28599	72.30	368.00
28601	73.10	370.00
28603	73.30	370.00
28605	73.30	370.00
28608	72.40	364.00
28610	72.70	368.00
28612	72.80	368.00
28615	73.30	370.00
28617	73.30	370.00
28619	72.50	368.00
28621	72.50	364.00
28624	72.50	368.00
28626	73.20	368.00
28628	72.90	364.00
28631	72.30	364.00
28633	72.40	364.00
28635	73.10	370.00
28638	72.90	368.00
28640	72.30	364.00
28642	72.50	368.00
28644	72.60	368.00
28647	73.10	368.00
28649	73.30	370.00
28651	72.40	368.00
28654	72.50	368.00
28656	72.90	368.00
28658	72.90	368.00
28660	72.90	368.00
28663	72.70	368.00
28665	72.50	368.00
28667	73.20	370.00
28670	73.40	370.00
28672	72.10	364.00
28674	72.60	368.00
28676	72.80	368.00
28679	72.90	368.00
28681	73.30	368.00
28683	72.30	368.00
28686	72.40	368.00
28688	72.80	370.00
28690	72.90	368.00
28693	72.80	368.00
28695	72.60	368.00
28697	72.40	364.00
28699	73.00	368.00
28702	73.00	368.00
28704	72.80	368.00
28706	72.70	368.00
28709	72.50	368.00
28711	72.50	368.00
28713	73.10	370.00
28715	72.80	368.00
28718	72.50	368.00
28720	73.00	368.00
28722	72.80	368.00
28725	72.90	368.00
28727	72.70	368.00
28729	72.60	368.00
28731	73.20	370.00
28734	73.20	370.00
28736	73.10	368.00
28738	72.50	364.00
28741	72.50	368.00
28743	73.20	370.00
28745	73.10	370.00
28748	72.50	368.00
28750	72.40	364.00
28752	73.20	370.00
28754	72.90	368.00
28757	72.90	368.00
28759	72.20	364.00
28761	72.50	368.00
28764	73.10	370.00
28766	72.70	370.00
28768	73.00	364.00
28770	72.50	368.00
28773	72.40	368.00
28775	73.20	370.00
28777	73.20	370.00
28780	72.60	368.00
28782	72.30	364.00
28784	72.80	368.00
28786	72.90	368.00
28789	73.10	368.00
28791	72.60	368.00
28793	72.70	368.00
28796	73.20	370.00
28798	73.30	368.00
28800	73.10	368.00
28803	72.90	368.00
28805	72.50	368.00
28807	72.70	368.00
28809	73.40	370.00
28812	72.30	364.00
28814	72.60	368.00
28816	72.70	368.00
28819	72.70	368.00
28821	72.70	368.00
28823	72.40	368.00
28825	72.30	368.00
28828	72.90	370.00
28830	73.00	370.00
28832	72.90	370.00
28835	72.90	368.00
28837	72.60	368.00
28839	73.20	370.00
28841	73.10	370.00
28844	73.00	368.00
28846	72.80	368.00
28848	72.60	368.00
28851	72.80	368.00
28853	73.10	368.00
28855	72.70	368.00
28858	72.80	364.00
28860	72.60	368.00
28862	73.20	370.00
28864	73.30	370.00
28867	72.80	368.00
28869	73.00	368.00
28871	73.10	370.00
28874	73.10	370.00
28876	73.10	370.00
28878	72.40	364.00
28880	72.50	368.00
28883	73.10	370.00
28885	72.70	370.00
28887	72.70	368.00
28890	72.40	368.00
28892	73.10	368.00
28894	73.50	370.00
28896	73.10	370.00
28899	72.70	368.00
28901	72.80	368.00
28903	72.50	368.00
28906	73.10	370.00
28908	73.10	368.00
28910	72.90	368.00
28913	72.50	368.00
28915	73.30	368.00
28917	73.40	368.00
28919	73.30	368.00
28922	72.50	368.00
28924	73.00	368.00
28926	73.10	368.00
28929	73.00	368.00
28931	72.60	368.00
28933	72.60	368.00
28935	73.10	368.00
28938	73.00	368.00
28940	73.10	368.00
28942	72.30	368.00
28945	72.50	368.00
28947	73.10	368.00
28949	73.00	368.00
28951	72.80	368.00
28954	72.70	368.00
28956	72.60	368.00
28958	73.10	370.00
28961	73.30	370.00
28963	72.40	364.00
28965	72.80	368.00
28968	72.80	368.00
28970	73.30	368.00
28972	73.00	368.00
28974	72.60	364.00
28977	72.80	368.00
28979	73.40	370.00
28981	72.90	368.00
28984	72.70	368.00
28986	72.90	368.00
28988	72.60	368.00
28990	73.40	370.00
28993	73.30	370.00
28995	72.70	368.00
28997	73.00	370.00
29000	72.40	368.00
29002	72.80	370.00
29004	73.10	368.00
29006	72.60	368.00
29009	72.80	368.00
29011	72.90	368.00
29013	73.30	370.00
29016	73.30	370.00
29018	72.90	368.00
29020	72.60	368.00
29023	73.10	370.00
29025	73.10	370.00
29027	73.30	368.00
29029	72.80	368.00
29032	72.60	368.00
29034	72.70	370.00
29036	72.90	368.00
29039	72.80	368.00
29041	72.50	368.00
29043	73.30	370.00
29045	73.20	370.00
29048	73.30	370.00
29050	72.40	364.00
29052	72.50	368.00
29055	73.40	370.00
29057	72.90	368.00
29059	73.20	364.00
29061	72.60	368.00
29064	72.50	368.00
29066	73.40	370.00
29068	72.80	368.00
29071	72.80	368.00
29073	72.70	368.00
29075	73.00	368.00
29078	73.30	370.00
29080	72.90	368.00
29082	72.40	364.00
29084	72.70	368.00
29087	73.30	368.00
29089	73.40	370.00
29091	73.20	364.00
29094	72.70	364.00
29096	72.50	368.00
29098	73.00	368.00
29100	72.80	368.00
29103	72.70	368.00
29105	72.60	368.00
29107	72.60	368.00
29110	73.60	370.00
29112	73.10	370.00
29114	72.60	368.00
29116	72.50	368.00
29119	72.70	370.00
29121	72.90	368.00
29123	73.20	368.00
29126	72.60	368.00
29128	72.70	368.00
29130	73.40	370.00
29133	73.00	368.00
29135	73.20	370.00
29137	72.60	368.00
29139	72.80	368.00
29142	73.20	370.00
29144	73.20	370.00
29146	72.70	368.00
29149	72.60	368.00
29151	72.80	368.00
29153	73.10	370.00
29155	73.40	370.00
29158	72.40	364.00
29160	72.70	368.00
29162	73.10	368.00
29165	72.60	368.00
29167	72.90	368.00
29169	72.70	368.00
29171	72.60	368.00
29174	73.30	370.00
29176	73.10	370.00
29178	72.60	368.00
29181	72.50	368.00
29183	73.20	370.00
29185	73.10	370.00
29188	73.40	370.00
29190	72.60	368.00
29192	72.90	368.00
29194	73.30	370.00
29197	73.10	370.00
29199	73.10	368.00
29201	72.90	368.00
29204	72.70	368.00
29206	73.30	368.00
29208	73.40	370.00
29210	72.60	368.00
29213	72.60	368.00
29215	73.00	368.00
29217	72.70	368.00
29220	73.40	370.00
29222	72.60	368.00
29224	72.30	364.00
29226	73.20	370.00
29229	73.20	370.00
29231	72.80	368.00
29233	72.70	368.00
29236	72.70	368.00
29238	73.00	370.00
29240	73.40	370.00
29243	72.80	368.00
29245	72.90	368.00
29247	72.60	368.00
29249	73.00	368.00
29252	73.00	368.00
29254	72.80	368.00
29256	72.80	368.00
29259	73.10	368.00
29261	73.30	368.00
29263	72.90	368.00
29265	72.80	368.00
29268	72.50	364.00
29270	73.10	370.00
29272	72.90	368.00
29275	72.70	368.00
29277	72.50	368.00
29279	72.60	368.00
29281	72.90	368.00
29284	73.00	368.00
29286	72.20	364.00
29288	72.50	368.00
29291	72.50	370.00
29293	73.00	370.00
29295	72.90	368.00
29298	72.50	368.00
29300	72.60	368.00
29302	73.40	370.00
29304	73.30	370.00
29307	73.40	370.00
29309	72.70	368.00
29311	72.70	368.00
29314	73.30	370.00
29316	73.10	368.00
29318	72.90	364.00
29320	72.90	368.00
29323	72.90	370.00
29325	73.40	370.00
29327	72.90	368.00
29330	72.60	368.00
29332	72.70	368.00
29334	73.00	368.00
29336	73.40	370.00
29339	73.40	370.00
29341	72.50	368.00
29343	72.50	368.00
29346	72.80	368.00
29348	72.90	368.00
29350	73.00	368.00
29353	72.30	368.00
29355	72.50	370.00
29357	73.30	370.00
29359	73.40	370.00
29362	72.60	368.00
29364	72.90	368.00
29366	73.30	370.00
29369	73.10	370.00
29371	72.90	368.00
29373	72.70	368.00
29375	72.80	368.00
29378	72.90	370.00
29380	72.90	370.00
29382	73.00	368.00
29385	72.90	368.00
29387	72.30	364.00
29389	73.50	370.00
29391	73.30	370.00
29394	72.60	368.00
29396	72.30	364.00
29398	72.70	368.00
29401	72.80	368.00
29403	73.00	368.00
29405	72.90	368.00
29408	72.70	368.00
29410	73.30	370.00
29412	73.00	370.00
29414	73.10	370.00
29417	72.50	368.00
29419	72.80	368.00
29421	73.20	370.00
29424	73.30	370.00
29426	72.50	368.00
29428	72.50	368.00
29430	72.50	368.00
29433	72.90	370.00
29435	73.10	370.00
29437	72.50	368.00
29440	72.70	368.00
29442	72.70	368.00
29444	72.90	368.00
29446	73.00	368.00
29449	72.50	368.00
29451	72.40	364.00
29453	73.40	370.00
29456	73.30	370.00
29458	73.00	368.00
29460	72.40	364.00
29463	72.30	368.00
29465	73.20	368.00
29467	72.80	370.00
29469	72.80	368.00
29472	72.70	368.00
29474	72.90	368.00
29476	72.80	368.00
29479	73.30	370.00
29481	72.70	368.00
29483	72.80	368.00
29485	73.30	370.00
29488	73.40	370.00
29490	73.60	370.00
29492	72.70	368.00
29495	72.60	368.00
29497	73.20	368.00
29499	73.20	370.00
29501	72.80	368.00
29504	72.60	368.00
29506	73.10	370.00
29508	73.00	368.00
29511	72.90	368.00
29513	72.90	368.00
29515	72.50	368.00
29518	73.30	370.00
29520	73.10	368.00
29522	72.90	368.00
29524	72.90	368.00
29527	72.50	368.00
29529	73.30	368.00
29531	73.10	370.00
29534	72.50	368.00
29536	72.70	368.00
29538	73.10	368.00
29540	73.10	368.00
29543	73.30	370.00
29545	72.60	368.00
29547	72.50	368.00
29550	72.70	390.00
29552	86.40	436.00
29554	85.00	432.00
29556	85.60	430.00
29559	85.50	432.00
29561	85.70	432.00
29563	85.90	432.00
29566	85.70	432.00
29568	85.60	432.00
29570	85.50	430.00
29573	85.70	432.00
29575	85.20	430.00
29577	85.90	432.00
29579	85.90	432.00
29582	86.00	432.00
29584	85.50	432.00
29586	85.80	432.00
29589	86.00	432.00
29591	85.90	432.00
29593	85.50	430.00
29595	85.50	430.00
29598	85.80	432.00
29600	85.80	432.00
29602	85.60	432.00
29605	85.50	430.00
29607	85.70	432.00
29609	85.80	432.00
29611	85.90	432.00
29614	85.90	432.00
29616	85.60	432.00
29618	85.80	432.00
29621	85.70	432.00
29623	85.70	432.00
29625	85.90	432.00
29628	85.60	432.00
29630	85.80	432.00
29632	85.80	432.00
29634	85.50	430.00
29637	85.40	432.00
29639	86.30	452.00
29641	88.90	456.00
29644	89.70	458.00
29646	91.20	458.00
29648	91.50	462.00
29650	91.60	462.00
29653	92.00	462.00
29655	91.90	462.00
29657	91.60	462.00
29660	91.20	458.00
29662	90.80	456.00
29664	90.20	456.00
29666	88.20	442.00
29669	88.30	404.00
29671	80.10	370.00
29673	73.30	368.00
29676	72.70	368.00
29678	72.90	368.00
29680	73.00	368.00
29683	73.20	370.00
29685	72.80	368.00
29687	72.80	368.00
29689	73.30	370.00
29692	73.50	370.00
29694	73.20	364.00
29696	72.90	368.00
29699	72.70	368.00
29701	73.10	368.00
29703	73.00	370.00
29705	72.60	368.00
29708	72.50	368.00
29710	72.80	368.00
29712	73.10	368.00
29715	72.60	368.00
29717	72.60	368.00
29719	72.70	368.00
29721	72.90	368.00
29724	73.20	370.00
29726	73.20	370.00
29728	72.70	368.00
29731	72.50	368.00
29733	72.90	368.00
29735	73.20	370.00
29738	73.00	368.00
29740	72.40	364.00
29742	72.80	368.00
29744	73.30	370.00
29747	73.30	370.00
29749	72.70	368.00
29751	72.60	368.00
29754	72.70	370.00
29756	73.30	370.00
29758	73.30	370.00
29760	72.70	368.00
29763	72.30	364.00
29765	73.40	370.00
29767	73.10	368.00
29770	73.10	370.00
29772	72.50	368.00
29774	72.40	364.00
29776	73.30	370.00
29779	73.20	370.00
29781	73.50	368.00
29783	72.70	368.00
29786	72.30	368.00
29788	73.10	370.00
29790	73.20	370.00
29793	72.60	368.00
29795	72.50	368.00
29797	73.00	368.00
29799	73.20	370.00
29802	73.00	368.00
29804	72.70	368.00
29806	72.70	368.00
29809	73.10	370.00
29811	73.20	368.00
29813	73.30	368.00
29815	72.30	368.00
29818	72.70	368.00
29820	72.70	368.00
29822	73.20	370.00
29825	72.90	368.00
29827	72.70	368.00
29829	73.20	370.00
29831	73.40	370.00
29834	72.80	368.00
29836	72.70	368.00
29838	72.70	368.00
29841	73.40	368.00
29843	73.10	368.00
29845	73.40	368.00
29848	72.80	368.00
29850	72.70	368.00
29852	73.10	368.00
29854	72.60	368.00
29857	72.70	368.00
29859	72.50	368.00
29861	72.70	368.00
29864	73.00	368.00
29866	73.30	370.00
29868	72.70	368.00
29870	72.50	368.00
29873	72.50	368.00
29875	72.80	368.00
29877	73.10	370.00
29880	72.70	368.00
29882	72.80	368.00
29884	73.20	370.00
29886	73.00	368.00
29889	72.50	368.00
29891	72.80	368.00
29893	72.70	368.00
29896	73.30	370.00
29898	73.40	370.00
29900	72.60	368.00
29903	72.80	368.00
29905	72.80	368.00
29907	73.30	368.00
29909	72.60	368.00
29912	73.00	368.00
29914	72.50	368.00
29916	73.30	370.00
29919	73.40	370.00
29921	73.30	370.00
29923	72.60	368.00
29925	72.40	370.00
29928	73.10	370.00
29930	73.00	370.00
29932	73.20	368.00
29935	72.50	368.00
29937	73.00	368.00
29939	73.10	370.00
29941	73.60	370.00
29944	72.70	368.00
29946	72.70	368.00
29948	73.20	370.00
29951	73.20	370.00
29953	73.20	370.00
29955	72.70	368.00
29958	72.90	368.00
29960	72.90	370.00
29962	72.90	370.00
29964	73.20	370.00
29967	72.80	368.00
29969	73.20	370.00
29971	73.30	370.00
29974	72.90	368.00
29976	72.80	368.00
29978	73.10	370.00
29980	73.20	370.00
29983	73.20	370.00
29985	73.20	364.00
29987	73.00	368.00
29990	72.40	368.00
29992	73.40	368.00
29994	72.90	368.00
29996	72.60	368.00
29999	72.60	368.00
30001	72.70	368.00
30003	73.30	370.00
30006	73.30	370.00
30008	72.70	368.00
30010	72.70	368.00
30013	73.00	368.00
30015	73.20	370.00
30017	73.30	368.00
30019	72.50	368.00
30022	72.60	368.00
30024	73.30	370.00
30026	73.10	370.00
30029	73.10	370.00
30031	73.10	368.00
30033	72.60	368.00
30035	73.50	370.00
30038	73.40	370.00
30040	72.60	368.00
30042	72.70	368.00
30045	72.80	368.00
30047	73.10	368.00
30049	73.00	368.00
30051	72.80	368.00
30054	72.70	368.00
30056	73.20	370.00
30058	73.20	370.00
30061	73.10	370.00
30063	72.90	368.00
30065	72.80	368.00
30068	73.30	370.00
30070	73.30	370.00
30072	72.80	368.00
30074	72.60	368.00
30077	72.50	370.00
30079	72.80	370.00
30081	73.10	370.00
30084	72.50	368.00
30086	72.90	368.00
30088	73.50	370.00
30090	73.30	370.00
30093	73.50	370.00
30095	72.70	368.00
30097	72.80	368.00
30100	72.60	368.00
30102	73.10	370.00
30104	73.50	368.00
30106	72.70	368.00
30109	72.80	368.00
30111	73.10	370.00
30113	72.70	368.00
30116	72.90	368.00
30118	72.90	368.00
30120	73.30	370.00
30123	73.30	370.00
30125	73.10	368.00
30127	72.90	368.00
30129	72.70	368.00
30132	73.20	368.00
30134	73.20	370.00
30136	72.70	368.00
30139	72.80	368.00
30141	72.90	368.00
30143	73.10	370.00
30145	73.20	370.00
30148	72.50	368.00
30150	72.50	368.00
30152	73.20	370.00
30155	73.00	368.00
30157	73.50	370.00
30159	72.50	368.00
30161	72.70	368.00
30164	73.20	370.00
30166	73.30	370.00
30168	73.40	368.00
30171	72.80	368.00
30173	73.10	370.00
30175	73.40	370.00
30178	73.40	370.00
30180	72.70	368.00
30182	72.70	368.00
30184	72.80	368.00
30187	73.50	370.00
30189	73.20	368.00
30191	72.50	368.00
30194	72.90	368.00
30196	73.50	370.00
30198	73.60	370.00
30200	72.90	368.00
30203	72.70	368.00
30205	72.90	368.00
30207	73.10	370.00
30210	73.20	370.00
30212	72.90	368.00
30214	72.80	368.00
30216	72.40	370.00
30219	73.50	370.00
30221	72.80	370.00
30223	72.80	368.00
30226	72.60	368.00
30228	73.50	370.00
30230	73.30	370.00
30233	73.30	370.00
30235	72.40	364.00
30237	72.70	368.00
30239	72.90	368.00
30242	73.10	370.00
30244	73.50	370.00
30246	72.60	368.00
30249	72.50	370.00
30251	73.40	370.00
30253	73.10	368.00
30255	72.70	368.00
30258	72.80	368.00
30260	73.20	370.00
30262	73.10	370.00
30265	73.20	370.00
30267	72.80	368.00
30269	72.80	368.00
30271	73.00	368.00
30274	73.40	370.00
30276	73.00	364.00
30278	73.10	368.00
30281	72.60	368.00
30283	73.20	370.00
30285	73.00	370.00
30288	72.30	364.00
30290	72.80	368.00
30292	72.70	368.00
30294	73.00	368.00
30297	73.20	370.00
30299	72.70	368.00
30301	72.70	368.00
30304	73.40	370.00
30306	73.10	368.00
30308	73.30	368.00
30310	72.70	368.00
30313	72.30	368.00
30315	73.50	370.00
30317	73.50	370.00
30320	72.70	368.00
30322	73.00	368.00
30324	72.90	368.00
30326	73.30	370.00
30329	73.20	370.00
30331	72.90	368.00
30333	72.90	368.00
30336	73.20	370.00
30338	73.30	370.00
30340	73.20	368.00
30343	72.90	368.00
30345	72.60	368.00
30347	73.30	370.00
30349	73.00	368.00
30352	72.90	368.00
30354	72.70	368.00
30356	72.40	364.00
30359	73.30	370.00
30361	72.80	370.00
30363	72.70	368.00
30365	72.60	368.00
30368	72.60	370.00
30370	73.60	370.00
30372	73.20	370.00
30375	72.90	368.00
30377	72.90	368.00
30379	72.80	368.00
30381	73.10	368.00
30384	73.10	370.00
30386	72.50	368.00
30388	72.80	368.00
30391	73.00	370.00
30393	73.20	368.00
30395	73.10	368.00
30398	72.70	368.00
30400	72.70	368.00
30402	73.30	370.00
30404	73.20	370.00
30407	73.00	368.00
30409	72.80	368.00
30411	73.40	370.00
30414	73.10	370.00
30416	73.10	370.00
30418	73.10	370.00
30420	72.90	368.00
30423	73.20	370.00
30425	73.30	370.00
30427	73.10	368.00
30430	72.70	368.00
30432	73.20	370.00
30434	73.00	368.00
30436	73.40	370.00
30439	72.80	368.00
30441	72.90	368.00
30443	73.10	370.00
30446	72.80	368.00
30448	73.10	370.00
30450	72.90	368.00
30453	72.70	368.00
30455	73.30	368.00
30457	73.20	370.00
30459	73.50	368.00
30462	72.70	368.00
30464	72.80	368.00
30466	73.10	370.00
30469	73.30	370.00
30471	72.70	368.00
30473	72.80	368.00
30475	73.20	370.00
30478	73.20	370.00
30480	72.90	370.00
30482	72.90	368.00
30485	72.50	368.00
30487	73.40	370.00
30489	73.00	368.00
30491	73.10	368.00
30494	72.60	368.00
30496	72.70	368.00
30498	73.00	368.00
30501	73.40	370.00
30503	72.80	368.00
30505	72.60	368.00
30508	72.70	370.00
30510	73.30	370.00
30512	73.20	370.00
30514	72.60	368.00
30517	72.70	368.00
30519	72.80	368.00
30521	73.30	370.00
30524	73.30	370.00
30526	72.70	368.00
30528	72.70	368.00
30530	73.00	368.00
30533	73.00	368.00
30535	73.00	368.00
30537	72.70	368.00
30540	73.00	368.00
30542	73.30	370.00
30544	73.40	370.00
30546	72.60	368.00
30549	72.70	368.00
30551	73.40	370.00
30553	73.30	370.00
30556	72.90	368.00
30558	72.70	368.00
30560	72.80	368.00
30563	73.40	370.00
30565	73.30	370.00
30567	73.10	368.00
30569	72.70	368.00
30572	72.70	370.00
30574	73.30	370.00
30576	73.50	370.00
30579	72.90	368.00
30581	72.50	368.00
30583	73.40	370.00
30585	73.10	370.00
30588	72.80	368.00
30590	72.70	368.00
30592	73.20	370.00
30595	73.40	370.00
30597	73.10	370.00
30599	73.30	368.00
30601	72.80	368.00
30604	72.60	368.00
30606	73.30	370.00
30608	73.20	370.00
30611	72.70	368.00
30613	72.70	368.00
30615	72.90	368.00
30618	73.30	370.00
30620	72.90	368.00
30622	72.70	368.00
30624	72.90	368.00
30627	73.10	370.00
30629	73.30	370.00
30631	73.20	368.00
30634	72.50	368.00
30636	72.50	368.00
30638	87.50	440.00
30640	85.10	430.00
30643	85.70	432.00
30645	85.80	432.00
30647	86.00	432.00
30650	85.60	430.00
30652	85.70	432.00
30654	85.90	432.00
30656	85.70	430.00
30659	85.80	432.00
30661	85.90	432.00
30663	86.00	432.00
30666	85.70	432.00
30668	86.00	432.00
30670	86.00	432.00
30673	85.80	432.00
30675	86.20	432.00
30677	85.90	432.00
30679	86.10	432.00
30682	85.80	430.00
30684	85.90	430.00
30686	85.80	432.00
30689	86.00	432.00
30691	85.90	432.00
30693	85.70	432.00
30695	85.90	432.00
30698	86.30	436.00
30700	85.80	432.00
30702	86.00	432.00
30705	86.00	432.00
30707	85.70	432.00
30709	86.00	432.00
30711	86.00	432.00
30714	85.70	432.00
30716	86.00	432.00
30718	85.90	432.00
30721	86.10	432.00
30723	86.10	432.00
30725	85.70	432.00
30728	89.80	452.00
30730	90.40	456.00
30732	90.70	456.00
30734	91.50	462.00
30737	91.50	462.00
30739	91.50	462.00
30741	92.10	462.00
30744	92.10	462.00
30746	91.90	458.00
30748	91.00	458.00
30750	90.10	452.00
30753	88.10	442.00
30755	90.80	458.00
30757	80.00	404.00
30760	73.30	370.00
30762	72.60	368.00
30764	72.70	368.00
30766	73.10	368.00
30769	73.10	370.00
30771	73.00	368.00
30773	72.50	368.00
30776	72.40	368.00
30778	73.30	370.00
30780	73.40	370.00
30783	72.60	368.00
30785	72.80	368.00
30787	72.70	368.00
30789	73.10	370.00
30792	73.50	370.00
30794	72.50	368.00
30796	72.90	368.00
30799	73.10	370.00
30801	73.10	370.00
30803	73.40	368.00
30805	72.70	368.00
30808	72.70	368.00
30810	73.50	370.00
30812	73.20	370.00
30815	73.20	370.00
30817	72.50	368.00
30819	72.70	368.00
30821	72.90	368.00
30824	73.30	370.00
30826	72.90	368.00
30828	72.60	368.00
30831	72.70	368.00
30833	73.30	370.00
30835	73.10	370.00
30838	72.90	368.00
30840	72.90	368.00
30842	73.40	370.00
30844	73.10	368.00
30847	73.40	370.00
30849	72.70	368.00
30851	72.80	368.00
30854	73.30	370.00
30856	73.20	370.00
30858	72.90	368.00
30860	72.60	368.00
30863	72.90	370.00
30865	73.30	370.00
30867	73.20	370.00
30870	73.10	370.00
30872	72.90	368.00
30874	73.50	370.00
30876	73.40	370.00
30879	73.20	370.00
30881	73.00	368.00
30883	72.90	368.00
30886	73.30	370.00
30888	73.40	370.00
30890	73.00	368.00
30893	72.80	368.00
30895	72.70	370.00
30897	73.30	370.00
30899	73.50	370.00
30902	72.60	368.00
30904	72.90	368.00
30906	73.00	368.00
30909	73.20	370.00
30911	73.70	370.00
30913	72.70	368.00
30915	73.10	368.00
30918	73.40	370.00
30920	73.30	370.00
30922	73.00	368.00
30925	72.60	368.00
30927	72.80	368.00
30929	73.40	370.00
30931	73.60	370.00
30934	72.70	368.00
30936	72.70	368.00
30938	72.60	368.00
30941	73.30	370.00
30943	72.90	368.00
30945	72.90	368.00
30948	72.90	368.00
30950	73.20	370.00
30952	73.30	370.00
30954	73.30	370.00
30957	72.70	368.00
30959	72.70	368.00
30961	73.50	370.00
30964	73.40	370.00
30966	72.50	368.00
30968	72.60	368.00
30970	72.80	370.00
30973	73.10	368.00
30975	73.40	370.00
30977	72.80	368.00
30980	72.30	368.00
30982	72.80	370.00
30984	73.40	370.00
30986	73.30	370.00
30989	73.00	368.00
30991	72.90	368.00
30993	73.10	370.00
30996	73.10	370.00
30998	73.30	370.00
31000	72.60	368.00
31003	72.90	368.00
31005	73.40	370.00
31007	73.30	370.00
31009	72.70	368.00
31012	72.90	368.00
31014	73.70	370.00
31016	73.40	370.00
31019	73.30	370.00
31021	73.00	368.00
31023	72.90	368.00
31025	72.80	368.00
31028	73.40	370.00
31030	72.90	368.00
31032	72.80	368.00
31035	72.70	370.00
31037	73.40	370.00
31039	73.20	368.00
31041	72.60	368.00
31044	73.00	368.00
31046	73.40	370.00
31048	73.30	370.00
31051	73.30	370.00
31053	72.80	368.00
31055	72.60	368.00
31058	73.10	370.00
31060	73.20	368.00
31062	73.10	368.00
31064	72.60	368.00
31067	72.70	368.00
31069	73.30	370.00
31071	73.30	370.00
31074	73.00	368.00
31076	72.70	368.00
31078	73.20	370.00
31080	73.50	370.00
31083	73.20	370.00
31085	72.90	368.00
31087	72.80	368.00
31090	73.20	370.00
31092	73.40	368.00
31094	73.50	370.00
31096	72.90	368.00
31099	72.70	368.00
31101	73.00	368.00
31103	73.30	370.00
31106	72.90	368.00
31108	72.80	368.00
31110	72.70	368.00
31113	73.40	370.00
31115	72.90	368.00
31117	73.20	368.00
31119	72.70	368.00
31122	72.50	370.00
31124	73.60	370.00
31126	73.70	370.00
31129	73.10	368.00
31131	72.90	368.00
31133	73.20	370.00
31135	73.20	370.00
31138	73.40	370.00
31140	72.70	368.00
31142	72.90	368.00
31145	73.30	370.00
31147	73.30	370.00
31149	73.10	368.00
31151	73.30	368.00
31154	73.00	370.00
31156	72.90	370.00
31158	73.40	370.00
31161	73.30	370.00
31163	72.70	368.00
31165	73.30	370.00
31168	72.90	368.00
31170	73.10	370.00
31172	73.00	368.00
31174	72.90	370.00
31177	73.50	370.00
31179	73.40	370.00
31181	73.60	368.00
31184	72.90	368.00
31186	73.00	368.00
31188	73.10	368.00
31190	73.30	370.00
31193	72.40	364.00
31195	73.00	368.00
31197	73.30	370.00
31200	73.40	370.00
31202	73.40	370.00
31204	72.60	368.00
31206	72.70	368.00
31209	73.20	370.00
31211	73.40	370.00
31213	73.30	368.00
31216	72.90	368.00
31218	72.90	368.00
31220	73.20	370.00
31223	73.20	370.00
31225	72.80	368.00
31227	73.10	370.00
31229	73.50	370.00
31232	73.60	370.00
31234	73.60	370.00
31236	72.80	368.00
31239	72.60	368.00
31241	73.10	370.00
31243	73.10	370.00
31245	73.10	368.00
31248	72.60	368.00
31250	72.90	368.00
31252	73.40	370.00
31255	73.20	370.00
31257	73.20	370.00
31259	73.20	370.00
31261	72.80	370.00
31264	73.20	370.00
31266	73.40	370.00
31268	72.80	368.00
31271	72.90	368.00
31273	73.00	368.00
31275	73.20	370.00
31278	72.90	368.00
31280	72.80	368.00
31282	72.90	368.00
31284	73.20	370.00
31287	73.20	370.00
31289	73.00	368.00
31291	72.60	368.00
31294	73.00	370.00
31296	73.20	370.00
31298	73.40	370.00
31300	72.60	368.00
31303	72.90	368.00
31305	73.30	370.00
31307	73.10	370.00
31310	73.40	370.00
31312	72.90	368.00
31314	72.80	368.00
31316	73.40	370.00
31319	73.30	370.00
31321	73.30	368.00
31323	73.20	368.00
31326	72.80	370.00
31328	73.30	370.00
31330	73.40	370.00
31333	72.90	368.00
31335	72.70	368.00
31337	73.50	370.00
31339	73.30	370.00
31342	73.20	370.00
31344	72.70	368.00
31346	73.00	368.00
31349	73.50	370.00
31351	73.70	370.00
31353	73.70	368.00
31355	72.60	368.00
31358	72.90	368.00
31360	72.80	368.00
31362	73.70	370.00
31365	72.60	368.00
31367	72.80	368.00
31369	73.40	370.00
31371	73.50	370.00
31374	73.30	370.00
31376	72.50	368.00
31378	72.70	368.00
31381	73.30	370.00
31383	73.30	370.00
31385	73.20	370.00
31388	72.70	368.00
31390	73.00	368.00
31392	73.40	370.00
31394	73.00	368.00
31397	72.80	368.00
31399	72.70	368.00
31401	72.70	368.00
31404	73.50	370.00
31406	73.20	370.00
31408	72.90	368.00
31410	72.90	368.00
31413	72.60	368.00
31415	73.30	370.00
31417	73.30	368.00
31420	72.60	368.00
31422	73.00	368.00
31424	73.60	370.00
31426	73.40	370.00
31429	72.80	368.00
31431	72.80	368.00
31433	72.70	368.00
31436	73.00	368.00
31438	73.00	370.00
31440	72.80	370.00
31443	72.80	368.00
31445	72.80	370.00
31447	73.20	370.00
31449	73.40	370.00
31452	73.00	368.00
31454	73.10	368.00
31456	73.50	370.00
31459	73.10	370.00
31461	73.60	370.00
31463	72.90	368.00
31465	73.00	368.00
31468	72.90	368.00
31470	73.30	370.00
31472	73.20	368.00
31475	72.90	368.00
31477	73.30	370.00
31479	73.30	370.00
31481	73.20	370.00
31484	72.90	368.00
31486	72.80	368.00
31488	72.90	368.00
31491	73.20	370.00
31493	73.40	370.00
31495	72.60	368.00
31498	72.70	368.00
31500	73.30	368.00
31502	73.10	370.00
31504	72.80	368.00
31507	72.70	368.00
31509	73.50	370.00
31511	73.50	370.00
31514	73.20	370.00
31516	72.80	368.00
31518	72.90	368.00
31520	72.70	368.00
31523	73.30	368.00
31525	73.50	368.00
31527	72.90	368.00
31530	73.10	368.00
31532	73.00	370.00
31534	73.10	370.00
31536	73.00	368.00
31539	72.60	368.00
31541	72.70	368.00
31543	73.50	370.00
31546	73.40	370.00
31548	72.80	368.00
31550	72.80	368.00
31553	72.70	370.00
31555	73.40	370.00
31557	73.30	370.00
31559	72.60	368.00
31562	73.00	368.00
31564	73.30	370.00
31566	73.30	370.00
31569	72.60	368.00
31571	72.90	368.00
31573	72.50	368.00
31575	73.50	370.00
31578	73.30	370.00
31580	72.50	368.00
31582	72.50	368.00
31585	72.50	370.00
31587	73.00	370.00
31589	72.90	368.00
31591	72.70	368.00
31594	72.60	368.00
31596	73.50	370.00
31598	73.70	370.00
31601	73.50	370.00
31603	73.00	368.00
31605	72.70	368.00
31608	73.40	370.00
31610	73.40	370.00
31612	73.20	368.00
31614	72.90	370.00
31617	73.10	370.00
31619	73.30	368.00
31621	73.30	370.00
31624	72.60	368.00
31626	72.70	368.00
31628	73.40	370.00
31630	73.30	370.00
31633	73.30	370.00
31635	72.60	368.00
31637	72.70	368.00
31640	73.50	370.00
31642	73.20	370.00
31644	73.40	368.00
31646	72.40	370.00
31649	72.70	370.00
31651	73.40	370.00
31653	73.40	370.00
31656	72.60	368.00
31658	73.20	370.00
31660	73.50	370.00
31663	73.10	370.00
31665	73.40	370.00
31667	72.80	368.00
31669	72.90	368.00
31672	73.20	370.00
31674	73.60	370.00
31676	73.10	368.00
31679	72.60	368.00
31681	73.00	368.00
31683	73.40	370.00
31685	73.10	368.00
31688	72.60	368.00
31690	72.50	368.00
31692	72.60	368.00
31695	73.50	370.00
31697	73.40	370.00
31699	72.70	368.00
31701	72.90	368.00
31704	73.20	370.00
31706	73.30	370.00
31708	73.30	370.00
31711	72.90	368.00
31713	72.90	368.00
31715	73.40	370.00
31718	73.60	370.00
31720	72.50	368.00
31722	73.00	368.00
31724	72.60	368.00
31727	86.10	436.00
31729	85.30	430.00
31731	85.80	432.00
31734	85.60	432.00
31736	85.90	432.00
31738	85.90	432.00
31740	86.10	432.00
31743	86.20	432.00
31745	85.60	432.00
31747	85.90	432.00
31750	85.60	432.00
31752	85.90	432.00
31754	86.10	432.00
31756	86.30	432.00
31759	86.00	432.00
31761	85.80	432.00
31763	86.10	432.00
31766	85.80	436.00
31768	85.70	432.00
31770	85.90	432.00
31773	85.90	432.00
31775	86.10	432.00
31777	86.10	432.00
31779	85.80	432.00
31782	86.00	432.00
31784	85.80	432.00
31786	86.10	432.00
31789	85.90	432.00
31791	86.10	432.00
31793	85.90	436.00
31795	86.00	432.00
31798	86.30	436.00
31800	86.00	432.00
31802	86.00	432.00
31805	85.60	432.00
31807	86.00	432.00
31809	86.00	432.00
31811	85.70	432.00
31814	85.70	452.00
31816	88.90	456.00
31818	89.90	456.00
31821	91.50	458.00
31823	91.70	462.00
31825	91.70	462.00
31828	91.90	462.00
31830	91.60	462.00
31832	91.70	462.00
31834	91.00	458.00
31837	90.90	458.00
31839	90.00	452.00
31841	88.50	446.00
31844	90.30	422.00
31846	80.30	370.00
31848	73.60	370.00
31850	72.90	368.00
31853	72.50	368.00
31855	73.30	370.00
31857	73.60	370.00
31860	73.10	368.00
31862	72.90	368.00
31864	72.70	368.00
31866	73.50	370.00
31869	73.40	370.00
31871	73.10	368.00
31873	73.00	368.00
31876	72.90	370.00
31878	73.50	370.00
31880	73.50	370.00
31883	72.70	368.00
31885	72.90	368.00
31887	73.20	370.00
31889	73.30	370.00
31892	73.20	370.00
31894	72.40	364.00
31896	72.90	368.00
31899	73.30	370.00
31901	73.30	370.00
31903	72.60	368.00
31905	72.80	370.00
31908	72.90	370.00
31910	73.20	370.00
31912	73.20	370.00
31915	72.70	368.00
31917	73.00	368.00
31919	73.50	370.00
31921	73.70	370.00
31924	73.30	370.00
31926	72.50	368.00
31928	73.00	368.00
31931	73.50	370.00
31933	73.40	368.00
31935	73.30	368.00
31938	73.00	368.00
31940	73.10	370.00
31942	72.90	368.00
31944	73.30	370.00
31947	72.60	368.00
31949	72.90	368.00
31951	73.60	370.00
31954	73.60	370.00
31956	73.40	370.00
31958	72.80	370.00
31960	72.80	370.00
31963	73.20	370.00
31965	73.40	370.00
31967	73.30	368.00
31970	73.00	368.00
31972	73.20	370.00
31974	73.40	370.00
31976	73.20	370.00
31979	72.90	368.00
31981	73.10	368.00
31983	73.30	370.00
31986	73.40	370.00
31988	73.40	370.00
31990	72.60	368.00
31993	72.90	368.00
31995	73.00	370.00
31997	73.40	370.00
31999	72.80	368.00
32002	73.00	368.00
32004	72.70	368.00
32006	73.70	370.00
32009	73.40	370.00
32011	73.00	368.00
32013	72.80	368.00
32015	72.90	368.00
32018	73.50	370.00
32020	73.30	370.00
32022	72.90	368.00
32025	73.10	368.00
32027	73.20	370.00
32029	73.10	368.00
32031	73.30	370.00
32034	72.90	368.00
32036	72.80	368.00
32038	73.50	370.00
32041	73.20	370.00
32043	72.80	368.00
32045	72.80	368.00
32048	72.80	370.00
32050	73.20	370.00
32052	73.60	370.00
32054	72.60	368.00
32057	72.70	368.00
32059	73.40	370.00
32061	73.50	370.00
32064	73.50	370.00
32066	73.10	370.00
32068	73.10	370.00
32070	73.60	370.00
32073	73.40	370.00
32075	73.70	368.00
32077	73.30	368.00
32080	73.00	370.00
32082	73.10	368.00
32084	73.20	370.00
32086	72.80	368.00
32089	72.50	368.00
32091	73.20	370.00
32093	73.50	370.00
32096	73.30	370.00
32098	73.10	370.00
32100	72.50	368.00
32103	73.10	370.00
32105	73.30	370.00
32107	73.10	368.00
32109	72.70	368.00
32112	72.50	368.00
32114	73.20	370.00
32116	73.30	370.00
32119	72.90	368.00
32121	72.70	368.00
32123	73.40	370.00
32125	73.40	370.00
32128	73.40	370.00
32130	73.00	368.00
32132	73.10	370.00
32135	73.40	370.00
32137	73.40	370.00
32139	73.50	368.00
32141	72.80	368.00
32144	72.70	368.00
32146	73.40	370.00
32148	73.30	370.00
32151	72.80	368.00
32153	72.90	368.00
32155	72.80	368.00
32158	73.40	370.00
32160	73.30	370.00
32162	73.30	368.00
32164	72.80	368.00
32167	73.00	368.00
32169	73.10	370.00
32171	73.30	368.00
32174	73.00	368.00
32176	73.20	370.00
32178	73.50	370.00
32180	73.50	370.00
32183	72.70	368.00
32185	72.50	368.00
32187	72.90	368.00
32190	72.90	368.00
32192	73.50	370.00
32194	72.80	368.00
32196	72.90	368.00
32199	72.80	370.00
32201	73.20	370.00
32203	73.10	370.00
32206	73.20	370.00
32208	72.60	368.00
32210	73.50	370.00
32213	73.70	370.00
32215	73.30	370.00
32217	72.90	368.00
32219	72.90	368.00
32222	73.10	370.00
32224	73.30	368.00
32226	72.70	368.00
32229	73.10	368.00
32231	73.60	370.00
32233	73.10	370.00
32235	73.70	370.00
32238	72.80	368.00
32240	72.80	368.00
32242	73.10	370.00
32245	73.00	368.00
32247	73.20	370.00
32249	72.90	370.00
32251	72.80	370.00
32254	73.30	370.00
32256	73.30	370.00
32258	73.20	368.00
32261	72.70	368.00
32263	73.40	370.00
32265	73.20	370.00
32268	73.50	370.00
32270	72.70	368.00
32272	73.10	370.00
32274	73.20	370.00
32277	73.30	370.00
32279	73.40	368.00
32281	72.80	368.00
32284	72.50	368.00
32286	73.30	370.00
32288	73.40	370.00
32290	73.00	368.00
32293	72.90	368.00
32295	72.70	368.00
32297	73.20	370.00
32300	73.50	370.00
32302	73.10	368.00
32304	72.90	368.00
32306	73.10	370.00
32309	73.70	368.00
32311	72.90	368.00
32313	72.80	368.00
32316	73.20	368.00
32318	73.20	370.00
32320	73.60	370.00
32323	73.30	370.00
32325	72.90	368.00
32327	72.60	368.00
32329	73.50	370.00
32332	73.00	368.00
32334	72.70	368.00
32336	72.50	368.00
32339	72.80	370.00
32341	73.60	370.00
32343	73.20	370.00
32345	72.80	368.00
32348	73.30	370.00
32350	73.40	370.00
32352	73.40	370.00
32355	73.80	374.00
32357	72.80	368.00
32359	72.70	368.00
32361	73.20	370.00
32364	73.40	370.00
32366	73.10	368.00
32368	73.20	364.00
32371	73.10	370.00
32373	73.30	374.00
32375	73.60	368.00
32378	73.00	368.00
32380	72.60	368.00
32382	73.20	370.00
32384	73.30	370.00
32387	73.50	370.00
32389	73.30	370.00
32391	72.70	368.00
32394	73.50	370.00
32396	72.80	370.00
32398	73.20	368.00
32400	73.10	368.00
32403	73.00	370.00
32405	73.30	370.00
32407	73.50	370.00
32410	73.10	368.00
32412	72.90	368.00
32414	73.00	368.00
32416	73.30	370.00
32419	73.70	370.00
32421	72.70	368.00
32423	72.80	368.00
32426	73.40	370.00
32428	73.70	370.00
32430	73.40	370.00
32433	72.60	368.00
32435	72.80	368.00
32437	73.40	370.00
32439	73.30	370.00
32442	72.70	368.00
32444	73.10	370.00
32446	73.40	370.00
32449	73.10	370.00
32451	73.30	370.00
32453	73.10	368.00
32455	72.90	368.00
32458	73.50	370.00
32460	73.60	370.00
32462	73.40	368.00
32465	72.60	368.00
32467	72.90	368.00
32469	73.30	370.00
32471	73.40	370.00
32474	72.60	368.00
32476	72.50	368.00
32478	72.90	368.00
32481	73.10	370.00
32483	73.30	368.00
32485	73.10	368.00
32488	72.90	370.00
32490	73.00	370.00
32492	73.60	370.00
32494	73.60	370.00
32497	73.10	370.00
32499	73.10	368.00
32501	73.30	370.00
32504	73.40	370.00
32506	72.80	368.00
32508	72.90	368.00
32510	73.00	370.00
32513	73.50	370.00
32515	73.40	370.00
32517	72.90	368.00
32520	73.10	368.00
32522	72.80	368.00
32524	73.50	370.00
32526	73.40	370.00
32529	72.80	368.00
32531	72.70	368.00
32533	73.40	370.00
32536	73.20	370.00
32538	73.10	368.00
32540	72.70	368.00
32543	72.60	370.00
32545	73.30	370.00
32547	73.30	370.00
32549	73.40	368.00
32552	72.90	368.00
32554	73.20	370.00
32556	73.30	370.00
32559	73.10	370.00
32561	72.70	368.00
32563	72.80	368.00
32565	73.40	370.00
32568	73.40	370.00
32570	73.70	368.00
32572	72.80	368.00
32575	73.30	368.00
32577	73.00	374.00
32579	73.30	370.00
32581	73.30	370.00
32584	72.80	368.00
32586	72.80	368.00
32588	73.30	370.00
32591	73.30	370.00
32593	73.20	370.00
32595	72.70	368.00
32598	73.50	370.00
32600	73.40	370.00
32602	73.30	368.00
32604	72.70	368.00
32607	73.20	368.00
32609	73.00	368.00
32611	73.70	370.00
32614	72.70	368.00
32616	72.60	368.00
32618	72.90	368.00
32620	73.10	370.00
32623	72.80	368.00
32625	73.10	370.00
32627	72.80	368.00
32630	73.20	370.00
32632	73.40	370.00
32634	73.30	374.00
32636	72.80	368.00
32639	73.00	368.00
32641	73.50	370.00
32643	73.40	370.00
32646	73.00	368.00
32648	73.10	368.00
32650	72.70	368.00
32653	73.30	370.00
32655	73.50	370.00
32657	72.80	368.00
32659	72.80	368.00
32662	73.20	370.00
32664	73.60	370.00
32666	73.50	370.00
32669	72.90	368.00
32671	73.10	368.00
32673	73.50	370.00
32675	73.00	368.00
32678	73.30	370.00
32680	72.70	368.00
32682	72.80	368.00
32685	73.40	370.00
32687	73.10	370.00
32689	73.30	368.00
32691	72.70	368.00
32694	72.80	370.00
32696	73.30	370.00
32698	73.50	370.00
32701	72.90	368.00
32703	73.10	370.00
32705	73.30	370.00
32708	73.50	370.00
32710	73.30	370.00
32712	72.80	368.00
32714	73.10	368.00
32717	73.30	370.00
32719	73.50	370.00
32721	73.50	368.00
32724	72.80	368.00
32726	72.70	368.00
32728	73.40	370.00
32730	73.10	368.00
32733	72.60	368.00
32735	72.90	368.00
32737	73.40	370.00
32740	73.40	370.00
32742	73.30	370.00
32744	73.30	368.00
32746	73.00	368.00
32749	73.60	370.00
32751	73.60	370.00
32753	73.20	368.00
32756	72.80	368.00
32758	73.10	368.00
32760	72.90	368.00
32763	73.40	370.00
32765	72.60	368.00
32767	72.90	368.00
32769	73.30	370.00
32772	73.20	370.00
32774	73.60	370.00
32776	72.70	370.00
32779	72.90	368.00
32781	73.00	370.00
32783	73.30	370.00
32785	73.40	370.00
32788	73.20	370.00
32790	72.70	368.00
32792	73.40	370.00
32795	73.00	368.00
32797	73.10	370.00
32799	72.80	368.00
32801	72.90	370.00
32804	73.60	370.00
32806	73.20	370.00
32808	72.80	368.00
32811	73.10	368.00
32813	83.00	420.00
32815	85.20	430.00
32818	85.50	430.00
32820	85.80	432.00
32822	85.80	432.00
32824	85.80	432.00
32827	86.00	432.00
32829	85.90	432.00
32831	85.80	432.00
32834	85.90	432.00
32836	85.90	432.00
32838	85.70	432.00
32840	86.20	432.00
32843	86.10	432.00
32845	86.20	432.00
32847	86.10	432.00
32850	85.90	432.00
32852	85.80	432.00
32854	86.00	432.00
32856	85.90	432.00
32859	85.90	432.00
32861	85.70	432.00
32863	86.00	432.00
32866	85.60	436.00
32868	86.30	432.00
32870	86.00	432.00
32873	86.00	432.00
32875	86.10	432.00
32877	86.10	432.00
32879	85.90	432.00
32882	86.10	432.00
32884	86.30	436.00
32886	86.30	436.00
32889	85.80	432.00
32891	85.90	432.00
32893	85.80	432.00
32895	85.90	432.00
32898	85.70	432.00
32900	86.20	432.00
32902	90.30	456.00
32905	90.70	456.00
32907	91.70	462.00
32909	92.00	462.00
32911	91.90	462.00
32914	92.10	462.00
32916	92.20	466.00
32918	92.10	466.00
32921	92.00	462.00
32923	91.70	458.00
32925	90.40	456.00
32928	88.50	446.00
32930	89.60	452.00
32932	77.70	394.00
32934	73.90	374.00
32937	73.20	370.00
32939	72.50	368.00
32941	72.80	368.00
32944	73.10	370.00
32946	73.40	370.00
32948	72.50	368.00
32950	72.80	368.00
32953	73.00	370.00
32955	73.40	370.00
32957	73.60	370.00
32960	72.90	368.00
32962	73.10	370.00
32964	73.50	370.00
32966	73.50	370.00
32969	73.70	370.00
32971	73.00	368.00
32973	73.10	370.00
32976	73.20	368.00
32978	73.30	370.00
32980	73.10	368.00
32983	72.90	368.00
32985	72.90	370.00
32987	73.60	370.00
32989	73.40	370.00
32992	73.00	368.00
32994	72.80	368.00
32996	73.00	368.00
32999	73.20	370.00
33001	73.40	370.00
33003	72.70	370.00
33005	72.70	368.00
33008	73.40	368.00
33010	73.40	370.00
33012	73.20	368.00
33015	72.90	368.00
33017	73.30	370.00
33019	73.50	370.00
33021	73.80	374.00
33024	72.80	368.00
33026	72.90	368.00
33028	73.40	370.00
33031	73.30	370.00
33033	73.70	368.00
33035	72.90	368.00
33038	72.90	368.00
33040	73.50	370.00
33042	73.30	370.00
33044	73.20	370.00
33047	72.80	368.00
33049	73.20	370.00
33051	73.30	370.00
33054	73.40	370.00
33056	73.10	370.00
33058	72.90	368.00
33060	73.10	370.00
33063	73.30	370.00
33065	73.40	368.00
33067	72.90	368.00
33070	73.00	368.00
33072	73.40	370.00
33074	73.30	370.00
33076	72.90	368.00
33079	73.00	368.00
33081	72.90	368.00
33083	73.40	370.00
33086	73.30	370.00
33088	72.70	368.00
33090	72.80	368.00
33093	73.00	370.00
33095	73.00	370.00
33097	73.50	368.00
33099	73.00	368.00
33102	72.80	368.00
33104	73.40	370.00
33106	73.50	370.00
33109	73.50	370.00
33111	73.00	368.00
33113	72.80	368.00
33115	73.40	370.00
33118	73.20	370.00
33120	73.00	368.00
33122	73.00	370.00
33125	73.00	370.00
33127	73.60	370.00
33129	72.90	368.00
33131	72.90	368.00
33134	72.90	368.00
33136	73.40	370.00
33138	73.40	370.00
33141	73.30	370.00
33143	72.90	368.00
33145	72.70	368.00
33148	73.10	370.00
33150	73.40	368.00
33152	72.90	368.00
33154	72.90	370.00
33157	73.10	370.00
33159	73.30	370.00
33161	73.40	370.00
33164	73.10	370.00
33166	72.90	368.00
33168	79.80	404.00
33170	73.40	370.00
33173	73.20	370.00
33175	72.90	368.00
33177	73.00	368.00
33180	73.40	368.00
33182	73.20	370.00
33184	73.30	368.00
33186	73.20	368.00
33189	73.20	368.00
33191	73.50	370.00
33193	73.60	370.00
33196	72.80	368.00
33198	72.70	368.00
33200	73.10	368.00
33203	73.20	370.00
33205	73.40	370.00
33207	73.10	368.00
33209	72.90	368.00
33212	73.40	370.00
33214	73.30	370.00
33216	72.90	370.00
33219	72.90	368.00
33221	72.50	368.00
33223	73.50	370.00
33225	73.70	370.00
33228	72.90	368.00
33230	72.70	368.00
33232	73.00	368.00
33235	73.30	370.00
33237	73.60	370.00
33239	72.80	368.00
33241	72.90	368.00
33244	73.30	370.00
33246	73.30	370.00
33248	73.50	370.00
33251	73.20	370.00
33253	72.60	368.00
33255	73.10	370.00
33258	73.10	370.00
33260	73.00	368.00
33262	72.90	368.00
33264	72.80	368.00
33267	73.30	370.00
33269	73.20	370.00
33271	72.90	368.00
33274	72.80	368.00
33276	73.40	370.00
33278	73.50	370.00
33280	73.60	370.00
33283	72.80	368.00
33285	73.00	368.00
33287	72.80	368.00
33290	73.20	370.00
33292	72.90	368.00
33294	72.80	368.00
33296	73.10	370.00
33299	73.30	370.00
33301	73.40	370.00
33303	73.20	368.00
33306	73.10	368.00
33308	73.10	370.00
33310	73.20	370.00
33313	73.30	370.00
33315	72.90	368.00
33317	73.20	370.00
33319	73.40	370.00
33322	73.20	370.00
33324	73.30	368.00
33326	72.70	368.00
33329	72.90	368.00
33331	73.10	370.00
33333	73.40	370.00
33335	73.10	368.00
33338	72.80	368.00
33340	72.70	368.00
33342	73.30	370.00
33345	73.40	370.00
33347	72.90	368.00
33349	72.80	368.00
33351	73.40	370.00
33354	73.60	370.00
33356	73.30	368.00
33358	73.10	368.00
33361	73.00	368.00
33363	73.20	370.00
33365	73.50	370.00
33368	72.70	368.00
33370	72.70	368.00
33372	72.80	368.00
33374	73.00	368.00
33377	73.40	370.00
33379	72.70	368.00
33381	72.90	368.00
33384	73.40	370.00
33386	73.40	370.00
33388	73.50	370.00
33390	72.60	370.00
33393	72.70	368.00
33395	73.10	370.00
33397	73.30	370.00
33400	73.10	370.00
33402	73.30	370.00
33404	72.80	368.00
33406	73.40	370.00
33409	73.30	370.00
33411	72.70	368.00
33413	73.10	368.00
33416	72.80	370.00
33418	73.50	370.00
33420	73.30	370.00
33423	72.60	368.00
33425	72.70	368.00
33427	73.10	370.00
33429	73.20	370.00
33432	72.90	368.00
33434	72.90	368.00
33436	72.70	368.00
33439	73.20	370.00
33441	73.20	370.00
33443	73.30	368.00
33445	72.70	368.00
33448	72.90	370.00
33450	73.70	370.00
33452	73.40	370.00
33455	72.90	368.00
33457	73.20	370.00
33459	73.50	370.00
33461	73.20	370.00
33464	63.80	322.00
33466	63.40	322.00
33468	63.50	322.00
33471	63.70	322.00
33473	63.60	390.00
33475	73.40	370.00
33478	72.50	370.00
33480	73.30	370.00
33482	73.30	370.00
33484	73.40	370.00
33487	72.60	368.00
33489	73.40	370.00
33491	73.50	370.00
33494	73.60	370.00
33496	73.40	370.00
33498	72.70	368.00
33500	73.20	368.00
33503	73.10	368.00
33505	73.50	370.00
33507	73.00	368.00
33510	72.40	364.00
33512	72.60	368.00
33514	73.60	370.00
33516	73.60	370.00
33519	72.70	368.00
33521	72.80	368.00
33523	72.70	368.00
33526	73.50	370.00
33528	73.30	370.00
33530	72.90	368.00
33533	72.80	368.00
33535	73.40	370.00
33537	73.20	370.00
33539	73.10	370.00
33542	72.90	368.00
33544	73.00	368.00
33546	73.50	370.00
33549	73.50	370.00
33551	72.80	368.00
33553	72.90	368.00
33555	73.10	370.00
33558	73.30	368.00
33560	73.10	370.00
33562	72.80	368.00
33565	72.70	368.00
33567	73.60	370.00
33569	73.30	370.00
33571	73.40	370.00
33574	72.80	368.00
33576	72.70	368.00
33578	73.30	370.00
33581	73.50	370.00
33583	73.10	368.00
33585	73.00	368.00
33588	72.90	370.00
33590	73.40	368.00
33592	73.30	370.00
33594	72.80	368.00
33597	72.70	368.00
33599	73.20	370.00
33601	73.30	370.00
33604	73.60	370.00
33606	72.50	368.00
33608	72.80	368.00
33610	73.10	370.00
33613	73.30	370.00
33615	73.60	370.00
33617	72.90	368.00
33620	72.70	370.00
33622	73.00	370.00
33624	73.50	370.00
33626	72.80	368.00
33629	72.80	368.00
33631	73.40	370.00
33633	73.40	370.00
33636	73.60	370.00
33638	73.00	368.00
33640	72.90	368.00
33643	72.90	370.00
33645	73.30	370.00
33647	73.20	368.00
33649	72.80	368.00
33652	72.80	368.00
33654	73.50	370.00
33656	73.30	370.00
33659	72.80	368.00
33661	72.70	368.00
33663	72.70	368.00
33665	73.30	370.00
33668	73.30	370.00
33670	72.80	368.00
33672	72.80	368.00
33675	73.40	370.00
33677	73.20	370.00
33679	73.10	368.00
33681	72.80	368.00
33684	72.80	368.00
33686	73.30	370.00
33688	73.50	370.00
33691	72.60	368.00
33693	73.00	368.00
33695	72.90	368.00
33698	73.20	370.00
33700	73.40	370.00
33702	72.70	370.00
33704	73.00	368.00
33707	73.20	370.00
33709	73.50	370.00
33711	73.10	368.00
33714	73.10	370.00
33716	73.00	368.00
33718	73.40	370.00
33720	73.40	370.00
33723	73.10	370.00
33725	73.20	370.00
33727	73.00	368.00
33730	73.50	370.00
33732	73.40	370.00
33734	73.00	368.00
33736	73.10	368.00
33739	73.00	370.00
33741	73.40	370.00
33743	73.50	370.00
33746	72.90	368.00
33748	73.10	368.00
33750	73.20	370.00
33753	73.10	370.00
33755	73.60	370.00
33757	72.50	368.00
33759	72.80	368.00
33762	73.40	370.00
33764	73.00	370.00
33766	73.30	368.00
33769	72.70	368.00
33771	73.50	370.00
33773	73.40	370.00
33775	73.50	370.00
33778	72.70	368.00
33780	72.90	368.00
33782	73.30	370.00
33785	73.40	370.00
33787	73.00	368.00
33789	73.00	368.00
33791	73.10	368.00
33794	73.60	370.00
33796	73.50	370.00
33798	72.90	368.00
33801	72.50	368.00
33803	73.10	368.00
33805	73.60	370.00
33808	73.20	370.00
33810	72.90	368.00
33812	72.70	368.00
33814	73.20	370.00
33817	73.30	370.00
33819	73.20	368.00
33821	72.90	368.00
33824	72.60	370.00
33826	73.60	370.00
33828	73.40	370.00
33830	72.90	368.00
33833	72.80	368.00
33835	73.20	370.00
33837	73.40	370.00
33840	73.30	370.00
33842	72.80	368.00
33844	73.20	370.00
33846	73.10	370.00
33849	72.90	370.00
33851	73.40	370.00
33853	72.90	368.00
33856	72.90	368.00
33858	73.70	370.00
33860	73.60	370.00
33863	73.30	370.00
33865	72.60	368.00
33867	72.60	368.00
33869	73.60	370.00
33872	73.40	370.00
33874	73.00	368.00
33876	72.90	368.00
33879	72.90	370.00
33881	73.60	370.00
33883	73.10	370.00
33885	72.50	368.00
33888	73.10	368.00
33890	73.10	368.00
33892	73.50	370.00
33895	73.70	370.00
33897	72.50	368.00
33899	72.90	368.00
33901	85.30	430.00
33904	85.00	430.00
33906	85.50	432.00
33908	85.80	432.00
33911	86.10	432.00
33913	85.90	432.00
33915	85.80	432.00
33918	85.90	432.00
33920	85.60	432.00
33922	86.00	432.00
33924	85.90	432.00
33927	86.10	432.00
33929	85.90	432.00
33931	85.80	432.00
33934	86.50	432.00
33936	85.90	432.00
33938	86.10	432.00
33940	86.20	436.00
33943	86.40	432.00
33945	86.10	432.00
33947	85.90	432.00
33950	85.90	432.00
33952	86.50	436.00
33954	86.40	436.00
33956	86.10	432.00
33959	85.90	432.00
33961	86.00	432.00
33963	86.20	432.00
33966	86.10	432.00
33968	86.10	432.00
33970	85.90	436.00
33973	86.10	432.00
33975	86.10	432.00
33977	85.70	432.00
33979	86.00	432.00
33982	86.10	432.00
33984	86.30	436.00
33986	85.90	432.00
33989	85.50	430.00
33991	89.90	448.00
33993	90.50	458.00
33995	90.80	458.00
33998	91.60	458.00
34000	91.60	462.00
34002	91.90	462.00
34005	92.00	462.00
34007	91.90	462.00
34009	91.00	458.00
34011	91.30	458.00
34014	90.30	456.00
34016	88.90	448.00
34018	91.30	458.00
34021	80.10	384.00
34023	73.70	370.00
34025	72.70	370.00
34028	72.90	368.00
34030	73.10	370.00
34032	73.70	370.00
34034	73.70	370.00
34037	73.00	368.00
34039	73.00	368.00
34041	72.90	368.00
34044	73.40	370.00
34046	73.10	370.00
34048	72.80	368.00
34050	72.70	370.00
34053	73.50	374.00
34055	73.30	370.00
34057	72.90	368.00
34060	73.10	370.00
34062	73.30	370.00
34064	73.50	370.00
34066	73.40	370.00
34069	73.10	370.00
34071	73.20	370.00
34073	73.10	370.00
34076	73.30	370.00
34078	73.30	368.00
34080	73.10	368.00
34083	73.10	368.00
34085	73.30	370.00
34087	73.50	370.00
34089	72.90	368.00
34092	72.80	368.00
34094	73.10	368.00
34096	73.00	368.00
34099	73.30	370.00
34101	73.10	370.00
34103	72.70	368.00
34105	73.30	370.00
34108	73.60	370.00
34110	73.30	368.00
34112	72.60	370.00
34115	72.80	368.00
34117	73.30	370.00
34119	73.70	370.00
34121	72.50	368.00
34124	72.70	368.00
34126	73.20	370.00
34128	72.60	368.00
34131	73.40	370.00
34133	72.90	368.00
34135	72.90	368.00
34138	73.30	370.00
34140	73.30	370.00
34142	73.80	370.00
34144	72.70	368.00
34147	72.80	368.00
34149	73.10	370.00
34151	73.50	370.00
34154	72.90	368.00
34156	72.70	368.00
34158	72.50	368.00
34160	73.60	370.00
34163	72.90	368.00
34165	73.10	368.00
34167	72.90	368.00
34170	72.90	370.00
34172	73.50	370.00
34174	73.40	370.00
34176	72.70	368.00
34179	72.80	368.00
34181	73.20	370.00
34183	73.30	370.00
34186	73.20	370.00
34188	72.70	368.00
34190	73.30	370.00
34193	73.70	370.00
34195	73.30	370.00
34197	73.00	370.00
34199	73.00	368.00
34202	73.00	370.00
34204	73.40	370.00
34206	73.50	370.00
34209	72.70	368.00
34211	73.20	370.00
34213	73.50	370.00
34215	73.30	370.00
34218	73.50	370.00
34220	73.10	370.00
34222	73.10	368.00
34225	73.70	370.00
34227	73.70	370.00
34229	73.60	368.00
34231	73.20	368.00
34234	73.20	368.00
34236	73.20	370.00
34238	73.30	370.00
34241	72.80	368.00
34243	72.90	368.00
34245	73.20	370.00
34248	73.50	370.00
34250	73.10	370.00
34252	72.80	368.00
34254	72.80	368.00
34257	73.50	370.00
34259	73.40	370.00
34261	73.40	368.00
34264	73.00	368.00
34266	73.00	368.00
34268	73.40	370.00
34270	73.50	370.00
34273	73.10	370.00
34275	73.00	368.00
34277	73.50	370.00
34280	73.50	370.00
34282	73.50	370.00
34284	72.80	368.00
34286	73.20	368.00
34289	73.80	370.00
34291	73.40	370.00
34293	73.10	370.00
34296	72.60	368.00
34298	72.70	368.00
34300	72.90	368.00
34303	73.40	370.00
34305	73.30	370.00
34307	72.80	368.00
34309	72.80	368.00
34312	73.50	370.00
34314	73.50	370.00
34316	73.00	368.00
34319	72.80	368.00
34321	73.30	370.00
34323	73.50	370.00
34325	73.70	370.00
34328	73.00	368.00
34330	73.10	370.00
34332	73.60	370.00
34335	73.30	370.00
34337	72.90	368.00
34339	72.80	370.00
34341	72.80	370.00
34344	73.40	370.00
34346	73.10	370.00
34348	72.90	370.00
34351	72.90	368.00
34353	73.40	370.00
34355	73.30	370.00
34358	73.30	370.00
34360	72.80	368.00
34362	73.10	370.00
34364	73.60	370.00
34367	73.30	370.00
34369	73.40	368.00
34371	72.80	368.00
34374	73.00	370.00
34376	73.30	370.00
34378	73.20	370.00
34380	72.80	368.00
34383	72.80	368.00
34385	73.40	370.00
34387	73.30	370.00
34390	72.70	368.00
34392	72.90	368.00
34394	72.80	368.00
34396	73.40	370.00
34399	73.60	370.00
34401	73.80	370.00
34403	72.90	370.00
34406	72.70	368.00
34408	73.00	370.00
34410	73.20	370.00
34413	72.60	368.00
34415	73.30	370.00
34417	73.40	370.00
34419	73.70	370.00
34422	73.40	370.00
34424	72.70	368.00
34426	73.10	368.00
34429	73.30	370.00
34431	73.60	370.00
34433	73.70	370.00
34435	73.10	368.00
34438	72.80	368.00
34440	73.20	370.00
34442	73.40	370.00
34445	72.60	368.00
34447	72.80	368.00
34449	72.70	368.00
34451	73.70	370.00
34454	73.60	370.00
34456	72.90	368.00
34458	72.90	368.00
34461	72.70	368.00
34463	73.20	370.00
34465	73.60	370.00
34468	72.70	368.00
34470	72.90	368.00
34472	73.10	370.00
34474	73.60	370.00
34477	72.90	368.00
34479	73.10	370.00
34481	73.10	368.00
34484	73.60	370.00
34486	73.30	370.00
34488	72.70	370.00
34490	73.10	370.00
34493	73.00	370.00
34495	73.40	370.00
34497	73.20	370.00
34500	73.00	368.00
34502	72.80	368.00
34504	73.40	370.00
34506	73.60	370.00
34509	73.40	370.00
34511	72.80	368.00
34513	72.90	368.00
34516	73.40	370.00
34518	73.50	370.00
34520	73.50	368.00
34523	73.30	368.00
34525	73.30	370.00
34527	73.10	370.00
34529	73.70	370.00
34532	72.80	368.00
34534	72.80	368.00
34536	73.30	370.00
34539	73.50	370.00
34541	73.20	370.00
34543	72.70	368.00
34545	72.70	370.00
34548	73.50	370.00
34550	73.20	370.00
34552	73.70	368.00
34555	73.20	370.00
34557	73.40	370.00
34559	73.50	370.00
34561	73.40	370.00
34564	73.00	368.00
34566	72.90	368.00
34568	74.00	374.00
34571	73.50	370.00
34573	73.50	370.00
34575	73.10	370.00
34578	72.90	368.00
34580	73.20	368.00
34582	73.50	370.00
34584	73.00	368.00
34587	72.60	368.00
34589	72.70	368.00
34591	73.40	370.00
34594	73.30	370.00
34596	73.20	370.00
34598	72.60	368.00
34600	72.90	368.00
34603	73.20	370.00
34605	73.40	370.00
34607	73.20	368.00
34610	73.10	368.00
34612	73.20	370.00
34614	73.40	370.00
34616	73.40	370.00
34619	72.70	368.00
34621	73.20	370.00
34623	73.20	370.00
34626	73.20	370.00
34628	72.70	368.00
34630	72.90	368.00
34633	73.00	370.00
34635	73.30	370.00
34637	73.10	370.00
34639	72.80	370.00
34642	73.00	368.00
34644	73.50	370.00
34646	73.60	370.00
34649	73.50	370.00
34651	73.00	368.00
34653	73.10	368.00
34655	73.50	370.00
34658	73.60	370.00
34660	73.60	368.00
34662	72.90	368.00
34665	73.10	368.00
34667	73.10	368.00
34669	73.30	374.00
34671	72.80	368.00
34674	72.90	368.00
34676	73.60	370.00
34678	73.30	370.00
34681	73.40	370.00
34683	72.90	368.00
34685	72.90	368.00
34688	73.20	370.00
34690	73.30	368.00
34692	73.60	368.00
34694	72.90	368.00
34697	72.60	370.00
34699	73.20	370.00
34701	73.60	370.00
34704	72.90	368.00
34706	72.90	368.00
34708	73.30	370.00
34710	73.50	370.00
34713	73.40	370.00
34715	72.80	368.00
34717	72.70	368.00
34720	73.60	370.00
34722	73.10	370.00
34724	73.40	368.00
34726	72.90	370.00
34729	72.90	368.00
34731	73.50	370.00
34733	73.70	370.00
34736	72.90	368.00
34738	73.10	370.00
34740	72.90	368.00
34743	73.20	370.00
34745	73.30	370.00
34747	72.80	368.00
34749	73.00	368.00
34752	73.40	370.00
34754	73.60	370.00
34756	73.20	370.00
34759	72.90	368.00
34761	72.90	368.00
34763	73.30	370.00
34765	73.50	370.00
34768	72.70	368.00
34770	73.00	368.00
34772	72.80	368.00
34775	73.40	368.00
34777	73.30	370.00
34779	72.60	368.00
34781	73.00	368.00
34784	72.90	374.00
34786	73.50	370.00
34788	73.60	370.00
34791	72.90	368.00
34793	72.90	368.00
34795	73.10	368.00
34798	73.10	370.00
34800	73.70	370.00
34802	72.80	368.00
34804	72.50	370.00
34807	73.50	370.00
34809	73.40	370.00
34811	72.70	368.00
34814	72.90	368.00
34816	73.60	370.00
34818	73.40	370.00
34820	73.00	368.00
34823	72.80	368.00
34825	72.70	368.00
34827	73.10	370.00
34830	73.40	370.00
34832	73.00	368.00
34834	73.20	368.00
34836	72.90	370.00
34839	73.40	370.00
34841	73.40	370.00
34843	73.50	368.00
34846	72.60	368.00
34848	73.40	370.00
34850	73.50	370.00
34853	73.40	370.00
34855	72.70	368.00
34857	73.10	370.00
34859	73.50	370.00
34862	73.50	370.00
34864	73.00	368.00
34866	72.90	368.00
34869	72.70	370.00
34871	73.30	370.00
34873	73.40	370.00
34875	72.80	368.00
34878	72.90	368.00
34880	73.00	368.00
34882	73.20	370.00
34885	73.30	370.00
34887	72.80	368.00
34889	72.90	368.00
34891	73.40	370.00
34894	73.50	370.00
34896	73.20	370.00
34898	72.80	368.00
34901	73.10	368.00
34903	72.80	368.00
34905	73.30	370.00
34908	73.30	370.00
34910	72.80	368.00
34912	72.70	368.00
34914	73.40	370.00
34917	73.40	370.00
34919	73.10	370.00
34921	72.90	370.00
34924	72.70	370.00
34926	73.40	370.00
34928	73.90	370.00
34930	72.70	368.00
34933	73.10	368.00
34935	73.20	370.00
34937	73.30	370.00
34940	73.00	368.00
34942	72.70	368.00
34944	72.90	368.00
34946	73.40	370.00
34949	73.40	370.00
34951	72.60	368.00
34953	72.80	370.00
34956	72.90	370.00
34958	73.00	370.00
34960	73.40	370.00
34963	73.20	370.00
34965	73.20	370.00
34967	73.40	370.00
34969	73.70	370.00
34972	73.10	368.00
34974	73.10	368.00
34976	73.10	370.00
34979	73.80	370.00
34981	73.40	370.00
34983	73.90	368.00
34985	72.80	368.00
34988	72.80	370.00
34990	86.90	440.00
34992	85.60	430.00
34995	85.80	432.00
34997	85.70	432.00
34999	86.10	432.00
35001	85.90	432.00
35004	85.90	432.00
35006	85.80	432.00
35008	85.80	436.00
35011	86.20	436.00
35013	85.80	432.00
35015	86.30	436.00
35018	86.20	436.00
35020	86.30	436.00
35022	85.90	432.00
35024	85.90	432.00
35027	86.30	436.00
35029	86.30	436.00
35031	86.30	436.00
35034	85.70	432.00
35036	85.90	436.00
35038	86.30	436.00
35040	86.10	432.00
35043	85.80	432.00
35045	85.90	432.00
35047	86.40	436.00
35050	86.50	436.00
35052	86.30	436.00
35054	86.00	432.00
35056	85.90	432.00
35059	86.00	432.00
35061	86.50	436.00
35063	86.10	432.00
35066	86.20	436.00
35068	86.00	432.00
35070	86.00	436.00
35073	86.40	432.00
35075	86.20	432.00
35077	90.30	456.00
35079	90.80	458.00
35082	91.90	462.00
35084	92.20	466.00
35086	92.00	462.00
35089	92.00	462.00
35091	92.20	466.00
35093	92.40	466.00
35095	92.20	462.00
35098	91.90	458.00
35100	90.90	456.00
35102	90.50	446.00
35105	88.40	446.00
35107	79.40	400.00
35109	73.30	370.00
35111	73.60	370.00
35114	73.10	370.00
35116	72.80	368.00
35118	73.70	370.00
35121	73.50	370.00
35123	73.30	370.00
35125	73.10	368.00
35128	73.10	370.00
35130	73.50	370.00
35132	73.50	370.00
35134	72.80	368.00
35137	72.90	368.00
35139	73.30	370.00
35141	73.50	370.00
35144	73.30	370.00
35146	72.90	368.00
35148	73.10	368.00
35150	73.70	370.00
35153	73.10	370.00
35155	73.60	368.00
35157	72.90	370.00
35160	72.90	368.00
35162	73.10	370.00
35164	73.60	370.00
35166	73.10	368.00
35169	73.10	370.00
35171	73.20	370.00
35173	73.60	370.00
35176	73.50	370.00
35178	72.90	368.00
35180	73.00	368.00
35183	73.30	370.00
35185	73.60	370.00
35187	73.70	368.00
35189	73.40	368.00
35192	72.90	370.00
35194	72.90	368.00
35196	73.40	370.00
35199	72.90	368.00
35201	72.70	368.00
35203	72.90	368.00
35205	73.60	370.00
35208	73.30	370.00
35210	73.10	368.00
35212	72.80	368.00
35215	72.90	370.00
35217	73.10	370.00
35219	73.50	370.00
35221	72.80	368.00
35224	73.20	370.00
35226	73.10	368.00
35228	73.20	370.00
35231	73.20	370.00
35233	72.80	368.00
35235	73.00	368.00
35238	73.30	370.00
35240	73.50	370.00
35242	72.80	368.00
35244	72.90	368.00
35247	72.70	370.00
35249	73.10	370.00
35251	73.10	368.00
35254	73.10	370.00
35256	73.10	370.00
35258	73.70	370.00
35260	73.80	374.00
35263	73.40	370.00
35265	73.10	370.00
35267	72.90	368.00
35270	73.30	368.00
35272	73.60	370.00
35274	73.80	368.00
35276	73.40	368.00
35279	73.10	370.00
35281	73.40	370.00
35283	73.40	370.00
35286	72.80	368.00
35288	72.90	368.00
35290	73.60	370.00
35293	73.20	370.00
35295	73.40	370.00
35297	72.80	368.00
35299	72.70	368.00
35302	73.60	370.00
35304	72.90	370.00
35306	73.30	368.00
35309	73.40	370.00
35311	73.30	370.00
35313	73.30	370.00
35315	73.70	370.00
35318	72.90	368.00
35320	73.20	370.00
35322	73.60	370.00
35325	73.30	370.00
35327	73.40	370.00
35329	72.90	368.00
35331	73.00	368.00
35334	73.40	370.00
35336	73.20	370.00
35338	73.10	370.00
35341	72.70	368.00
35343	72.80	368.00
35345	73.40	370.00
35348	73.40	370.00
35350	72.90	368.00
35352	73.00	368.00
35354	72.60	368.00
35357	73.60	370.00
35359	73.50	370.00
35361	73.30	368.00
35364	73.10	370.00
35366	73.20	370.00
35368	73.30	370.00
35370	73.10	370.00
35373	73.10	370.00
35375	73.10	368.00
35377	73.50	370.00
35380	73.50	370.00
35382	72.70	368.00
35384	72.70	368.00
35386	73.10	370.00
35389	73.00	370.00
35391	73.40	370.00
35393	72.70	370.00
35396	72.90	368.00
35398	73.50	370.00
35400	73.60	370.00
35403	73.30	370.00
35405	73.10	370.00
35407	72.90	368.00
35409	73.30	370.00
35412	73.60	370.00
35414	73.30	368.00
35416	72.80	368.00
35419	72.90	370.00
35421	73.50	368.00
35423	73.20	370.00
35425	72.70	368.00
35428	72.60	368.00
35430	73.50	370.00
35432	73.30	370.00
35435	73.40	370.00
35437	72.90	368.00
35439	72.90	368.00
35441	73.40	370.00
35444	73.10	370.00
35446	73.50	368.00
35448	72.80	370.00
35451	72.80	370.00
35453	73.40	370.00
35455	73.50	370.00
35458	73.00	368.00
35460	72.80	368.00
35462	73.40	370.00
35464	73.60	370.00
35467	73.70	370.00
35469	73.10	370.00
35471	73.30	368.00
35474	73.10	370.00
35476	73.60	370.00
35478	73.50	368.00
35480	72.70	368.00
35483	72.80	368.00
35485	73.50	370.00
35487	73.20	370.00
35490	73.20	370.00
35492	72.80	368.00
35494	72.90	368.00
35496	73.30	370.00
35499	73.30	370.00
35501	72.80	368.00
35503	72.90	368.00
35506	73.30	370.00
35508	73.50	368.00
35510	73.60	370.00
35513	73.10	370.00
35515	73.00	368.00
35517	73.60	370.00
35519	73.60	370.00
35522	72.70	368.00
35524	72.90	368.00
35526	73.30	370.00
35529	73.30	370.00
35531	73.20	370.00
35533	72.70	368.00
35535	73.10	370.00
35538	72.60	370.00
35540	73.70	370.00
35542	73.50	370.00
35545	72.90	368.00
35547	73.20	370.00
35549	73.60	370.00
35551	73.80	374.00
35554	73.50	370.00
35556	73.10	370.00
35558	72.90	368.00
35561	73.50	368.00
35563	73.00	370.00
35565	73.40	368.00
35568	73.40	368.00
35570	73.30	370.00
35572	73.50	370.00
35574	73.70	370.00
35577	72.70	368.00
35579	73.10	370.00
35581	73.70	370.00
35584	73.00	368.00
35586	73.50	370.00
35588	73.00	370.00
35590	72.70	370.00
35593	73.60	370.00
35595	73.50	370.00
35597	73.30	370.00
35600	73.10	370.00
35602	73.30	370.00
35604	73.60	370.00
35606	73.80	374.00
35609	73.10	370.00
35611	72.80	368.00
35613	73.30	370.00
35616	73.20	370.00
35618	73.50	368.00
35620	72.90	368.00
35623	73.10	368.00
35625	73.60	370.00
35627	73.30	370.00
35629	72.80	368.00
35632	72.90	368.00
35634	72.90	368.00
35636	73.10	368.00
35639	73.50	370.00
35641	73.00	368.00
35643	72.90	368.00
35645	73.30	370.00
35648	73.40	370.00
35650	73.00	368.00
35652	73.20	368.00
35655	73.00	368.00
35657	73.30	370.00
35659	73.60	370.00
35661	72.90	368.00
35664	72.90	368.00
35666	72.90	368.00
35668	73.10	370.00
35671	73.60	370.00
35673	72.90	368.00
35675	72.90	368.00
35678	73.10	370.00
35680	73.40	370.00
35682	73.40	370.00
35684	73.10	368.00
35687	73.10	368.00
35689	73.50	370.00
35691	73.30	370.00
35694	73.50	370.00
35696	73.10	370.00
35698	72.90	368.00
35700	73.50	370.00
35703	73.40	370.00
35705	73.30	368.00
35707	73.10	368.00
35710	73.10	370.00
35712	73.50	370.00
35714	73.30	370.00
35716	72.80	368.00
35719	73.00	368.00
35721	73.50	370.00
35723	73.50	370.00
35726	73.10	368.00
35728	72.80	368.00
35730	72.70	368.00
35733	73.70	370.00
35735	73.70	370.00
35737	73.40	368.00
35739	73.20	368.00
35742	72.70	370.00
35744	73.50	370.00
35746	73.60	370.00
35749	73.10	370.00
35751	72.70	368.00
35753	73.50	370.00
35755	73.20	370.00
35758	73.40	370.00
35760	72.90	368.00
35762	73.10	368.00
35765	73.70	370.00
35767	73.40	370.00
35769	73.70	368.00
35771	72.70	370.00
35774	72.60	368.00
35776	73.20	370.00
35778	73.20	370.00
35781	72.90	368.00
35783	73.30	370.00
35785	73.30	370.00
35788	73.50	370.00
35790	73.40	370.00
35792	73.20	368.00
35794	73.10	368.00
35797	73.50	370.00
35799	73.50	370.00
35801	72.70	368.00
35804	72.90	368.00
35806	72.90	368.00
35808	73.10	370.00
35810	73.20	370.00
35813	72.90	368.00
35815	72.90	368.00
35817	72.90	368.00
35820	73.40	370.00
35822	73.40	370.00
35824	72.80	368.00
35826	73.00	370.00
35829	73.20	368.00
35831	73.60	370.00
35833	73.60	370.00
35836	73.00	368.00
35838	73.00	368.00
35840	73.60	370.00
35843	73.20	370.00
35845	73.30	370.00
35847	73.10	368.00
35849	73.10	370.00
35852	73.30	370.00
35854	73.60	370.00
35856	72.80	368.00
35859	73.10	368.00
35861	73.40	370.00
35863	73.10	370.00
35865	73.20	370.00
35868	73.10	368.00
35870	72.70	368.00
35872	73.80	374.00
35875	73.40	370.00
35877	73.50	370.00
35879	72.90	368.00
35881	72.90	368.00
35884	73.30	370.00
35886	73.50	370.00
35888	73.20	368.00
35891	72.80	368.00
35893	73.30	370.00
35895	73.60	370.00
35898	73.00	368.00
35900	72.90	368.00
35902	72.80	368.00
35904	73.50	370.00
35907	73.40	370.00
35909	73.60	368.00
35911	72.70	368.00
35914	72.90	368.00
35916	73.40	370.00
35918	73.10	368.00
35920	72.80	368.00
35923	73.10	370.00
35925	73.40	370.00
35927	73.60	370.00
35930	73.50	370.00
35932	73.10	370.00
35934	73.10	368.00
35936	73.70	370.00
35939	73.70	370.00
35941	73.40	368.00
35943	72.90	368.00
35946	73.10	368.00
35948	73.00	368.00
35950	73.10	368.00
35953	73.10	368.00
35955	72.80	368.00
35957	72.80	368.00
35959	73.70	370.00
35962	73.50	370.00
35964	72.80	368.00
35966	72.80	370.00
35969	73.20	370.00
35971	73.20	370.00
35973	73.40	370.00
35975	72.80	368.00
35978	73.10	370.00
35980	73.60	370.00
35982	73.10	370.00
35985	72.80	368.00
35987	72.60	368.00
35989	72.90	368.00
35991	73.10	368.00
35994	73.70	370.00
35996	73.00	368.00
35998	72.80	368.00
36001	73.20	370.00
36003	73.30	370.00
36005	73.10	370.00
36008	73.30	370.00
36010	72.80	368.00
36012	73.70	370.00
36014	73.40	370.00
36017	73.50	370.00
36019	73.10	370.00
36021	72.80	368.00
36024	73.50	370.00
36026	73.20	370.00
36028	73.40	370.00
36030	73.10	368.00
36033	72.90	370.00
36035	73.30	370.00
36037	73.60	370.00
36040	72.60	368.00
36042	72.70	368.00
36044	73.70	370.00
36046	73.50	370.00
36049	73.60	370.00
36051	72.80	368.00
36053	72.90	368.00
36056	73.50	370.00
36058	72.90	370.00
36060	73.60	368.00
36063	72.90	368.00
36065	73.40	370.00
36067	73.60	370.00
36069	73.40	370.00
36072	73.20	370.00
36074	73.10	370.00
36076	88.20	446.00
36079	85.30	430.00
36081	85.70	432.00
36083	85.70	432.00
36085	85.90	432.00
36088	86.10	432.00
36090	86.10	432.00
36092	86.10	432.00
36095	85.70	432.00
36097	86.00	432.00
36099	85.90	432.00
36101	85.90	432.00
36104	86.10	432.00
36106	86.30	436.00
36108	86.30	436.00
36111	86.10	432.00
36113	86.00	436.00
36115	86.40	432.00
36118	86.10	436.00
36120	85.80	432.00
36122	85.90	432.00
36124	86.50	436.00
36127	86.30	436.00
36129	86.40	436.00
36131	86.10	432.00
36134	86.10	432.00
36136	86.40	436.00
36138	86.00	432.00
36140	86.20	432.00
36143	85.60	432.00
36145	86.30	432.00
36147	86.10	436.00
36150	86.20	436.00
36152	86.40	436.00
36154	86.30	436.00
36156	86.60	436.00
36159	86.10	432.00
36161	86.30	436.00
36163	86.40	436.00
36166	90.20	456.00
36168	90.40	456.00
36170	91.10	466.00
36173	91.40	462.00
36175	91.60	458.00
36177	91.60	462.00
36179	92.00	462.00
36182	92.10	462.00
36184	91.40	458.00
36186	90.60	456.00
36189	90.10	452.00
36191	88.60	446.00
36193	88.70	446.00
36195	80.70	406.00
36198	73.40	370.00
36200	73.40	368.00
36202	72.80	370.00
36205	72.90	370.00
36207	73.70	374.00
36209	73.70	370.00
36211	72.80	368.00
36214	72.80	368.00
36216	73.30	370.00
36218	73.50	370.00
36221	73.80	374.00
36223	72.80	368.00
36225	73.30	370.00
36228	73.50	370.00
36230	73.60	368.00
36232	73.50	370.00
36234	72.90	370.00
36237	73.00	368.00
36239	73.50	370.00
36241	73.60	370.00
36244	73.20	370.00
36246	72.90	368.00
36248	72.70	368.00
36250	73.30	370.00
36253	73.00	368.00
36255	72.90	368.00
36257	73.00	370.00
36260	73.40	370.00
36262	73.80	370.00
36264	73.40	370.00
36266	72.80	368.00
36269	73.10	368.00
36271	73.30	370.00
36273	73.40	370.00
36276	72.80	368.00
36278	73.10	370.00
36280	72.90	368.00
36283	72.90	368.00
36285	73.10	370.00
36287	73.10	370.00
36289	72.90	368.00
36292	73.10	370.00
36294	73.60	374.00
36296	73.60	370.00
36299	72.90	368.00
36301	73.20	370.00
36303	73.40	370.00
36305	73.60	370.00
36308	73.50	370.00
36310	72.90	368.00
36312	73.10	370.00
36315	73.60	374.00
36317	73.40	370.00
36319	72.70	368.00
36321	73.20	368.00
36324	72.80	370.00
36326	73.50	370.00
36328	73.40	370.00
36331	73.10	370.00
36333	72.70	368.00
36335	73.10	368.00
36338	73.30	370.00
36340	73.10	368.00
36342	72.90	368.00
36344	72.90	370.00
36347	73.80	370.00
36349	73.30	370.00
36351	73.60	368.00
36354	72.90	368.00
36356	73.40	370.00
36358	73.50	370.00
36360	73.60	370.00
36363	72.80	368.00
36365	73.20	370.00
36367	73.30	370.00
36370	73.20	370.00
36372	73.30	370.00
36374	73.00	368.00
36376	73.10	368.00
36379	73.60	370.00
36381	73.70	370.00
36383	72.90	368.00
36386	73.00	368.00
36388	72.80	368.00
36390	73.60	370.00
36393	73.20	370.00
36395	72.90	368.00
36397	73.20	370.00
36399	73.40	370.00
36402	73.50	370.00
36404	73.50	370.00
36406	73.00	368.00
36409	73.10	368.00
36411	73.20	370.00
36413	73.20	370.00
36415	72.90	368.00
36418	72.70	368.00
36420	72.80	368.00
36422	73.30	370.00
36425	73.10	370.00
36427	73.20	370.00
36429	73.00	368.00
36431	72.90	370.00
36434	73.40	370.00
36436	73.60	370.00
36438	73.10	370.00
36441	73.00	368.00
36443	73.30	370.00
36445	73.30	370.00
36448	73.20	370.00
36450	73.00	368.00
36452	73.10	370.00
36454	73.60	370.00
36457	73.30	370.00
36459	72.80	370.00
36461	72.70	368.00
36464	73.10	370.00
36466	73.50	370.00
36468	73.80	370.00
36470	73.00	368.00
36473	73.10	370.00
36475	73.50	370.00
36477	73.40	370.00
36480	73.40	370.00
36482	72.90	368.00
36484	73.00	368.00
36486	73.60	370.00
36489	73.60	374.00
36491	73.40	368.00
36493	73.20	368.00
36496	72.90	370.00
36498	73.30	370.00
36500	73.60	370.00
36503	73.00	368.00
36505	72.80	368.00
36507	73.50	370.00
36509	73.70	370.00
36512	73.30	370.00
36514	72.90	368.00
36516	72.90	368.00
36519	73.70	370.00
36521	73.70	370.00
36523	73.80	368.00
36525	72.70	368.00
36528	73.10	370.00
36530	73.40	370.00
36532	73.40	370.00
36535	73.00	368.00
36537	72.90	368.00
36539	73.50	370.00
36541	73.50	370.00
36544	73.30	370.00
36546	72.90	368.00
36548	73.20	370.00
36551	73.30	370.00
36553	73.50	370.00
36555	73.50	368.00
36558	72.90	368.00
36560	73.20	370.00
36562	73.40	370.00
36564	72.90	368.00
36567	72.90	368.00
36569	72.70	368.00
36571	73.00	368.00
36574	73.60	370.00
36576	73.60	370.00
36578	72.90	368.00
36580	72.70	370.00
36583	73.00	370.00
36585	73.20	370.00
36587	73.40	370.00
36590	73.00	368.00
36592	73.40	370.00
36594	73.70	370.00
36596	73.50	370.00
36599	73.00	368.00
36601	72.90	368.00
36603	73.20	370.00
36606	73.50	370.00
36608	73.70	370.00
36610	72.70	370.00
36613	73.20	368.00
36615	73.50	370.00
36617	73.10	370.00
36619	73.20	370.00
36622	73.20	368.00
36624	72.90	368.00
36626	73.60	370.00
36629	73.70	370.00
36631	73.40	370.00
36633	73.10	368.00
36635	72.80	370.00
36638	73.50	370.00
36640	73.30	370.00
36642	73.00	368.00
36645	73.10	368.00
36647	73.60	370.00
36649	73.10	370.00
36651	73.20	370.00
36654	72.90	368.00
36656	72.80	368.00
36658	73.30	370.00
36661	73.50	370.00
36663	73.70	368.00
36665	72.70	370.00
36668	72.90	368.00
36670	73.50	370.00
36672	73.30	370.00
36674	72.90	368.00
36677	73.10	368.00
36679	73.20	370.00
36681	73.40	370.00
36684	73.30	370.00
36686	73.10	370.00
36688	72.80	368.00
36690	73.60	370.00
36693	73.60	370.00
36695	73.30	368.00
36697	73.20	368.00
36700	73.20	368.00
36702	73.20	370.00
36704	73.20	370.00
36706	72.60	368.00
36709	72.70	368.00
36711	73.20	370.00
36713	73.60	370.00
36716	73.50	370.00
36718	73.10	368.00
36720	72.90	368.00
36723	73.10	370.00
36725	73.40	370.00
36727	73.40	370.00
36729	72.90	368.00
36732	72.90	368.00
36734	73.50	370.00
36736	73.40	370.00
36739	72.70	368.00
36741	72.70	368.00
36743	73.20	370.00
36745	73.60	370.00
36748	73.80	374.00
36750	72.70	368.00
36752	73.00	368.00
36755	73.10	368.00
36757	73.10	370.00
36759	73.50	368.00
36761	73.00	368.00
36764	73.10	368.00
36766	73.80	374.00
36768	73.50	370.00
36771	73.40	370.00
36773	73.00	368.00
36775	73.10	370.00
36778	73.60	370.00
36780	73.70	374.00
36782	73.20	368.00
36784	73.00	368.00
36787	72.80	370.00
36789	72.80	368.00
36791	73.30	370.00
36794	72.80	368.00
36796	73.20	370.00
36798	73.50	370.00
36800	73.40	370.00
36803	73.40	370.00
36805	72.70	368.00
36807	73.10	368.00
36810	73.30	374.00
36812	73.10	370.00
36814	73.20	368.00
36816	73.00	368.00
36819	73.60	370.00
36821	73.50	370.00
36823	73.70	370.00
36826	72.90	368.00
36828	73.10	368.00
36830	73.30	370.00
36833	73.80	374.00
36835	73.30	370.00
36837	73.10	368.00
36839	72.90	368.00
36842	73.60	370.00
36844	73.20	368.00
36846	73.30	370.00
36849	72.70	368.00
36851	72.80	368.00
36853	73.50	370.00
36855	73.80	374.00
36858	72.90	368.00
36860	72.90	368.00
36862	72.80	368.00
36865	73.40	370.00
36867	73.50	370.00
36869	72.90	368.00
36871	73.20	368.00
36874	73.30	370.00
36876	73.30	370.00
36878	72.60	368.00
36881	72.90	368.00
36883	73.10	370.00
36885	73.60	370.00
36888	73.80	374.00
36890	72.80	368.00
36892	72.90	368.00
36894	72.90	370.00
36897	73.10	370.00
36899	73.30	370.00
36901	72.70	370.00
36904	72.80	368.00
36906	73.60	370.00
36908	73.50	370.00
36910	73.40	370.00
36913	73.20	370.00
36915	72.70	368.00
36917	73.30	370.00
36920	73.60	370.00
36922	73.20	370.00
36924	73.10	368.00
36926	72.80	370.00
36929	73.40	370.00
36931	73.20	370.00
36933	73.10	368.00
36936	72.90	368.00
36938	73.40	370.00
36940	73.30	370.00
36943	73.50	370.00
36945	72.70	368.00
36947	72.90	368.00
36949	73.30	370.00
36952	73.10	370.00
36954	73.10	368.00
36956	72.60	368.00
36959	73.10	370.00
36961	73.50	370.00
36963	73.60	370.00
36965	73.10	368.00
36968	73.00	368.00
36970	73.10	370.00
36972	73.70	370.00
36975	73.70	370.00
36977	73.10	368.00
36979	72.90	368.00
36981	73.40	370.00
36984	73.10	368.00
36986	73.60	368.00
36988	73.00	368.00
36991	73.30	368.00
36993	73.40	370.00
36995	73.80	374.00
36998	72.90	368.00
37000	72.80	368.00
37002	72.80	368.00
37004	73.10	368.00
37007	72.90	368.00
37009	72.90	368.00
37011	72.90	368.00
37014	73.40	370.00
37016	73.60	370.00
37018	73.30	368.00
37020	72.70	368.00
37023	72.90	368.00
37025	73.30	370.00
37027	73.40	370.00
37030	72.80	368.00
37032	72.90	368.00
37034	73.20	370.00
37036	73.10	370.00
37039	73.50	370.00
37041	72.90	368.00
37043	72.70	368.00
37046	73.40	370.00
37048	73.40	370.00
37050	73.40	370.00
37053	72.80	368.00
37055	72.90	368.00
37057	73.40	370.00
37059	73.40	370.00
37062	73.20	370.00
37064	73.00	368.00
37066	72.90	368.00
37069	73.50	370.00
37071	73.30	370.00
37073	73.20	368.00
37075	73.20	368.00
37078	72.70	370.00
37080	73.70	370.00
37082	73.30	370.00
37085	72.70	368.00
37087	73.10	368.00
37089	73.50	370.00
37091	73.10	368.00
37094	73.10	370.00
37096	72.60	368.00
37098	73.00	370.00
37101	73.30	370.00
37103	73.40	370.00
37105	73.20	368.00
37108	72.60	368.00
37110	73.00	368.00
37112	73.40	370.00
37114	73.30	370.00
37117	73.20	370.00
37119	73.10	370.00
37121	73.50	370.00
37124	73.20	370.00
37126	73.50	370.00
37128	73.00	368.00
37130	73.10	368.00
37133	73.30	370.00
37135	73.60	370.00
37137	72.90	368.00
37140	72.80	368.00
37142	72.80	368.00
37144	73.50	370.00
37146	73.30	370.00
37149	73.10	370.00
37151	72.70	368.00
37153	73.20	370.00
37156	73.70	370.00
37158	72.90	368.00
37160	72.90	368.00
37163	72.70	370.00
37165	75.30	440.00
37167	85.70	432.00
37169	85.70	432.00
37172	85.90	432.00
37174	86.00	432.00
37176	86.00	432.00
37179	86.00	432.00
37181	86.00	432.00
37183	86.30	436.00
37185	86.10	432.00
37188	86.00	432.00
37190	85.90	432.00
37192	86.10	432.00
37195	86.00	432.00
37197	85.80	432.00
37199	86.40	436.00
37201	86.60	436.00
37204	85.90	432.00
37206	86.00	432.00
37208	85.90	432.00
37211	85.90	432.00
37213	86.00	432.00
37215	86.30	436.00
37218	86.10	432.00
37220	86.00	436.00
37222	86.20	432.00
37224	86.00	432.00
37227	86.10	432.00
37229	86.30	436.00
37231	85.90	432.00
37234	85.90	432.00
37236	86.30	436.00
37238	85.80	432.00
37240	86.10	432.00
37243	86.10	432.00
37245	86.00	436.00
37247	86.10	436.00
37250	86.30	432.00
37252	86.10	432.00
37254	89.00	448.00
37256	90.80	458.00
37259	92.40	466.00
37261	91.80	462.00
37263	91.60	462.00
37266	91.80	462.00
37268	92.10	462.00
37270	92.50	466.00
37273	91.80	462.00
37275	90.90	458.00
37277	90.10	456.00
37279	88.70	446.00
37282	88.60	446.00
37284	80.10	404.00
37286	73.60	370.00
37289	73.10	370.00
37291	73.10	370.00
37293	73.50	370.00
37295	73.40	370.00
37298	73.40	370.00
37300	72.90	368.00
37302	72.90	368.00
37305	73.40	370.00
37307	73.30	368.00
37309	73.40	370.00
37311	72.90	368.00
37314	72.80	368.00
37316	73.30	370.00
37318	73.30	370.00
37321	73.30	370.00
37323	72.80	368.00
37325	72.90	368.00
37328	73.50	370.00
37330	73.50	370.00
37332	73.10	368.00
37334	73.10	370.00
37337	73.10	370.00
37339	73.30	370.00
37341	73.10	370.00
37344	73.10	368.00
37346	73.00	368.00
37348	73.70	370.00
37350	73.60	370.00
37353	72.70	368.00
37355	72.90	368.00
37357	72.90	368.00
37360	73.30	370.00
37362	73.40	370.00
37364	72.80	370.00
37366	72.90	368.00
37369	72.70	370.00
37371	73.50	370.00
37373	73.30	370.00
37376	73.20	370.00
37378	73.10	370.00
37380	73.80	374.00
37383	73.60	370.00
37385	73.60	370.00
37387	73.10	370.00
37389	72.80	370.00
37392	73.60	370.00
37394	73.60	370.00
37396	73.00	368.00
37399	72.90	368.00
37401	73.20	370.00
37403	73.40	370.00
37405	73.90	374.00
37408	72.70	368.00
37410	73.10	370.00
37412	73.60	370.00
37415	73.60	370.00
37417	73.80	370.00
37419	72.90	368.00
37421	72.90	370.00
37424	73.10	370.00
37426	73.20	370.00
37428	73.30	370.00
37431	72.90	368.00
37433	73.70	370.00
37435	73.70	370.00
37438	73.60	370.00
37440	72.90	368.00
37442	73.10	370.00
37444	73.40	370.00
37447	73.40	370.00
37449	73.60	368.00
37451	72.80	368.00
37454	73.10	368.00
37456	73.70	370.00
37458	73.10	370.00
37460	73.10	370.00
37463	72.90	368.00
37465	72.90	368.00
37467	73.30	370.00
37470	73.50	370.00
37472	73.10	368.00
37474	72.90	368.00
37476	73.10	370.00
37479	73.60	370.00
37481	73.20	370.00
37483	73.00	368.00
37486	72.90	368.00
37488	73.50	370.00
37490	73.60	370.00
37493	72.70	368.00
37495	73.10	370.00
37497	73.30	370.00
37499	73.50	370.00
37502	73.60	370.00
37504	73.00	370.00
37506	73.20	368.00
37509	73.00	370.00
37511	73.40	370.00
37513	73.30	370.00
37515	73.10	370.00
37518	73.20	370.00
37520	73.80	374.00
37522	73.60	370.00
37525	73.30	370.00
37527	72.80	368.00
37529	72.90	368.00
37531	73.30	370.00
37534	73.30	370.00
37536	73.20	368.00
37538	73.20	368.00
37541	73.10	370.00
37543	73.60	370.00
37545	73.90	374.00
37548	73.00	368.00
37550	73.00	368.00
37552	73.30	370.00
37554	73.50	370.00
37557	73.60	370.00
37559	73.10	370.00
37561	72.80	370.00
37564	73.50	370.00
37566	73.30	370.00
37568	73.30	370.00
37570	73.10	370.00
37573	73.70	370.00
37575	73.70	370.00
37577	73.70	370.00
37580	73.00	368.00
37582	73.30	370.00
37584	73.50	370.00
37586	73.50	370.00
37589	73.40	370.00
37591	72.80	368.00
37593	73.30	368.00
37596	73.50	370.00
37598	73.50	370.00
37600	73.40	370.00
37603	72.90	368.00
37605	72.90	368.00
37607	73.50	370.00
37609	73.40	370.00
37612	72.90	368.00
37614	72.90	368.00
37616	72.90	368.00
37619	73.50	370.00
37621	73.30	368.00
37623	73.00	368.00
37625	72.90	370.00
37628	73.30	370.00
37630	73.50	370.00
37632	73.10	370.00
37635	72.90	368.00
37637	73.00	368.00
37639	73.20	370.00
37641	73.50	370.00
37644	72.70	368.00
37646	73.20	370.00
37648	73.20	370.00
37651	73.20	370.00
37653	73.30	370.00
37655	72.80	370.00
37658	73.10	368.00
37660	73.50	370.00
37662	73.40	370.00
37664	73.60	370.00
37667	73.20	370.00
37669	73.10	370.00
37671	73.60	370.00
37674	73.20	370.00
37676	73.30	370.00
37678	73.30	370.00
37680	73.10	370.00
37683	73.60	370.00
37685	73.40	370.00
37687	72.90	370.00
37690	72.90	368.00
37692	73.40	370.00
37694	73.70	370.00
37696	73.70	370.00
37699	73.10	370.00
37701	72.70	368.00
37703	73.20	370.00
37706	73.40	370.00
37708	73.20	368.00
37710	73.10	370.00
37713	73.00	370.00
37715	73.60	370.00
37717	73.50	370.00
37719	73.00	368.00
37722	73.40	370.00
37724	73.30	370.00
37726	73.50	370.00
37729	73.60	370.00
37731	73.10	370.00
37733	73.20	370.00
37735	73.60	370.00
37738	73.40	368.00
37740	73.50	368.00
37742	72.70	370.00
37745	73.10	368.00
37747	73.80	374.00
37749	73.30	370.00
37751	73.20	370.00
37754	73.10	370.00
37756	72.90	368.00
37758	73.50	370.00
37761	72.90	368.00
37763	73.20	370.00
37765	73.10	368.00
37768	73.60	370.00
37770	73.40	370.00
37772	73.60	368.00
37774	72.80	368.00
37777	73.50	370.00
37779	73.40	370.00
37781	73.70	370.00
37784	72.50	368.00
37786	72.60	368.00
37788	73.00	368.00
37790	73.30	370.00
37793	73.70	370.00
37795	72.70	370.00
37797	72.70	368.00
37800	73.50	370.00
37802	73.60	370.00
37804	73.70	370.00
37806	72.80	368.00
37809	73.20	370.00
37811	73.70	370.00
37813	73.60	370.00
37816	73.30	370.00
37818	73.10	370.00
37820	72.80	368.00
37823	73.40	370.00
37825	73.50	370.00
37827	72.90	368.00
37829	72.90	368.00
37832	73.10	370.00
37834	73.30	370.00
37836	73.20	370.00
37839	72.70	368.00
37841	72.80	368.00
37843	73.00	368.00
37845	73.40	370.00
37848	73.30	370.00
37850	72.90	368.00
37852	72.80	370.00
37855	73.40	370.00
37857	73.60	370.00
37859	73.40	368.00
37861	72.90	368.00
37864	73.30	370.00
37866	73.50	370.00
37868	73.50	370.00
37871	72.90	368.00
37873	73.10	368.00
37875	73.50	370.00
37878	73.50	370.00
37880	73.60	370.00
37882	73.00	368.00
37884	73.10	368.00
37887	73.50	370.00
37889	73.50	370.00
37891	73.70	368.00
37894	73.40	370.00
37896	72.90	368.00
37898	73.60	370.00
37900	72.90	368.00
37903	73.00	368.00
37905	72.90	368.00
37907	73.30	370.00
37910	73.50	370.00
37912	73.70	370.00
37914	72.80	370.00
37916	73.10	368.00
37919	73.40	370.00
37921	73.80	374.00
37923	72.70	368.00
37926	73.00	368.00
37928	72.90	368.00
37930	73.30	370.00
37933	73.30	370.00
37935	72.80	368.00
37937	72.90	368.00
37939	73.40	370.00
37942	73.30	370.00
37944	73.10	370.00
37946	73.10	370.00
37949	73.00	368.00
37951	72.80	368.00
37953	73.70	370.00
37955	72.90	368.00
37958	73.20	370.00
37960	73.30	370.00
37962	73.40	370.00
37965	73.60	370.00
37967	73.20	370.00
37969	73.20	368.00
37971	73.10	368.00
37974	73.80	370.00
37976	73.80	370.00
37978	72.90	368.00
37981	73.00	368.00
37983	73.50	370.00
37985	73.10	370.00
37988	73.40	370.00
37990	73.10	370.00
37992	72.90	368.00
37994	73.40	370.00
37997	73.60	370.00
37999	73.70	370.00
38001	73.10	368.00
38004	72.80	370.00
38006	73.50	370.00
38008	73.50	370.00
38010	73.10	370.00
38013	73.00	368.00
38015	73.30	370.00
38017	73.50	370.00
38020	73.40	370.00
38022	72.80	368.00
38024	72.90	368.00
38026	73.30	370.00
38029	73.60	374.00
38031	73.70	368.00
38033	73.10	368.00
38036	73.00	370.00
38038	73.40	370.00
38040	73.40	370.00
38043	72.90	368.00
38045	73.10	370.00
38047	73.40	370.00
38049	73.60	370.00
38052	73.50	370.00
38054	73.10	370.00
38056	73.20	370.00
38059	73.50	370.00
38061	73.20	370.00
38063	73.20	368.00
38065	73.10	368.00
38068	73.10	368.00
38070	73.30	370.00
38072	73.30	370.00
38075	73.00	368.00
38077	72.90	368.00
38079	73.20	370.00
38081	73.40	370.00
38084	73.60	370.00
38086	72.90	370.00
38088	73.10	370.00
38091	73.10	368.00
38093	73.20	370.00
38095	73.40	370.00
38098	73.10	368.00
38100	73.10	370.00
38102	74.00	374.00
38104	73.80	374.00
38107	72.80	368.00
38109	72.90	368.00
38111	73.00	368.00
38114	73.00	370.00
38116	73.60	370.00
38118	72.80	368.00
38120	72.90	370.00
38123	73.10	370.00
38125	73.50	370.00
38127	73.20	370.00
38130	73.00	368.00
38132	72.90	368.00
38134	73.50	370.00
38136	73.80	374.00
38139	73.50	370.00
38141	73.10	370.00
38143	73.10	370.00
38146	73.60	370.00
38148	73.50	370.00
38150	73.20	368.00
38153	73.30	370.00
38155	73.60	370.00
38157	73.50	370.00
38159	73.70	370.00
38162	73.10	370.00
38164	73.00	368.00
38166	73.10	370.00
38169	73.40	370.00
38171	73.20	370.00
38173	72.80	370.00
38175	72.90	370.00
38178	73.30	370.00
38180	73.10	370.00
38182	73.40	368.00
38185	73.00	368.00
38187	73.50	370.00
38189	74.00	374.00
38191	73.60	370.00
38194	73.00	368.00
38196	73.20	370.00
38198	73.60	370.00
38201	73.50	370.00
38203	73.40	368.00
38205	73.30	368.00
38208	73.10	368.00
38210	73.70	370.00
38212	73.60	370.00
38214	73.00	368.00
38217	72.70	368.00
38219	72.90	368.00
38221	73.50	370.00
38224	73.50	370.00
38226	73.00	368.00
38228	73.20	370.00
38230	73.20	370.00
38233	73.30	370.00
38235	73.40	370.00
38237	73.20	368.00
38240	73.00	368.00
38242	73.20	370.00
38244	73.70	370.00
38246	72.90	368.00
38249	73.10	370.00
38251	73.00	368.00
38253	86.90	440.00
38256	85.70	432.00
38258	85.80	432.00
38260	85.90	432.00
38263	86.10	432.00
38265	86.40	436.00
38267	86.10	432.00
38269	86.20	432.00
38272	86.10	432.00
38274	86.50	436.00
38276	85.90	432.00
38279	86.50	436.00
38281	86.20	432.00
38283	86.40	436.00
38285	86.00	432.00
38288	86.30	432.00
38290	86.30	436.00
38292	86.40	436.00
38295	86.30	432.00
38297	86.00	436.00
38299	86.30	436.00
38301	86.50	436.00
38304	85.90	432.00
38306	85.90	432.00
38308	85.90	432.00
38311	86.30	436.00
38313	86.30	436.00
38315	86.10	432.00
38318	85.90	432.00
38320	85.90	436.00
38322	86.40	432.00
38324	86.00	436.00
38327	86.10	436.00
38329	86.20	432.00
38331	86.10	432.00
38334	86.30	436.00
38336	86.10	432.00
38338	86.00	432.00
38340	90.10	452.00
38343	88.80	446.00
38345	90.30	456.00
38347	92.00	462.00
38350	92.00	462.00
38352	92.00	462.00
38354	91.50	466.00
38356	92.10	466.00
38359	91.80	462.00
38361	91.30	458.00
38363	90.20	456.00
38366	89.20	448.00
38368	88.80	446.00
38370	87.70	442.00
38373	77.50	390.00
38375	73.80	370.00
38377	73.10	370.00
38379	72.90	368.00
38382	73.60	370.00
38384	73.10	370.00
38386	73.10	370.00
38389	73.10	368.00
38391	73.00	368.00
38393	73.50	370.00
38395	73.50	370.00
38398	73.00	368.00
38400	73.10	370.00
38402	73.20	370.00
38405	73.30	370.00
38407	73.20	370.00
38409	72.90	368.00
38411	72.90	368.00
38414	73.20	370.00
38416	73.40	370.00
38418	73.50	370.00
38421	73.00	368.00
38423	72.70	368.00
38425	73.40	370.00
38428	73.40	370.00
38430	73.50	370.00
38432	73.00	368.00
38434	72.80	370.00
38437	73.50	370.00
38439	73.30	370.00
38441	72.80	368.00
38444	72.80	368.00
38446	73.50	370.00
38448	73.60	370.00
38450	73.50	370.00
38453	73.10	370.00
38455	73.00	368.00
38457	73.50	370.00
38460	73.30	370.00
38462	73.40	386.00
38464	63.30	322.00
38466	63.60	324.00
38469	64.00	322.00
38471	63.90	324.00
38473	80.80	406.00
38476	73.10	370.00
38478	73.70	370.00
38480	73.40	370.00
38483	73.30	370.00
38485	72.90	368.00
38487	73.20	370.00
38489	73.50	370.00
38492	73.60	370.00
38494	73.80	370.00
38496	73.00	368.00
38499	72.90	370.00
38501	73.50	370.00
38503	73.00	368.00
38505	73.00	368.00
38508	72.90	368.00
38510	73.40	370.00
38512	73.70	370.00
38515	73.50	370.00
38517	72.90	368.00
38519	73.10	368.00
38521	73.30	370.00
38524	73.60	370.00
38526	73.60	370.00
38528	72.90	368.00
38531	73.00	368.00
38533	73.40	370.00
38535	73.30	370.00
38538	73.00	368.00
38540	73.20	370.00
38542	73.00	368.00
38544	73.60	370.00
38547	73.50	370.00
38549	73.20	368.00
38551	73.00	368.00
38554	73.00	370.00
38556	73.50	370.00
38558	73.40	370.00
38560	73.20	370.00
38563	72.80	368.00
38565	73.50	370.00
38567	73.40	370.00
38570	73.10	370.00
38572	73.00	368.00
38574	73.10	370.00
38576	73.40	370.00
38579	73.30	370.00
38581	72.70	368.00
38583	72.80	370.00
38586	72.80	370.00
38588	73.30	370.00
38590	73.20	370.00
38593	73.20	370.00
38595	73.20	370.00
38597	73.80	374.00
38599	73.90	374.00
38602	73.70	370.00
38604	73.10	370.00
38606	73.10	368.00
38609	73.20	370.00
38611	73.50	370.00
38613	73.60	370.00
38615	73.20	368.00
38618	73.60	370.00
38620	73.80	374.00
38622	73.30	370.00
38625	72.90	368.00
38627	72.60	368.00
38629	73.20	370.00
38631	73.50	370.00
38634	73.40	370.00
38636	72.80	368.00
38638	72.70	368.00
38641	73.50	370.00
38643	73.40	370.00
38645	73.30	368.00
38648	73.00	368.00
38650	73.40	370.00
38652	73.50	370.00
38654	73.70	370.00
38657	72.90	368.00
38659	73.00	368.00
38661	73.00	368.00
38664	73.30	370.00
38666	73.20	370.00
38668	73.00	368.00
38670	72.90	370.00
38673	73.50	370.00
38675	73.20	370.00
38677	73.20	370.00
38680	72.90	368.00
38682	72.80	368.00
38684	73.60	370.00
38686	73.70	370.00
38689	72.80	368.00
38691	73.00	368.00
38693	73.10	368.00
38696	73.60	368.00
38698	73.40	370.00
38700	73.40	368.00
38703	73.10	368.00
38705	73.70	370.00
38707	73.50	370.00
38709	73.20	370.00
38712	72.70	368.00
38714	73.10	370.00
38716	73.40	370.00
38719	73.40	370.00
38721	73.20	370.00
38723	72.90	370.00
38725	72.90	370.00
38728	73.70	370.00
38730	73.30	370.00
38732	72.90	370.00
38735	72.90	368.00
38737	81.40	410.00
38739	73.50	370.00
38741	73.60	370.00
38744	73.00	368.00
38746	73.10	370.00
38748	73.40	370.00
38751	73.50	370.00
38753	72.90	368.00
38755	73.10	368.00
38758	72.90	370.00
38760	73.80	370.00
38762	73.80	370.00
38764	73.00	368.00
38767	72.70	368.00
38769	73.40	370.00
38771	73.40	370.00
38774	73.60	370.00
38776	73.20	370.00
38778	73.10	368.00
38780	73.60	370.00
38783	73.50	370.00
38785	73.50	368.00
38787	73.20	368.00
38790	73.00	370.00
38792	73.70	370.00
38794	73.60	370.00
38796	72.70	368.00
38799	72.80	368.00
38801	73.10	368.00
38803	73.20	370.00
38806	73.20	370.00
38808	72.90	368.00
38810	73.10	368.00
38813	73.60	370.00
38815	73.40	370.00
38817	73.40	368.00
38819	73.10	370.00
38822	73.20	370.00
38824	73.40	370.00
38826	73.50	370.00
38829	73.00	368.00
38831	73.20	370.00
38833	73.20	370.00
38835	73.70	370.00
38838	73.30	370.00
38840	73.10	370.00
38842	73.00	370.00
38845	73.70	370.00
38847	73.50	370.00
38849	73.40	370.00
38851	72.60	368.00
38854	72.80	368.00
38856	73.20	370.00
38858	73.30	370.00
38861	73.10	370.00
38863	73.10	370.00
38865	72.70	368.00
38868	73.50	370.00
38870	73.40	370.00
38872	72.80	368.00
38874	73.10	370.00
38877	72.90	370.00
38879	73.50	370.00
38881	73.40	370.00
38884	73.00	368.00
38886	73.20	370.00
38888	73.40	370.00
38890	73.50	370.00
38893	73.20	370.00
38895	72.70	368.00
38897	73.10	370.00
38900	73.30	370.00
38902	73.70	370.00
38904	73.10	368.00
38906	72.60	370.00
38909	73.50	370.00
38911	73.00	368.00
38913	73.30	370.00
38916	72.70	368.00
38918	72.90	368.00
38920	73.70	370.00
38923	73.70	370.00
38925	73.70	370.00
38927	73.10	368.00
38929	73.10	368.00
38932	73.40	370.00
38934	73.40	370.00
38936	73.60	368.00
38939	73.00	368.00
38941	73.60	370.00
38943	73.40	370.00
38945	73.60	370.00
38948	73.00	368.00
38950	73.00	368.00
38952	73.70	370.00
38955	73.50	370.00
38957	73.40	368.00
38959	73.20	370.00
38961	72.90	368.00
38964	73.30	368.00
38966	73.30	370.00
38968	72.70	368.00
38971	73.00	368.00
38973	73.30	370.00
38975	73.60	370.00
38978	73.80	374.00
38980	72.90	368.00
38982	73.00	368.00
38984	73.30	370.00
38987	73.00	370.00
38989	73.30	368.00
38991	73.00	370.00
38994	72.60	368.00
38996	73.50	370.00
38998	73.70	370.00
39000	73.10	368.00
39003	73.20	370.00
39005	73.00	368.00
39007	73.30	370.00
39010	73.70	370.00
39012	72.90	368.00
39014	73.20	368.00
39016	73.10	370.00
39019	73.10	370.00
39021	73.60	370.00
39023	73.00	370.00
39026	72.60	368.00
39028	73.50	370.00
39030	73.50	370.00
39033	73.60	370.00
39035	72.70	368.00
39037	73.10	370.00
39039	73.40	370.00
39042	73.40	370.00
39044	73.10	370.00
39046	73.10	368.00
39049	73.30	370.00
39051	73.50	370.00
39053	73.30	370.00
39055	72.80	368.00
39058	72.90	368.00
39060	73.30	370.00
39062	73.60	370.00
39065	73.60	370.00
39067	72.80	368.00
39069	73.00	368.00
39071	73.10	370.00
39074	73.30	370.00
39076	73.30	370.00
39078	73.00	368.00
39081	72.90	370.00
39083	73.60	370.00
39085	73.50	370.00
39088	72.70	368.00
39090	73.20	370.00
39092	73.50	370.00
39094	73.10	368.00
39097	73.70	370.00
39099	73.10	370.00
39101	72.80	368.00
39104	73.60	370.00
39106	73.40	368.00
39108	73.10	368.00
39110	73.00	368.00
39113	73.20	370.00
39115	73.50	370.00
39117	73.30	370.00
39120	72.80	368.00
39122	72.80	368.00
39124	72.80	368.00
39126	73.00	368.00
39129	73.30	370.00
39131	73.30	370.00
39133	72.80	370.00
39136	73.40	374.00
39138	73.60	370.00
39140	73.50	368.00
39143	72.80	368.00
39145	73.20	370.00
39147	73.20	370.00
39149	73.50	370.00
39152	72.90	368.00
39154	73.40	370.00
39156	72.80	368.00
39159	73.40	370.00
39161	73.20	370.00
39163	73.10	370.00
39165	72.90	368.00
39168	73.50	370.00
39170	73.40	370.00
39172	73.90	374.00
39175	73.10	368.00
39177	72.80	368.00
39179	73.20	370.00
39181	73.30	370.00
39184	72.80	368.00
39186	73.30	370.00
39188	73.00	370.00
39191	73.70	370.00
39193	73.40	370.00
39195	72.90	368.00
39198	72.90	368.00
39200	73.60	370.00
39202	73.10	370.00
39204	73.10	368.00
39207	73.00	368.00
39209	73.00	368.00
39211	73.70	370.00
39214	73.50	370.00
39216	73.50	370.00
39218	72.70	370.00
39220	72.70	370.00
39223	73.50	370.00
39225	73.70	370.00
39227	73.40	368.00
39230	72.90	368.00
39232	73.50	370.00
39234	73.30	370.00
39236	73.80	374.00
39239	72.90	368.00
39241	73.30	370.00
39243	73.50	370.00
39246	73.30	370.00
39248	73.60	370.00
39250	73.10	370.00
39253	72.90	368.00
39255	73.50	370.00
39257	73.30	370.00
39259	73.00	368.00
39262	73.10	370.00
39264	73.50	370.00
39266	73.90	374.00
39269	73.50	370.00
39271	73.10	370.00
39273	73.10	370.00
39275	73.40	370.00
39278	73.20	370.00
39280	73.60	370.00
39282	73.10	368.00
39285	73.10	368.00
39287	73.40	370.00
39289	73.50	370.00
39291	73.10	370.00
39294	73.00	368.00
39296	72.80	368.00
39298	73.30	370.00
39301	73.60	370.00
39303	73.10	368.00
39305	72.50	370.00
39308	73.30	370.00
39310	73.20	370.00
39312	73.40	370.00
39314	73.10	368.00
39317	73.10	370.00
39319	73.60	370.00
39321	73.40	370.00
39324	72.80	368.00
39326	73.00	368.00
39328	73.30	370.00
39330	73.30	370.00
39333	73.40	370.00
39335	72.60	368.00
39337	73.10	368.00
39340	73.00	432.00
39342	87.00	432.00
39344	85.80	432.00
39346	85.80	432.00
39349	86.20	432.00
39351	86.00	432.00
39353	85.90	432.00
39356	85.90	432.00
39358	86.10	432.00
39360	85.70	432.00
39363	85.70	432.00
39365	86.00	436.00
39367	86.40	436.00
39369	86.20	436.00
39372	86.30	432.00
39374	86.30	436.00
39376	85.90	432.00
39379	86.20	436.00
39381	86.10	432.00
39383	85.70	432.00
39385	86.00	432.00
39388	86.10	432.00
39390	86.10	432.00
39392	86.00	432.00
39395	86.20	436.00
39397	86.30	432.00
39399	86.30	432.00
39401	86.10	432.00
39404	86.10	432.00
39406	86.30	436.00
39408	86.30	436.00
39411	86.40	436.00
39413	86.20	432.00
39415	86.30	436.00
39418	86.10	432.00
39420	86.10	436.00
39422	86.40	436.00
39424	86.60	436.00
39427	86.30	432.00
39429	89.20	456.00
39431	90.70	456.00
39434	91.10	458.00
39436	92.20	466.00
39438	92.10	466.00
39440	92.00	462.00
39443	92.50	466.00
39445	92.40	466.00
39447	92.10	466.00
39450	91.60	458.00
39452	90.70	456.00
39454	89.60	446.00
39456	88.60	456.00
39459	87.70	396.00
39461	73.50	370.00
39463	73.30	370.00
39466	73.10	370.00
39468	72.90	368.00
39470	73.60	370.00
39473	73.60	370.00
39475	72.80	368.00
39477	72.90	368.00
39479	73.10	370.00
39482	73.20	370.00
39484	73.50	370.00
39486	72.60	368.00
39489	73.00	368.00
39491	73.50	370.00
39493	73.50	370.00
39495	73.50	370.00
39498	73.30	370.00
39500	72.80	368.00
39502	73.40	370.00
39505	73.40	370.00
39507	73.20	370.00
39509	73.00	370.00
39511	72.90	370.00
39514	73.40	370.00
39516	73.40	370.00
39518	73.00	368.00
39521	72.80	368.00
39523	73.60	370.00
39525	73.40	370.00
39528	73.70	370.00
39530	72.60	368.00
39532	72.80	368.00
39534	73.30	370.00
39537	73.40	370.00
39539	73.20	370.00
39541	72.80	370.00
39544	72.90	370.00
39546	73.60	374.00
39548	73.50	370.00
39550	72.90	368.00
39553	73.20	370.00
39555	73.50	370.00
39557	73.30	370.00
39560	73.80	374.00
39562	72.90	368.00
39564	73.40	370.00
39566	73.50	370.00
39569	73.30	370.00
39571	73.80	368.00
39573	72.90	370.00
39576	73.10	370.00
39578	73.60	370.00
39580	73.40	370.00
39583	73.10	370.00
39585	73.30	370.00
39587	73.60	370.00
39589	73.60	370.00
39592	73.20	370.00
39594	72.70	368.00
39596	73.30	370.00
39599	73.50	370.00
39601	73.60	370.00
39603	73.70	368.00
39605	73.10	368.00
39608	72.90	368.00
39610	73.50	370.00
39612	73.20	370.00
39615	73.00	368.00
39617	72.80	368.00
39619	72.70	368.00
39621	73.60	370.00
39624	73.40	370.00
39626	72.90	370.00
39628	73.00	368.00
39631	73.10	370.00
39633	73.60	374.00
39635	74.00	374.00
39638	73.00	368.00
39640	72.90	368.00
39642	73.40	370.00
39644	73.20	370.00
39647	73.20	370.00
39649	72.70	368.00
39651	73.30	370.00
39654	73.50	370.00
39656	73.50	370.00
39658	72.90	370.00
39660	73.00	368.00
39663	73.40	370.00
39665	73.60	370.00
39667	73.20	370.00
39670	73.10	370.00
39672	73.00	368.00
39674	73.70	370.00
39676	73.50	370.00
39679	73.50	370.00
39681	73.10	370.00
39683	73.20	370.00
39686	73.30	370.00
39688	73.60	370.00
39690	73.70	368.00
39693	72.90	368.00
39695	73.50	370.00
39697	73.30	370.00
39699	73.50	370.00
39702	72.70	368.00
39704	73.10	368.00
39706	73.30	370.00
39709	73.50	370.00
39711	73.30	368.00
39713	73.10	370.00
39715	72.80	370.00
39718	73.30	370.00
39720	73.30	370.00
39722	72.70	368.00
39725	73.00	368.00
39727	73.50	370.00
39729	73.60	370.00
39731	73.60	370.00
39734	72.80	368.00
39736	73.20	370.00
39738	73.20	370.00
39741	73.40	370.00
39743	73.50	370.00
39745	72.70	370.00
39748	72.70	368.00
39750	73.30	370.00
39752	73.20	370.00
39754	73.40	370.00
39757	73.20	370.00
39759	73.00	368.00
39761	73.60	370.00
39764	73.70	370.00
39766	73.10	368.00
39768	72.90	368.00
39770	73.00	370.00
39773	73.70	370.00
39775	73.40	368.00
39777	73.00	368.00
39780	72.70	368.00
39782	73.70	370.00
39784	73.60	370.00
39786	73.60	370.00
39789	73.20	370.00
39791	72.90	368.00
39793	73.10	368.00
39796	73.60	370.00
39798	73.20	370.00
39800	72.80	368.00
39803	73.10	370.00
39805	73.60	370.00
39807	73.00	370.00
39809	73.10	368.00
39812	73.20	370.00
39814	73.50	370.00
39816	73.60	370.00
39819	73.70	370.00
39821	72.90	368.00
39823	73.30	370.00
39825	72.90	370.00
39828	73.30	370.00
39830	72.90	370.00
39832	72.80	370.00
39835	73.20	370.00
39837	73.70	370.00
39839	73.30	370.00
39841	73.00	368.00
39844	73.10	370.00
39846	73.20	370.00
39848	73.20	370.00
39851	73.40	370.00
39853	72.90	368.00
39855	73.20	370.00
39858	73.50	370.00
39860	73.60	370.00
39862	73.80	368.00
39864	72.80	368.00
39867	73.10	368.00
39869	73.70	370.00
39871	73.50	370.00
39874	73.00	368.00
39876	73.10	370.00
39878	73.50	370.00
39880	73.40	370.00
39883	73.20	370.00
39885	73.10	370.00
39887	73.10	370.00
39890	73.70	370.00
39892	73.60	370.00
39894	73.20	368.00
39896	72.90	368.00
39899	72.90	368.00
39901	73.20	370.00
39903	73.50	370.00
39906	72.70	368.00
39908	72.80	368.00
39910	73.20	370.00
39913	73.60	370.00
39915	73.40	370.00
39917	72.80	368.00
39919	73.00	370.00
39922	73.00	370.00
39924	73.30	370.00
39926	73.20	370.00
39929	73.10	368.00
39931	73.10	370.00
39933	73.60	370.00
39935	73.70	370.00
39938	73.10	370.00
39940	73.00	368.00
39942	73.20	370.00
39945	73.10	370.00
39947	73.90	370.00
39949	72.60	368.00
39951	72.80	368.00
39954	73.30	370.00
39956	73.50	370.00
39958	73.00	368.00
39961	73.30	370.00
39963	72.70	368.00
39965	73.60	370.00
39968	73.80	374.00
39970	73.80	374.00
39972	73.20	368.00
39974	73.20	370.00
39977	73.20	370.00
39979	73.60	370.00
39981	73.10	370.00
39984	72.80	368.00
39986	73.60	370.00
39988	73.30	370.00
39990	73.60	370.00
39993	73.00	368.00
39995	72.70	368.00
39997	73.60	370.00
40000	73.20	370.00
40002	73.10	368.00
40004	73.00	368.00
40006	72.70	370.00
40009	73.60	370.00
40011	73.40	370.00
40013	73.00	368.00
40016	72.90	368.00
40018	73.40	370.00
40020	73.80	374.00
40023	73.60	370.00
40025	72.80	368.00
40027	72.80	368.00
40029	73.40	370.00
40032	73.00	370.00
40034	73.30	370.00
40036	73.10	368.00
40039	72.70	368.00
40041	73.90	374.00
40043	73.60	370.00
40045	72.70	368.00
40048	72.80	368.00
40050	72.90	368.00
40052	73.60	370.00
40055	73.60	370.00
40057	73.00	368.00
40059	73.20	368.00
40061	73.40	370.00
40064	73.50	370.00
40066	73.40	370.00
40068	72.80	368.00
40071	72.90	368.00
40073	73.30	370.00
40075	73.50	370.00
40078	73.20	370.00
40080	72.70	368.00
40082	72.90	368.00
40084	73.60	370.00
40087	73.50	370.00
40089	72.90	368.00
40091	72.90	368.00
40094	72.90	370.00
40096	73.40	370.00
40098	73.70	370.00
40100	72.90	368.00
40103	72.80	368.00
40105	73.30	370.00
40107	73.00	368.00
40110	73.30	370.00
40112	72.80	368.00
40114	72.90	368.00
40116	73.60	370.00
40119	73.40	370.00
40121	73.10	368.00
40123	72.90	370.00
40126	72.70	370.00
40128	73.30	370.00
40130	73.60	370.00
40133	72.90	368.00
40135	73.20	370.00
40137	73.70	370.00
40139	73.50	370.00
40142	73.60	370.00
40144	73.10	370.00
40146	73.30	368.00
40149	73.20	370.00
40151	73.60	370.00
40153	73.60	370.00
40155	72.90	368.00
40158	73.20	370.00
40160	73.60	370.00
40162	73.10	368.00
40165	73.10	368.00
40167	72.70	368.00
40169	73.20	370.00
40171	73.60	370.00
40174	73.50	370.00
40176	73.20	370.00
40178	73.10	370.00
40181	73.50	370.00
40183	72.80	368.00
40185	73.30	368.00
40188	72.80	368.00
40190	72.80	368.00
40192	73.60	370.00
40194	73.50	370.00
40197	72.90	368.00
40199	72.80	368.00
40201	73.10	370.00
40204	73.10	370.00
40206	73.40	370.00
40208	73.10	370.00
40210	73.20	368.00
40213	73.50	370.00
40215	73.20	370.00
40217	73.20	370.00
40220	73.10	370.00
40222	73.20	370.00
40224	73.60	370.00
40226	73.50	370.00
40229	72.80	368.00
40231	73.40	370.00
40233	73.10	368.00
40236	73.30	370.00
40238	73.20	370.00
40240	72.90	368.00
40243	73.20	368.00
40245	73.80	374.00
40247	73.60	370.00
40249	73.40	370.00
40252	73.10	370.00
40254	72.80	368.00
40256	72.90	368.00
40259	73.60	370.00
40261	73.30	370.00
40263	73.10	370.00
40265	72.80	370.00
40268	73.40	370.00
40270	73.10	368.00
40272	73.20	368.00
40275	73.30	370.00
40277	73.50	370.00
40279	73.40	370.00
40281	73.60	370.00
40284	72.80	368.00
40286	73.10	370.00
40288	73.30	370.00
40291	73.30	370.00
40293	73.00	368.00
40295	72.90	368.00
40298	72.70	374.00
40300	73.60	370.00
40302	73.90	374.00
40304	73.00	368.00
40307	72.90	368.00
40309	73.50	370.00
40311	73.00	368.00
40314	73.60	370.00
40316	72.80	368.00
40318	73.10	368.00
40320	73.60	370.00
40323	73.40	370.00
40325	73.40	370.00
40327	73.00	368.00
40330	72.90	368.00
40332	73.70	370.00
40334	73.70	370.00
40336	72.90	368.00
40339	73.10	370.00
40341	73.20	370.00
40343	73.60	370.00
40346	73.20	370.00
40348	73.30	370.00
40350	73.10	370.00
40353	73.50	370.00
40355	73.70	370.00
40357	73.50	368.00
40359	72.90	370.00
40362	73.00	368.00
40364	73.30	370.00
40366	73.10	370.00
40369	72.90	368.00
40371	72.90	368.00
40373	73.10	368.00
40375	73.40	370.00
40378	73.10	370.00
40380	72.80	368.00
40382	73.00	370.00
40385	72.60	370.00
40387	73.20	370.00
40389	73.60	370.00
40391	72.80	368.00
40394	73.10	368.00
40396	73.20	370.00
40398	73.40	370.00
40401	73.10	368.00
40403	72.90	368.00
40405	72.90	368.00
40408	73.30	370.00
40410	73.60	370.00
40412	73.10	368.00
40414	72.90	370.00
40417	72.80	368.00
40419	73.50	370.00
40421	73.10	368.00
40424	73.00	368.00
40426	73.10	368.00
40428	77.60	390.00
40430	87.10	440.00
40433	85.90	432.00
40435	86.00	432.00
40437	85.90	432.00
40440	86.00	432.00
40442	85.70	432.00
40444	86.00	436.00
40446	85.80	432.00
40449	86.00	432.00
40451	86.30	436.00
40453	86.00	432.00
40456	86.10	432.00
40458	86.20	432.00
40460	86.10	432.00
40463	86.10	432.00
40465	86.00	436.00
40467	86.30	432.00
40469	86.30	436.00
40472	86.10	432.00
40474	86.10	432.00
40476	86.10	432.00
40479	86.30	436.00
40481	86.40	436.00
40483	86.20	432.00
40485	86.10	432.00
40488	86.10	432.00
40490	86.10	432.00
40492	86.30	436.00
40495	86.10	432.00
40497	86.00	436.00
40499	86.20	432.00
40501	86.30	436.00
40504	86.10	436.00
40506	85.80	432.00
40508	86.10	432.00
40511	86.00	432.00
40513	86.20	432.00
40515	86.20	432.00
40518	90.60	456.00
40520	90.80	458.00
40522	91.20	458.00
40524	91.40	458.00
40527	91.80	462.00
40529	91.70	462.00
40531	91.70	462.00
40534	92.30	466.00
40536	91.60	462.00
40538	90.80	456.00
40540	90.50	456.00
40543	88.80	446.00
40545	88.70	446.00
40547	82.30	412.00
40550	73.10	370.00
40552	73.30	370.00
40554	73.10	370.00
40556	73.10	370.00
40559	73.90	370.00
40561	73.40	370.00
40563	72.80	368.00
40566	72.90	368.00
40568	73.20	370.00
40570	73.20	370.00
40573	74.00	374.00
40575	72.80	368.00
40577	73.20	370.00
40579	73.60	370.00
40582	73.20	370.00
40584	73.40	370.00
40586	72.90	368.00
40589	72.60	370.00
40591	73.50	370.00
40593	73.80	374.00
40595	73.20	370.00
40598	73.10	370.00
40600	73.40	370.00
40602	73.60	370.00
40605	73.40	370.00
40607	72.80	368.00
40609	73.00	368.00
40611	73.70	370.00
40614	73.80	370.00
40616	73.30	368.00
40618	73.10	368.00
40621	73.30	368.00
40623	73.40	370.00
40625	73.40	370.00
40628	73.30	370.00
40630	72.80	368.00
40632	73.20	370.00
40634	73.40	370.00
40637	73.20	370.00
40639	73.00	368.00
40641	73.00	368.00
40644	73.70	370.00
40646	73.60	374.00
40648	73.60	368.00
40650	72.80	368.00
40653	73.00	368.00
40655	72.90	368.00
40657	73.30	370.00
40660	73.10	370.00
40662	72.60	368.00
40664	73.40	370.00
40666	73.40	370.00
40669	73.60	370.00
40671	72.90	368.00
40673	73.10	370.00
40676	72.90	370.00
40678	73.60	370.00
40680	73.30	370.00
40683	73.20	370.00
40685	73.30	370.00
40687	73.40	370.00
40689	73.40	370.00
40692	73.00	368.00
40694	73.10	368.00
40696	73.20	370.00
40699	73.30	370.00
40701	73.50	370.00
40703	72.80	370.00
40705	73.10	370.00
40708	73.40	370.00
40710	73.40	370.00
40712	73.10	370.00
40715	73.30	370.00
40717	73.00	368.00
40719	73.60	370.00
40721	73.40	370.00
40724	73.80	374.00
40726	72.80	368.00
40728	73.20	370.00
40731	73.00	370.00
40733	73.40	370.00
40735	73.10	370.00
40738	72.90	368.00
40740	73.70	370.00
40742	73.60	370.00
40744	73.30	370.00
40747	72.90	368.00
40749	72.60	368.00
40751	73.80	374.00
40754	73.20	370.00
40756	73.60	368.00
40758	72.70	368.00
40760	72.80	370.00
40763	73.50	370.00
40765	73.60	370.00
40767	72.80	368.00
40770	73.10	370.00
40772	73.60	370.00
40774	73.40	370.00
40776	73.60	370.00
40779	72.80	368.00
40781	73.10	368.00
40783	73.60	370.00
40786	73.30	370.00
40788	73.30	368.00
40790	72.90	368.00
40793	72.90	368.00
40795	73.60	370.00
40797	73.40	370.00
40799	73.20	370.00
40802	73.00	368.00
40804	72.80	368.00
40806	73.40	370.00
40809	73.70	370.00
40811	73.30	370.00
40813	73.30	370.00
40815	73.80	370.00
40818	73.50	370.00
40820	73.50	370.00
40822	72.90	370.00
40825	73.10	368.00
40827	73.40	370.00
40829	73.30	370.00
40831	73.10	370.00
40834	73.00	368.00
40836	72.90	368.00
40838	73.60	370.00
40841	73.20	370.00
40843	73.30	368.00
40845	72.90	370.00
40848	72.70	370.00
40850	73.50	370.00
40852	73.70	370.00
40854	72.80	368.00
40857	73.30	370.00
40859	73.20	370.00
40861	73.40	370.00
40864	73.20	370.00
40866	73.30	370.00
40868	73.30	370.00
40870	73.70	370.00
40873	73.40	370.00
40875	72.90	370.00
40877	73.10	368.00
40880	72.80	370.00
40882	72.90	370.00
40884	73.70	370.00
40886	73.10	368.00
40889	73.20	370.00
40891	73.90	374.00
40893	73.60	370.00
40896	73.20	370.00
40898	73.10	368.00
40900	72.80	368.00
40903	73.70	370.00
40905	73.70	370.00
40907	73.70	370.00
40909	73.00	368.00
40912	73.30	370.00
40914	73.10	368.00
40916	73.50	370.00
40919	73.30	370.00
40921	72.90	368.00
40923	73.30	370.00
40925	73.40	370.00
40928	73.50	370.00
40930	73.10	368.00
40932	73.00	370.00
40935	73.50	370.00
40937	73.60	370.00
40939	73.40	368.00
40941	72.80	368.00
40944	72.90	368.00
40946	73.40	370.00
40948	73.30	370.00
40951	73.00	368.00
40953	72.90	368.00
40955	73.30	370.00
40958	73.40	370.00
40960	73.40	370.00
40962	73.10	370.00
40964	72.90	368.00
40967	73.60	370.00
40969	73.40	370.00
40971	73.10	370.00
40974	73.10	368.00
40976	73.30	370.00
40978	73.50	370.00
40980	73.70	370.00
40983	73.30	370.00
40985	73.00	368.00
40987	73.10	370.00
40990	73.50	370.00
40992	73.30	370.00
40994	73.00	370.00
40996	72.90	368.00
40999	73.30	370.00
41001	73.40	370.00
41003	73.60	370.00
41006	72.90	368.00
41008	73.00	368.00
41010	73.30	370.00
41013	73.40	370.00
41015	73.30	370.00
41017	73.00	370.00
41019	72.90	370.00
41022	73.70	370.00
41024	73.40	370.00
41026	73.30	368.00
41029	73.00	368.00
41031	73.50	370.00
41033	73.60	370.00
41035	73.50	370.00
41038	72.90	368.00
41040	73.20	370.00
41042	73.10	368.00
41045	73.50	370.00
41047	73.40	370.00
41049	73.10	370.00
41051	72.90	370.00
41054	73.40	370.00
41056	73.50	374.00
41058	73.00	368.00
41061	73.10	370.00
41063	73.30	370.00
41065	73.60	370.00
41068	73.30	370.00
41070	73.10	368.00
41072	73.30	370.00
41074	73.50	370.00
41077	73.50	370.00
41079	73.50	368.00
41081	73.00	368.00
41084	73.10	370.00
41086	73.60	370.00
41088	73.60	370.00
41090	73.10	368.00
41093	73.10	368.00
41095	73.30	370.00
41097	73.40	370.00
41100	73.30	370.00
41102	73.00	368.00
41104	73.00	368.00
41106	73.50	370.00
41109	73.70	370.00
41111	73.60	370.00
41113	72.80	368.00
41116	72.90	368.00
41118	73.20	370.00
41120	73.40	370.00
41123	73.20	370.00
41125	72.70	368.00
41127	73.20	370.00
41129	73.60	370.00
41132	73.60	370.00
41134	73.30	368.00
41136	73.10	370.00
41139	72.90	370.00
41141	73.20	370.00
41143	73.60	370.00
41145	73.10	370.00
41148	73.00	368.00
41150	73.40	370.00
41152	73.60	370.00
41155	73.10	370.00
41157	72.90	368.00
41159	73.10	370.00
41161	73.60	370.00
41164	73.60	370.00
41166	72.90	370.00
41168	72.90	370.00
41171	72.90	370.00
41173	73.30	370.00
41175	73.40	370.00
41178	73.10	370.00
41180	73.00	368.00
41182	73.60	370.00
41184	73.70	370.00
41187	73.50	370.00
41189	73.00	368.00
41191	73.20	368.00
41194	73.60	370.00
41196	73.60	370.00
41198	73.50	368.00
41200	73.00	368.00
41203	73.50	370.00
41205	73.60	370.00
41207	73.30	370.00
41210	73.10	370.00
41212	72.70	368.00
41214	73.50	370.00
41216	73.40	370.00
41219	73.40	370.00
41221	73.20	368.00
41223	72.80	368.00
41226	73.50	370.00
41228	73.30	370.00
41230	73.20	368.00
41233	73.20	370.00
41235	73.70	370.00
41237	73.30	370.00
41239	73.60	370.00
41242	73.20	370.00
41244	73.00	368.00
41246	73.20	370.00
41249	73.20	370.00
41251	73.50	370.00
41253	73.20	370.00
41255	73.00	370.00
41258	73.70	370.00
41260	73.60	370.00
41262	72.90	368.00
41265	73.30	370.00
41267	73.30	370.00
41269	73.20	370.00
41271	73.70	370.00
41274	72.90	368.00
41276	72.90	368.00
41278	73.30	370.00
41281	73.50	370.00
41283	73.80	370.00
41285	72.90	368.00
41288	72.90	370.00
41290	73.60	370.00
41292	73.50	370.00
41294	73.30	370.00
41297	73.20	370.00
41299	73.10	368.00
41301	73.10	370.00
41304	73.60	370.00
41306	73.30	370.00
41308	73.30	368.00
41310	73.00	370.00
41313	73.50	370.00
41315	73.70	370.00
41317	73.00	368.00
41320	73.20	370.00
41322	73.50	370.00
41324	73.20	370.00
41326	73.60	370.00
41329	73.10	370.00
41331	73.00	368.00
41333	73.60	370.00
41336	73.40	370.00
41338	73.60	368.00
41340	73.20	370.00
41343	72.70	370.00
41345	73.30	370.00
41347	73.70	370.00
41349	72.90	368.00
41352	73.30	370.00
41354	73.40	370.00
41356	73.40	370.00
41359	73.50	370.00
41361	72.90	368.00
41363	72.90	368.00
41365	73.30	370.00
41368	73.50	370.00
41370	73.50	370.00
41372	72.80	368.00
41375	73.20	370.00
41377	73.70	370.00
41379	73.10	370.00
41381	73.40	370.00
41384	73.30	370.00
41386	73.70	370.00
41388	73.70	370.00
41391	73.60	370.00
41393	73.00	368.00
41395	73.30	370.00
41398	73.60	370.00
41400	73.30	370.00
41402	73.40	368.00
41404	73.10	370.00
41407	73.20	370.00
41409	73.70	370.00
41411	73.40	370.00
41414	73.00	368.00
41416	72.90	368.00
41418	73.00	368.00
41420	73.50	370.00
41423	73.70	370.00
41425	73.40	368.00
41427	73.00	368.00
41430	73.10	370.00
41432	73.60	370.00
41434	72.90	368.00
41436	72.80	368.00
41439	73.20	370.00
41441	73.50	370.00
41443	73.90	374.00
41446	73.00	368.00
41448	72.90	368.00
41450	73.30	370.00
41453	73.10	370.00
41455	73.20	370.00
41457	73.20	370.00
41459	73.00	370.00
41462	73.20	370.00
41464	74.00	374.00
41466	73.60	370.00
41469	73.10	370.00
41471	73.20	370.00
41473	73.20	370.00
41475	73.70	370.00
41478	73.20	370.00
41480	72.90	368.00
41482	73.30	370.00
41485	73.60	370.00
41487	73.90	370.00
41489	72.60	370.00
41491	73.10	368.00
41494	73.30	370.00
41496	73.50	370.00
41498	73.40	370.00
41501	73.20	370.00
41503	73.10	368.00
41505	73.80	374.00
41508	73.60	370.00
41510	73.20	370.00
41512	73.50	368.00
41514	72.90	370.00
41517	73.80	440.00
41519	86.80	432.00
41521	85.90	432.00
41524	85.90	432.00
41526	86.00	432.00
41528	86.10	432.00
41530	85.90	432.00
41533	86.20	432.00
41535	86.00	432.00
41537	86.10	432.00
41540	86.00	436.00
41542	86.00	432.00
41544	86.00	436.00
41546	86.30	436.00
41549	86.30	432.00
41551	85.90	432.00
41553	86.50	436.00
41556	86.30	436.00
41558	86.70	436.00
41560	86.10	432.00
41563	86.30	436.00
41565	86.20	432.00
41567	86.10	432.00
41569	86.20	432.00
41572	85.90	432.00
41574	86.30	436.00
41576	86.20	436.00
41579	86.20	432.00
41581	86.20	432.00
41583	86.00	432.00
41585	86.60	436.00
41588	86.40	436.00
41590	86.30	436.00
41592	85.90	432.00
41595	86.30	436.00
41597	86.10	436.00
41599	86.50	436.00
41601	86.40	432.00
41604	86.20	432.00
41606	90.10	448.00
41608	90.30	456.00
41611	92.70	466.00
41613	91.30	458.00
41615	91.60	462.00
41618	92.40	466.00
41620	92.40	466.00
41622	92.40	466.00
41624	92.00	462.00
41627	90.90	458.00
41629	90.70	456.00
41631	88.70	446.00
41634	88.90	448.00
41636	81.90	406.00
41638	73.40	370.00
41640	73.10	370.00
41643	73.20	370.00
41645	73.70	370.00
41647	73.70	370.00
41650	73.80	374.00
41652	73.10	370.00
41654	73.10	370.00
41656	73.50	370.00
41659	73.60	370.00
41661	73.90	370.00
41663	72.90	370.00
41666	73.50	370.00
41668	73.50	370.00
41670	73.30	370.00
41673	73.20	370.00
41675	73.20	370.00
41677	73.80	374.00
41679	73.70	370.00
41682	73.60	370.00
41684	73.20	370.00
41686	73.30	368.00
41689	73.40	370.00
41691	73.70	370.00
41693	73.50	368.00
41695	72.80	368.00
41698	73.00	368.00
41700	73.50	370.00
41702	73.40	370.00
41705	72.90	368.00
41707	73.20	370.00
41709	73.20	370.00
41711	73.30	370.00
41714	73.50	370.00
41716	73.20	370.00
41718	72.90	370.00
41721	73.60	374.00
41723	73.50	370.00
41725	73.00	368.00
41728	72.90	368.00
41730	73.30	370.00
41732	73.90	374.00
41734	73.70	370.00
41737	72.90	368.00
41739	73.20	370.00
41741	73.20	370.00
41744	73.30	368.00
41746	73.90	370.00
41748	73.10	368.00
41750	72.80	370.00
41753	73.80	374.00
41755	73.50	370.00
41757	73.90	374.00
41760	73.00	368.00
41762	73.20	370.00
41764	73.50	370.00
41766	73.30	370.00
41769	73.20	370.00
41771	73.50	370.00
41773	73.20	370.00
41776	74.00	370.00
41778	73.60	370.00
41780	73.20	368.00
41783	73.40	370.00
41785	73.50	370.00
41787	73.40	370.00
41789	73.60	370.00
41792	73.00	368.00
41794	72.90	368.00
41796	73.70	370.00
41799	73.50	370.00
41801	73.40	370.00
41803	73.40	370.00
41805	72.80	370.00
41808	73.60	370.00
41810	73.30	370.00
41812	72.90	368.00
41815	73.10	368.00
41817	73.60	370.00
41819	73.60	370.00
41821	73.80	374.00
41824	72.80	368.00
41826	73.10	370.00
41828	73.80	374.00
41831	73.40	374.00
41833	73.80	370.00
41835	73.00	370.00
41838	72.90	370.00
41840	73.50	374.00
41842	73.30	370.00
41844	73.00	368.00
41847	73.40	370.00
41849	73.30	370.00
41851	73.70	370.00
41854	73.80	374.00
41856	73.10	370.00
41858	73.20	368.00
41860	73.30	370.00
41863	73.40	370.00
41865	73.70	370.00
41867	72.90	370.00
41870	72.70	368.00
41872	73.30	370.00
41874	73.30	370.00
41876	73.10	368.00
41879	73.30	370.00
41881	73.00	368.00
41883	73.70	370.00
41886	73.60	370.00
41888	73.50	368.00
41890	73.10	370.00
41893	73.10	370.00
41895	73.50	370.00
41897	73.70	370.00
41899	72.90	368.00
41902	73.30	370.00
41904	73.50	370.00
41906	73.70	370.00
41909	73.20	370.00
41911	72.90	368.00
41913	73.20	370.00
41915	73.60	370.00
41918	73.20	370.00
41920	73.00	370.00
41922	72.80	370.00
41925	72.90	370.00
41927	73.40	370.00
41929	73.70	370.00
41931	73.10	368.00
41934	73.20	370.00
41936	73.70	370.00
41938	73.80	374.00
41941	74.00	374.00
41943	73.00	368.00
41945	73.40	370.00
41948	73.70	370.00
41950	73.40	370.00
41952	73.40	370.00
41954	73.00	368.00
41957	73.20	370.00
41959	73.60	370.00
41961	73.50	370.00
41964	73.40	370.00
41966	73.10	368.00
41968	73.40	370.00
41970	73.80	374.00
41973	73.20	370.00
41975	73.20	368.00
41977	73.10	370.00
41980	73.70	370.00
41982	73.70	370.00
41984	73.70	370.00
41986	73.30	370.00
41989	73.10	370.00
41991	73.50	370.00
41993	73.60	370.00
41996	73.10	370.00
41998	73.00	368.00
42000	73.50	370.00
42003	73.60	370.00
42005	73.40	370.00
42007	73.10	368.00
42009	72.90	370.00
42012	73.60	370.00
42014	73.90	374.00
42016	72.80	368.00
42019	73.20	370.00
42021	73.10	368.00
42023	73.50	370.00
42025	73.50	370.00
42028	73.00	368.00
42030	73.10	370.00
42032	73.70	370.00
42035	73.50	370.00
42037	73.70	370.00
42039	72.80	370.00
42041	73.20	370.00
42044	73.20	370.00
42046	73.50	370.00
42048	73.30	370.00
42051	73.00	368.00
42053	73.20	370.00
42055	73.60	370.00
42058	73.80	374.00
42060	73.10	370.00
42062	73.10	370.00
42064	73.20	370.00
42067	73.90	370.00
42069	73.50	370.00
42071	73.10	368.00
42074	72.80	368.00
42076	73.80	374.00
42078	73.10	368.00
42080	73.30	370.00
42083	73.00	368.00
42085	73.20	370.00
42087	73.50	370.00
42090	73.60	370.00
42092	73.50	368.00
42094	73.10	368.00
42096	73.10	370.00
42099	73.50	370.00
42101	73.60	370.00
42103	72.90	368.00
42106	73.30	370.00
42108	73.60	370.00
42110	73.50	370.00
42113	73.60	370.00
42115	72.90	368.00
42117	73.10	370.00
42119	73.20	370.00
42122	73.40	370.00
42124	73.70	370.00
42126	72.90	370.00
42129	72.90	370.00
42131	73.60	370.00
42133	73.00	368.00
42135	73.20	370.00
42138	73.10	370.00
42140	73.30	370.00
42142	73.50	370.00
42145	73.60	370.00
42147	73.20	370.00
42149	73.30	368.00
42151	73.30	370.00
42154	73.50	370.00
42156	73.60	370.00
42158	73.10	368.00
42161	73.20	370.00
42163	73.60	370.00
42165	73.90	374.00
42168	73.40	370.00
42170	73.00	368.00
42172	73.00	368.00
42174	73.70	370.00
42177	73.20	370.00
42179	73.20	370.00
42181	73.30	370.00
42184	73.60	370.00
42186	73.70	370.00
42188	73.40	370.00
42190	72.90	368.00
42193	73.20	370.00
42195	73.60	370.00
42197	73.60	370.00
42200	73.20	370.00
42202	73.00	368.00
42204	73.30	370.00
42206	73.50	370.00
42209	73.20	370.00
42211	72.80	370.00
42213	72.90	370.00
42216	73.10	370.00
42218	73.80	374.00
42220	73.80	374.00
42223	73.30	370.00
42225	73.20	370.00
42227	73.40	370.00
42229	73.30	370.00
42232	73.50	370.00
42234	73.20	370.00
42236	73.50	370.00
42239	73.40	374.00
42241	73.60	370.00
42243	73.10	370.00
42245	72.80	370.00
42248	73.40	370.00
42250	73.50	370.00
42252	73.50	370.00
42255	73.30	370.00
42257	73.40	370.00
42259	73.80	374.00
42261	73.70	370.00
42264	73.40	370.00
42266	73.20	370.00
42268	72.60	370.00
42271	74.00	374.00
42273	73.80	370.00
42275	73.80	368.00
42278	73.00	368.00
42280	73.20	370.00
42282	73.40	370.00
42284	73.20	370.00
42287	73.20	370.00
42289	73.20	370.00
42291	73.60	370.00
42294	73.60	370.00
42296	73.30	368.00
42298	72.90	370.00
42300	73.10	370.00
42303	73.20	370.00
42305	73.60	370.00
42307	73.30	370.00
42310	73.20	370.00
42312	73.30	370.00
42314	73.20	370.00
42316	73.80	374.00
42319	73.10	370.00
42321	73.30	370.00
42323	73.70	370.00
42326	73.60	370.00
42328	73.80	370.00
42330	73.30	368.00
42333	73.10	368.00
42335	73.40	370.00
42337	73.40	370.00
42339	73.30	370.00
42342	73.00	368.00
42344	73.20	370.00
42346	73.80	374.00
42349	73.70	370.00
42351	73.10	368.00
42353	72.90	370.00
42355	72.80	370.00
42358	73.50	374.00
42360	73.50	374.00
42362	72.80	368.00
42365	73.50	370.00
42367	73.40	370.00
42369	73.30	370.00
42371	73.40	370.00
42374	73.30	370.00
42376	73.30	370.00
42378	73.50	370.00
42381	73.60	370.00
42383	73.10	370.00
42385	73.00	368.00
42388	72.80	370.00
42390	73.20	370.00
42392	73.30	370.00
42394	73.30	370.00
42397	73.20	370.00
42399	73.50	370.00
42401	73.80	374.00
42404	73.60	370.00
42406	73.40	370.00
42408	73.10	368.00
42410	73.20	370.00
42413	73.70	370.00
42415	73.80	370.00
42417	72.80	368.00
42420	73.30	370.00
42422	73.30	370.00
42424	73.60	370.00
42426	72.80	368.00
42429	72.90	368.00
42431	73.50	370.00
42433	73.60	370.00
42436	73.70	370.00
42438	73.10	368.00
42440	73.40	370.00
42443	73.80	370.00
42445	73.40	370.00
42447	73.40	368.00
42449	73.20	370.00
42452	73.30	370.00
42454	73.50	370.00
42456	73.80	374.00
42459	73.00	368.00
42461	73.10	370.00
42463	73.60	370.00
42465	73.70	370.00
42468	73.70	370.00
42470	73.10	370.00
42472	73.20	370.00
42475	73.80	370.00
42477	73.40	370.00
42479	73.20	370.00
42481	73.10	370.00
42484	72.90	368.00
42486	73.70	370.00
42488	73.60	370.00
42491	72.80	368.00
42493	73.00	368.00
42495	73.10	368.00
42498	73.60	370.00
42500	73.50	370.00
42502	73.00	368.00
42504	73.50	370.00
42507	73.80	370.00
42509	73.40	370.00
42511	73.70	370.00
42514	73.00	368.00
42516	73.30	370.00
42518	73.60	370.00
42520	73.70	370.00
42523	73.30	370.00
42525	72.90	368.00
42527	72.70	370.00
42530	73.10	370.00
42532	73.40	370.00
42534	73.20	370.00
42536	72.80	370.00
42539	73.60	370.00
42541	73.70	370.00
42543	73.60	370.00
42546	73.30	370.00
42548	73.10	368.00
42550	73.40	370.00
42553	73.60	370.00
42555	74.00	374.00
42557	73.10	368.00
42559	73.00	370.00
42562	73.50	370.00
42564	73.20	370.00
42566	73.20	370.00
42569	72.90	368.00
42571	73.30	370.00
42573	73.50	370.00
42575	73.60	370.00
42578	73.40	370.00
42580	73.20	370.00
42582	73.60	370.00
42585	73.40	370.00
42587	73.50	370.00
42589	73.20	368.00
42591	72.80	368.00
42594	73.50	370.00
42596	73.70	370.00
42598	72.90	368.00
42601	73.30	370.00
42603	73.00	368.00
42605	87.20	440.00
42608	86.10	432.00
42610	85.90	432.00
42612	86.30	436.00
42614	86.00	432.00
42617	86.20	436.00
42619	85.90	432.00
42621	86.00	432.00
42624	86.10	432.00
42626	86.10	432.00
42628	86.20	432.00
42630	86.30	436.00
42633	86.40	436.00
42635	86.10	432.00
42637	86.10	432.00
42640	85.90	432.00
42642	86.40	436.00
42644	86.30	436.00
42646	86.00	436.00
42649	86.10	436.00
42651	86.00	436.00
42653	86.30	436.00
42656	86.10	432.00
42658	86.40	436.00
42660	86.20	432.00
42663	86.30	436.00
42665	86.20	432.00
42667	86.60	436.00
42669	86.30	436.00
42672	86.10	432.00
42674	86.70	436.00
42676	86.10	436.00
42679	86.60	432.00
42681	86.30	436.00
42683	86.00	432.00
42685	86.50	436.00
42688	86.50	436.00
42690	86.10	432.00
42692	86.20	432.00
42695	89.40	448.00
42697	90.10	452.00
42699	92.10	462.00
42701	91.90	462.00
42704	91.70	462.00
42706	91.80	462.00
42708	91.80	462.00
42711	92.50	462.00
42713	91.70	462.00
42715	90.90	458.00
42718	90.50	456.00
42720	88.80	446.00
42722	89.10	448.00
42724	80.10	404.00
42727	73.70	370.00
42729	73.00	370.00
42731	73.00	368.00
42734	73.40	370.00
42736	73.50	370.00
42738	73.80	370.00
42740	73.20	370.00
42743	73.40	370.00
42745	73.50	370.00
42747	73.30	370.00
42750	72.90	368.00
42752	73.20	370.00
42754	73.90	374.00
42756	73.90	374.00
42759	73.70	370.00
42761	73.00	370.00
42763	73.10	368.00
42766	73.70	370.00
42768	73.60	370.00
42770	73.20	370.00
42773	73.10	368.00
42775	72.90	368.00
42777	73.60	370.00
42779	73.40	370.00
42782	73.20	370.00
42784	72.70	368.00
42786	73.30	370.00
42789	73.50	370.00
42791	73.50	370.00
42793	73.00	370.00
42795	72.80	368.00
42798	73.60	370.00
42800	73.60	370.00
42802	73.20	370.00
42805	72.90	368.00
42807	73.10	368.00
42809	73.40	370.00
42811	73.60	370.00
42814	72.90	368.00
42816	72.90	368.00
42818	72.90	370.00
42821	73.70	370.00
42823	73.10	370.00
42825	73.10	368.00
42828	73.30	370.00
42830	73.70	370.00
42832	73.50	370.00
42834	73.70	370.00
42837	73.00	368.00
42839	73.20	370.00
42841	73.10	370.00
42844	73.50	370.00
42846	73.30	368.00
42848	73.20	368.00
42850	73.00	370.00
42853	73.60	370.00
42855	73.60	370.00
42857	73.40	370.00
42860	73.10	370.00
42862	73.80	374.00
42864	73.60	370.00
42866	73.30	370.00
42869	73.00	368.00
42871	73.10	368.00
42873	73.60	370.00
42876	73.70	370.00
42878	73.20	368.00
42880	72.90	370.00
42883	73.10	370.00
42885	73.80	370.00
42887	73.50	370.00
42889	73.10	370.00
42892	73.20	370.00
42894	73.20	370.00
42896	73.70	370.00
42899	73.30	370.00
42901	72.90	368.00
42903	73.10	368.00
42905	73.60	370.00
42908	73.50	370.00
42910	73.40	368.00
42912	73.10	370.00
42915	73.00	368.00
42917	73.30	370.00
42919	73.50	370.00
42921	73.10	370.00
42924	73.40	370.00
42926	73.40	370.00
42928	73.30	370.00
42931	73.80	374.00
42933	73.20	370.00
42935	73.00	368.00
42938	73.50	370.00
42940	73.90	370.00
42942	73.70	370.00
42944	73.20	370.00
42947	73.00	368.00
42949	73.10	370.00
42951	73.70	370.00
42954	73.40	370.00
42956	73.10	368.00
42958	72.90	368.00
42960	73.90	374.00
42963	73.60	374.00
42965	72.90	368.00
42967	73.00	368.00
42970	73.10	370.00
42972	73.40	370.00
42974	73.40	370.00
42976	72.80	368.00
42979	73.20	370.00
42981	73.60	370.00
42983	73.40	370.00
42986	73.40	370.00
42988	72.90	368.00
42990	73.10	370.00
42993	73.60	370.00
42995	73.20	370.00
42997	73.30	368.00
42999	73.10	368.00
43002	73.50	370.00
43004	73.60	370.00
43006	73.50	370.00
43009	73.10	370.00
43011	73.30	370.00
43013	73.70	370.00
43015	73.60	370.00
43018	73.90	374.00
43020	73.00	368.00
43022	73.30	368.00
43025	73.40	370.00
43027	73.40	370.00
43029	73.60	370.00
43031	73.10	368.00
43034	73.60	370.00
43036	73.50	370.00
43038	73.30	370.00
43041	72.90	368.00
43043	72.90	368.00
43045	73.90	374.00
43048	73.50	370.00
43050	73.50	370.00
43052	72.90	368.00
43054	73.00	370.00
43057	73.40	370.00
43059	73.40	370.00
43061	73.10	370.00
43064	73.10	368.00
43066	73.30	370.00
43068	73.30	370.00
43070	73.60	370.00
43073	72.80	368.00
43075	72.60	368.00
43077	73.40	370.00
43080	72.90	370.00
43082	73.40	370.00
43084	73.10	368.00
43086	72.90	368.00
43089	73.70	370.00
43091	73.40	370.00
43093	73.00	368.00
43096	72.80	368.00
43098	73.10	370.00
43100	73.40	370.00
43103	73.70	370.00
43105	72.70	368.00
43107	72.90	368.00
43109	73.20	370.00
43112	73.10	370.00
43114	73.60	370.00
43116	73.00	370.00
43119	73.20	370.00
43121	73.50	370.00
43123	73.70	370.00
43125	73.60	370.00
43128	73.30	370.00
43130	72.80	368.00
43132	73.50	370.00
43135	73.60	370.00
43137	73.30	368.00
43139	73.10	370.00
43141	73.30	370.00
43144	73.80	370.00
43146	73.40	370.00
43148	73.30	370.00
43151	73.10	370.00
43153	73.40	370.00
43155	73.50	370.00
43158	73.50	370.00
43160	73.00	368.00
43162	73.00	368.00
43164	73.70	370.00
43167	73.00	370.00
43169	73.50	370.00
43171	72.80	368.00
43174	72.90	370.00
43176	73.60	370.00
43178	73.80	374.00
43180	73.00	368.00
43183	73.40	370.00
43185	73.50	370.00
43187	73.40	370.00
43190	73.50	370.00
43192	73.00	368.00
43194	73.30	370.00
43196	73.50	370.00
43199	73.50	370.00
43201	73.70	370.00
43203	72.90	368.00
43206	72.80	368.00
43208	73.60	370.00
43210	73.80	374.00
43213	73.10	370.00
43215	72.90	368.00
43217	73.50	370.00
43219	73.50	370.00
43222	73.50	370.00
43224	73.30	368.00
43226	73.20	370.00
43229	73.20	370.00
43231	73.60	370.00
43233	72.80	368.00
43235	72.90	368.00
43238	73.10	368.00
43240	73.30	370.00
43242	73.30	370.00
43245	72.60	368.00
43247	72.60	368.00
43249	72.90	368.00
43251	73.70	370.00
43254	73.20	370.00
43256	72.80	370.00
43258	73.00	370.00
43261	73.40	370.00
43263	73.80	374.00
43265	73.70	370.00
43268	73.20	370.00
43270	73.10	368.00
43272	73.80	374.00
43274	73.40	370.00
43277	73.30	370.00
43279	73.00	368.00
43281	73.30	370.00
43284	73.50	370.00
43286	73.60	374.00
43288	72.70	370.00
43290	73.10	368.00
43293	73.40	370.00
43295	73.60	370.00
43297	73.30	370.00
43300	73.20	370.00
43302	72.90	368.00
43304	73.60	370.00
43306	73.70	370.00
43309	73.80	374.00
43311	73.30	368.00
43313	73.10	370.00
43316	73.70	370.00
43318	73.20	370.00
43320	73.20	370.00
43323	72.90	368.00
43325	73.90	374.00
43327	73.50	370.00
43329	73.60	370.00
43332	73.10	370.00
43334	72.70	368.00
43336	73.60	370.00
43339	73.70	370.00
43341	73.60	368.00
43343	73.20	370.00
43345	73.20	370.00
43348	73.60	370.00
43350	73.50	370.00
43352	73.10	368.00
43355	73.20	370.00
43357	73.60	370.00
43359	73.60	370.00
43361	73.70	370.00
43364	73.20	370.00
43366	73.20	370.00
43368	73.60	370.00
43371	73.30	370.00
43373	73.80	368.00
43375	73.20	370.00
43378	73.40	370.00
43380	73.70	370.00
43382	73.80	374.00
43384	73.20	370.00
43387	73.10	368.00
43389	72.90	368.00
43391	73.80	374.00
43394	73.40	370.00
43396	73.30	370.00
43398	72.80	370.00
43400	73.00	368.00
43403	73.50	374.00
43405	73.00	368.00
43407	73.30	370.00
43410	73.10	370.00
43412	73.60	370.00
43414	73.70	370.00
43416	73.00	368.00
43419	73.20	370.00
43421	73.30	370.00
43423	73.40	370.00
43426	73.20	370.00
43428	72.60	368.00
43430	72.90	370.00
43433	72.80	374.00
43435	73.20	374.00
43437	73.30	370.00
43439	73.30	370.00
43442	73.40	370.00
43444	73.90	374.00
43446	73.60	370.00
43449	73.90	374.00
43451	73.10	370.00
43453	73.20	370.00
43455	73.50	370.00
43458	73.50	370.00
43460	73.10	368.00
43462	73.10	390.00
43465	63.70	324.00
43467	64.20	324.00
43469	64.00	324.00
43471	63.50	322.00
43474	80.30	406.00
43476	73.50	370.00
43478	73.70	370.00
43481	73.70	370.00
43483	73.00	368.00
43485	73.10	368.00
43488	73.40	370.00
43490	73.20	370.00
43492	73.50	368.00
43494	72.80	370.00
43497	73.50	370.00
43499	73.60	370.00
43501	73.50	370.00
43504	73.00	368.00
43506	73.10	370.00
43508	73.60	370.00
43510	73.70	370.00
43513	73.80	370.00
43515	73.00	368.00
43517	73.00	368.00
43520	73.70	370.00
43522	73.30	370.00
43524	73.30	370.00
43526	73.10	370.00
43529	72.80	368.00
43531	73.80	374.00
43533	73.70	370.00
43536	73.30	370.00
43538	73.30	370.00
43540	72.90	368.00
43543	73.80	370.00
43545	73.10	370.00
43547	73.20	370.00
43549	73.00	370.00
43552	73.50	370.00
43554	73.90	374.00
43556	73.10	370.00
43559	73.00	368.00
43561	73.30	370.00
43563	73.80	374.00
43565	73.70	370.00
43568	72.80	368.00
43570	73.00	368.00
43572	73.20	374.00
43575	72.90	370.00
43577	73.30	370.00
43579	72.70	370.00
43581	73.20	368.00
43584	73.80	374.00
43586	73.60	370.00
43588	73.80	374.00
43591	73.30	370.00
43593	73.10	368.00
43595	73.50	370.00
43598	73.50	370.00
43600	73.40	370.00
43602	73.40	368.00
43604	73.30	370.00
43607	73.60	370.00
43609	73.70	370.00
43611	72.90	368.00
43614	73.10	368.00
43616	73.60	370.00
43618	73.60	370.00
43620	73.50	370.00
43623	72.90	368.00
43625	72.90	368.00
43627	73.30	370.00
43630	73.70	370.00
43632	73.00	370.00
43634	73.10	368.00
43636	72.90	370.00
43639	73.60	370.00
43641	73.80	374.00
43643	73.30	370.00
43646	72.90	368.00
43648	73.50	370.00
43650	73.50	370.00
43653	73.70	370.00
43655	73.10	370.00
43657	73.20	370.00
43659	73.50	370.00
43662	73.40	370.00
43664	73.60	370.00
43666	73.10	370.00
43669	73.10	370.00
43671	73.50	370.00
43673	73.50	370.00
43675	73.30	370.00
43678	73.30	370.00
43680	73.20	370.00
43682	73.30	370.00
43685	73.40	370.00
43687	73.20	370.00
43689	73.10	370.00
43691	73.60	406.00
43694	86.90	436.00
43696	85.90	436.00
43698	86.20	432.00
43701	86.00	432.00
43703	86.10	432.00
43705	86.50	436.00
43708	86.30	436.00
43710	85.90	432.00
43712	86.30	436.00
43714	86.10	432.00
43717	86.30	436.00
43719	86.30	436.00
43721	86.50	436.00
43724	86.10	432.00
43726	86.50	436.00
43728	86.00	432.00
43730	86.50	436.00
43733	86.70	436.00
43735	86.10	432.00
43737	86.50	436.00
43740	86.10	432.00
43742	86.30	436.00
43744	86.40	436.00
43746	86.40	432.00
43749	86.20	432.00
43751	86.20	436.00
43753	86.50	436.00
43756	86.20	436.00
43758	86.40	436.00
43760	86.20	432.00
43763	86.70	436.00
43765	86.40	436.00
43767	86.10	432.00
43769	86.50	436.00
43772	86.40	436.00
43774	86.50	436.00
43776	86.40	432.00
43779	86.00	432.00
43781	86.60	456.00
43783	90.30	456.00
43785	91.20	458.00
43788	91.60	462.00
43790	92.00	462.00
43792	92.00	462.00
43795	92.30	466.00
43797	92.80	468.00
43799	92.30	466.00
43801	91.80	462.00
43804	91.60	458.00
43806	90.50	446.00
43808	88.60	446.00
43811	91.40	446.00
43813	80.60	376.00
43815	73.10	370.00
43818	73.10	370.00
43820	73.30	370.00
43822	73.60	370.00
43824	73.40	370.00
43827	72.80	368.00
43829	72.90	368.00
43831	73.20	370.00
43834	73.50	368.00
43836	73.40	370.00
43838	72.90	370.00
43840	73.20	370.00
43843	73.50	370.00
43845	73.60	370.00
43847	72.80	368.00
43850	73.30	370.00
43852	73.00	368.00
43854	73.60	370.00
43856	73.80	374.00
43859	73.20	370.00
43861	72.90	368.00
43863	72.90	370.00
43866	73.30	370.00
43868	73.70	370.00
43870	73.10	368.00
43873	72.70	368.00
43875	73.50	370.00
43877	73.40	370.00
43879	73.60	370.00
43882	72.90	368.00
43884	72.90	368.00
43886	73.30	370.00
43889	73.50	370.00
43891	73.40	368.00
43893	73.20	370.00
43895	73.20	370.00
43898	73.80	370.00
43900	73.60	370.00
43902	73.20	370.00
43905	72.90	368.00
43907	73.70	370.00
43909	73.70	370.00
43911	73.60	370.00
43914	73.00	368.00
43916	73.10	370.00
43918	73.50	370.00
43921	73.20	370.00
43923	73.90	368.00
43925	73.30	370.00
43928	73.10	370.00
43930	73.60	374.00
43932	73.80	374.00
43934	73.10	368.00
43937	73.30	370.00
43939	73.10	370.00
43941	73.40	370.00
43944	73.40	370.00
43946	73.00	368.00
43948	72.90	368.00
43950	73.40	374.00
43953	73.70	370.00
43955	73.50	370.00
43957	72.90	370.00
43960	73.20	370.00
43962	73.40	370.00
43964	73.30	370.00
43966	73.10	370.00
43969	72.80	368.00
43971	73.50	370.00
43973	73.70	370.00
43976	73.70	370.00
43978	73.30	368.00
43980	72.90	370.00
43983	73.80	370.00
43985	73.80	370.00
43987	73.60	368.00
43989	72.90	368.00
43992	73.20	370.00
43994	73.30	370.00
43996	73.70	370.00
43999	73.20	370.00
44001	73.10	370.00
44003	73.00	368.00
44005	73.70	370.00
44008	73.60	370.00
44010	73.10	370.00
44012	73.30	370.00
44015	73.00	370.00
44017	73.80	370.00
44019	73.40	370.00
44021	73.10	368.00
44024	73.40	370.00
44026	73.40	370.00
44028	73.60	370.00
44031	73.10	370.00
44033	73.00	368.00
44035	73.20	370.00
44038	73.30	370.00
44040	73.30	370.00
44042	73.10	370.00
44044	73.20	368.00
44047	73.40	370.00
44049	73.60	370.00
44051	73.40	370.00
44054	73.40	370.00
44056	73.20	370.00
44058	73.70	370.00
44060	73.70	370.00
44063	73.90	374.00
44065	73.10	370.00
44067	73.40	370.00
44070	73.30	370.00
44072	73.70	370.00
44074	73.30	368.00
44076	73.00	368.00
44079	73.80	374.00
44081	73.70	370.00
44083	73.70	370.00
44086	72.80	368.00
44088	73.10	368.00
44090	73.90	374.00
44093	73.30	370.00
44095	73.30	370.00
44097	73.00	370.00
44099	73.10	370.00
44102	73.60	374.00
44104	73.70	370.00
44106	73.20	370.00
44109	73.10	370.00
44111	73.30	370.00
44113	73.40	370.00
44115	73.50	370.00
44118	72.80	368.00
44120	72.90	368.00
44122	73.60	370.00
44125	73.60	370.00
44127	73.40	368.00
44129	72.80	370.00
44131	72.70	370.00
44134	73.80	370.00
44136	73.60	370.00
44138	73.00	368.00
44141	73.30	370.00
44143	73.20	370.00
44145	73.20	370.00
44148	73.70	370.00
44150	72.90	368.00
44152	73.00	368.00
44154	73.60	374.00
44157	73.40	370.00
44159	73.80	370.00
44161	72.90	370.00
44164	73.10	370.00
44166	73.60	370.00
44168	73.50	370.00
44170	73.20	370.00
44173	73.20	370.00
44175	73.00	368.00
44177	73.60	370.00
44180	73.60	370.00
44182	73.10	368.00
44184	73.20	370.00
44186	73.30	370.00
44189	73.30	370.00
44191	73.50	370.00
44193	73.20	370.00
44196	73.30	370.00
44198	73.60	370.00
44200	73.60	370.00
44203	73.30	370.00
44205	72.90	368.00
44207	72.90	368.00
44209	73.60	370.00
44212	73.60	370.00
44214	73.40	368.00
44216	73.30	370.00
44219	73.10	370.00
44221	73.30	370.00
44223	73.60	370.00
44225	73.00	368.00
44228	73.10	368.00
44230	73.60	370.00
44232	73.50	370.00
44235	73.70	370.00
44237	72.80	368.00
44239	73.10	370.00
44241	73.40	370.00
44244	73.30	370.00
44246	73.10	368.00
44248	73.00	368.00
44251	73.90	374.00
44253	73.70	370.00
44255	73.50	370.00
44258	73.00	368.00
44260	73.10	370.00
44262	73.50	370.00
44264	73.60	370.00
44267	73.60	370.00
44269	73.10	370.00
44271	73.10	368.00
44274	73.60	370.00
44276	73.50	370.00
44278	73.20	370.00
44280	73.30	370.00
44283	72.90	368.00
44285	73.80	374.00
44287	73.70	370.00
44290	73.40	370.00
44292	73.30	370.00
44294	73.40	370.00
44296	73.30	370.00
44299	73.40	370.00
44301	72.90	368.00
44303	73.00	368.00
44306	73.70	370.00
44308	73.70	370.00
44310	73.10	370.00
44313	72.90	368.00
44315	73.30	370.00
44317	73.40	370.00
44319	73.40	370.00
44322	72.90	368.00
44324	73.20	370.00
44326	72.90	374.00
44329	73.40	370.00
44331	73.40	370.00
44333	73.10	370.00
44335	73.10	370.00
44338	73.50	370.00
44340	73.50	370.00
44342	73.60	370.00
44345	73.40	370.00
44347	73.30	370.00
44349	73.60	370.00
44351	73.40	370.00
44354	73.50	370.00
44356	73.20	370.00
44358	73.00	370.00
44361	73.40	370.00
44363	73.70	370.00
44365	73.00	370.00
44368	72.90	368.00
44370	74.00	374.00
44372	73.20	370.00
44374	73.60	370.00
44377	73.20	370.00
44379	73.20	370.00
44381	73.60	370.00
44384	73.70	370.00
44386	73.70	368.00
44388	72.90	368.00
44390	73.10	368.00
44393	73.30	370.00
44395	73.60	370.00
44397	72.80	368.00
44400	73.20	370.00
44402	73.60	370.00
44404	73.50	370.00
44406	73.40	370.00
44409	73.30	370.00
44411	72.80	368.00
44413	73.40	370.00
44416	73.90	370.00
44418	73.80	368.00
44420	73.20	370.00
44423	73.10	370.00
44425	73.40	370.00
44427	73.60	370.00
44429	73.20	370.00
44432	73.00	368.00
44434	73.90	374.00
44436	73.50	370.00
44439	73.60	370.00
44441	73.10	368.00
44443	73.30	368.00
44445	73.50	370.00
44448	73.30	404.00
44450	81.30	370.00
44452	72.90	368.00
44455	73.00	368.00
44457	73.80	374.00
44459	73.70	370.00
44461	73.50	370.00
44464	73.30	370.00
44466	73.00	368.00
44468	73.80	374.00
44471	73.70	370.00
44473	73.20	368.00
44475	73.10	368.00
44478	73.30	370.00
44480	73.40	370.00
44482	73.50	370.00
44484	73.10	370.00
44487	72.80	368.00
44489	73.60	370.00
44491	73.70	370.00
44494	73.50	370.00
44496	73.10	368.00
44498	73.20	370.00
44500	73.60	370.00
44503	73.40	370.00
44505	73.60	368.00
44507	72.90	370.00
44510	72.90	370.00
44512	73.60	370.00
44514	73.70	370.00
44516	73.00	368.00
44519	73.10	370.00
44521	73.20	370.00
44523	73.50	370.00
44526	73.70	370.00
44528	73.00	368.00
44530	73.30	370.00
44533	73.50	370.00
44535	73.30	370.00
44537	73.10	368.00
44539	72.90	368.00
44542	73.70	370.00
44544	73.70	370.00
44546	73.70	370.00
44549	73.30	370.00
44551	73.10	370.00
44553	73.40	370.00
44555	73.60	370.00
44558	73.30	368.00
44560	72.80	368.00
44562	72.70	368.00
44565	73.40	370.00
44567	73.50	370.00
44569	73.30	370.00
44571	72.80	368.00
44574	73.10	368.00
44576	73.20	370.00
44578	73.50	370.00
44581	73.20	370.00
44583	72.80	368.00
44585	73.80	374.00
44588	73.40	374.00
44590	73.30	370.00
44592	73.50	370.00
44594	73.20	370.00
44597	73.50	370.00
44599	73.60	370.00
44601	72.80	368.00
44604	73.10	368.00
44606	73.10	368.00
44608	73.40	370.00
44610	73.70	370.00
44613	73.30	370.00
44615	73.40	370.00
44617	73.10	370.00
44620	73.50	370.00
44622	73.70	374.00
44624	73.20	370.00
44626	73.00	368.00
44629	73.40	370.00
44631	73.50	370.00
44633	73.30	370.00
44636	72.90	368.00
44638	73.30	370.00
44640	73.60	370.00
44643	73.70	370.00
44645	73.20	370.00
44647	73.10	368.00
44649	73.20	370.00
44652	73.50	374.00
44654	73.70	370.00
44656	73.00	368.00
44659	72.70	368.00
44661	73.70	370.00
44663	73.60	370.00
44665	73.30	370.00
44668	73.30	370.00
44670	73.10	370.00
44672	74.00	374.00
44675	73.80	370.00
44677	74.00	370.00
44679	72.80	368.00
44681	73.20	370.00
44684	73.50	370.00
44686	73.30	370.00
44688	72.90	368.00
44691	72.80	368.00
44693	73.60	370.00
44695	73.50	370.00
44698	73.60	370.00
44700	73.30	370.00
44702	73.00	368.00
44704	73.60	370.00
44707	73.40	370.00
44709	73.60	368.00
44711	73.00	368.00
44714	73.30	370.00
44716	73.60	370.00
44718	73.70	374.00
44720	73.00	368.00
44723	73.00	368.00
44725	73.60	370.00
44727	73.50	370.00
44730	73.70	370.00
44732	73.20	370.00
44734	73.10	370.00
44736	73.40	370.00
44739	73.60	370.00
44741	73.40	368.00
44743	73.00	370.00
44746	72.90	368.00
44748	73.90	374.00
44750	73.60	370.00
44753	73.10	370.00
44755	73.40	370.00
44757	73.50	370.00
44759	73.40	370.00
44762	73.70	370.00
44764	73.10	368.00
44766	73.10	368.00
44769	73.50	370.00
44771	73.60	370.00
44773	73.40	370.00
44775	73.20	370.00
44778	72.80	368.00
44780	73.60	370.00
44782	86.70	436.00
44785	86.30	436.00
44787	85.90	432.00
44789	86.10	432.00
44791	85.70	432.00
44794	85.90	432.00
44796	86.20	436.00
44798	86.30	436.00
44801	86.20	432.00
44803	85.90	432.00
44805	86.00	432.00
44808	86.30	436.00
44810	86.10	432.00
44812	86.30	436.00
44814	86.40	436.00
44817	86.20	432.00
44819	86.20	436.00
44821	86.50	436.00
44824	86.10	432.00
44826	86.20	432.00
44828	86.30	432.00
44830	86.50	436.00
44833	86.10	432.00
44835	86.00	432.00
44837	86.20	432.00
44840	86.20	432.00
44842	86.20	432.00
44844	86.20	432.00
44846	86.30	436.00
44849	86.60	436.00
44851	86.30	436.00
44853	86.50	436.00
44856	86.40	432.00
44858	86.50	436.00
44860	86.50	436.00
44863	86.30	436.00
44865	86.30	436.00
44867	86.50	436.00
44869	86.30	436.00
44872	89.70	452.00
44874	90.60	456.00
44876	91.60	462.00
44879	91.40	462.00
44881	91.80	462.00
44883	92.10	466.00
44885	91.90	466.00
44888	91.80	462.00
44890	91.50	462.00
44892	91.40	458.00
44895	90.60	456.00
44897	88.70	446.00
44899	89.30	448.00
44901	80.00	404.00
44904	73.50	370.00
44906	73.30	370.00
44908	73.50	370.00
44911	73.40	370.00
44913	73.70	370.00
44915	73.20	368.00
44918	73.10	368.00
44920	73.80	374.00
44922	73.50	370.00
44924	73.30	370.00
44927	73.10	370.00
44929	72.90	368.00
44931	73.60	370.00
44934	73.20	370.00
44936	73.10	370.00
44938	72.90	368.00
44940	73.10	370.00
44943	73.70	370.00
44945	73.60	370.00
44947	73.20	370.00
44950	73.50	370.00
44952	73.10	370.00
44954	73.80	374.00
44956	73.70	370.00
44959	72.80	368.00
44961	73.30	370.00
44963	73.50	370.00
44966	73.50	370.00
44968	73.20	368.00
44970	73.00	368.00
44973	72.80	370.00
44975	73.60	370.00
44977	73.50	370.00
44979	73.30	370.00
44982	72.90	368.00
44984	73.40	370.00
44986	73.70	370.00
44989	73.40	370.00
44991	73.20	370.00
44993	73.10	370.00
44995	73.90	374.00
44998	73.60	370.00
45000	74.00	368.00
45002	73.00	370.00
45005	73.00	368.00
45007	73.90	374.00
45009	73.10	370.00
45011	73.20	370.00
45014	73.10	370.00
45016	73.70	370.00
45018	73.80	374.00
45021	73.70	370.00
45023	73.30	368.00
45025	73.10	370.00
45028	73.50	368.00
45030	73.20	370.00
45032	73.40	370.00
45034	73.10	370.00
45037	73.10	370.00
45039	73.60	370.00
45041	73.30	370.00
45044	73.20	370.00
45046	73.10	370.00
45048	73.10	368.00
45050	73.40	370.00
45053	73.70	374.00
45055	73.00	370.00
45057	73.00	368.00
45060	73.60	370.00
45062	73.70	370.00
45064	73.60	370.00
45066	73.30	370.00
45069	73.00	368.00
45071	73.50	370.00
45073	73.80	374.00
45076	72.90	368.00
45078	73.40	370.00
45080	73.00	368.00
45083	73.30	370.00
45085	73.60	370.00
45087	73.00	368.00
45089	72.90	368.00
45092	73.50	370.00
45094	73.60	370.00
45096	73.60	370.00
45099	73.20	370.00
45101	72.90	368.00
45103	73.50	370.00
45105	73.20	370.00
45108	72.80	368.00
45110	73.30	368.00
45112	73.30	370.00
45115	73.70	370.00
45117	73.70	370.00
45119	73.40	368.00
45121	73.30	370.00
45124	73.30	370.00
45126	73.30	370.00
45128	73.70	370.00
45131	73.40	370.00
45133	72.90	368.00
45135	73.50	370.00
45138	73.60	370.00
45140	73.40	368.00
45142	73.20	370.00
45144	73.00	370.00
45147	73.90	374.00
45149	73.60	370.00
45151	73.00	368.00
45154	72.90	368.00
45156	73.50	370.00
45158	73.20	370.00
45160	73.50	370.00
45163	73.10	368.00
45165	73.20	370.00
45167	73.40	370.00
45170	73.50	370.00
45172	73.60	368.00
45174	73.10	368.00
45176	72.80	370.00
45179	73.70	370.00
45181	73.30	370.00
45183	72.80	368.00
45186	73.00	368.00
45188	73.30	370.00
45190	73.60	370.00
45193	73.50	370.00
45195	72.90	368.00
45197	73.10	368.00
45199	73.30	370.00
45202	73.40	370.00
45204	73.50	370.00
45206	72.90	370.00
45209	72.60	368.00
45211	73.60	370.00
45213	73.90	374.00
45215	73.10	368.00
45218	73.20	370.00
45220	73.10	370.00
45222	73.50	370.00
45225	73.50	370.00
45227	73.10	370.00
45229	73.10	368.00
45231	73.30	370.00
45234	73.20	368.00
45236	73.70	370.00
45238	73.20	370.00
45241	72.90	368.00
45243	73.80	374.00
45245	73.60	370.00
45248	73.70	370.00
45250	72.90	368.00
45252	72.90	368.00
45254	73.60	370.00
45257	73.30	370.00
45259	73.40	368.00
45261	73.20	370.00
45264	73.00	370.00
45266	73.60	370.00
45268	73.30	370.00
45270	72.60	368.00
45273	73.10	370.00
45275	73.60	370.00
45277	73.50	370.00
45280	73.90	374.00
45282	72.90	368.00
45284	73.40	370.00
45286	73.50	370.00
45289	73.70	370.00
45291	73.20	370.00
45293	73.20	370.00
45296	73.70	370.00
45298	73.70	370.00
45300	73.70	370.00
45303	73.30	370.00
45305	73.20	370.00
45307	73.60	370.00
45309	73.20	370.00
45312	73.80	374.00
45314	73.10	368.00
45316	73.10	370.00
45319	73.60	374.00
45321	73.80	370.00
45323	73.20	370.00
45325	73.20	370.00
45328	72.70	368.00
45330	73.50	370.00
45332	73.20	370.00
45335	73.20	370.00
45337	73.30	370.00
45339	73.50	370.00
45341	73.60	370.00
45344	73.40	370.00
45346	73.20	368.00
45348	73.30	368.00
45351	73.30	370.00
45353	73.60	370.00
45355	72.90	368.00
45358	73.00	368.00
45360	72.80	368.00
45362	73.50	370.00
45364	73.50	370.00
45367	73.10	368.00
45369	72.90	368.00
45371	73.20	370.00
45374	73.40	370.00
45376	73.60	374.00
45378	73.30	370.00
45380	73.10	370.00
45383	73.20	370.00
45385	73.60	370.00
45387	73.60	370.00
45390	72.90	368.00
45392	73.40	370.00
45394	73.50	370.00
45396	73.60	370.00
45399	72.50	368.00
45401	73.40	368.00
45403	72.90	374.00
45406	73.60	370.00
45408	73.50	370.00
45410	72.90	370.00
45413	73.30	370.00
45415	73.80	374.00
45417	73.80	374.00
45419	73.60	370.00
45422	73.10	370.00
45424	73.30	370.00
45426	73.40	370.00
45429	73.40	370.00
45431	73.60	368.00
45433	72.80	368.00
45435	73.20	370.00
45438	73.40	374.00
45440	73.40	370.00
45442	73.30	370.00
45445	73.00	368.00
45447	73.80	374.00
45449	73.70	370.00
45451	73.60	370.00
45454	73.10	368.00
45456	73.00	368.00
45458	73.30	370.00
45461	73.40	370.00
45463	73.40	368.00
45465	73.10	370.00
45468	73.10	370.00
45470	73.70	370.00
45472	73.70	370.00
45474	73.10	370.00
45477	73.20	370.00
45479	73.60	370.00
45481	73.20	370.00
45484	73.80	374.00
45486	72.80	368.00
45488	72.90	370.00
45490	73.70	370.00
45493	73.50	370.00
45495	73.10	370.00
45497	73.30	370.00
45500	73.30	370.00
45502	73.70	370.00
45504	74.00	374.00
45506	73.20	370.00
45509	73.50	370.00
45511	73.20	370.00
45513	73.20	370.00
45516	73.70	370.00
45518	72.80	370.00
45520	73.10	368.00
45523	73.60	370.00
45525	73.70	374.00
45527	73.50	370.00
45529	73.20	370.00
45532	73.00	368.00
45534	73.50	370.00
45536	73.30	370.00
45539	73.00	368.00
45541	73.10	370.00
45543	73.10	368.00
45545	73.60	370.00
45548	73.40	370.00
45550	73.10	368.00
45552	73.30	370.00
45555	72.90	370.00
45557	73.60	370.00
45559	73.70	370.00
45561	72.80	368.00
45564	73.10	368.00
45566	73.80	374.00
45568	73.50	370.00
45571	73.20	370.00
45573	73.30	370.00
45575	73.10	370.00
45578	73.40	370.00
45580	73.70	370.00
45582	73.30	370.00
45584	73.00	370.00
45587	73.90	374.00
45589	73.20	370.00
45591	73.60	370.00
45594	73.00	368.00
45596	73.10	368.00
45598	73.70	370.00
45600	73.90	374.00
45603	73.90	370.00
45605	73.00	370.00
45607	72.90	368.00
45610	73.20	370.00
45612	73.50	370.00
45614	73.10	368.00
45616	73.10	370.00
45619	73.50	370.00
45621	73.50	370.00
45623	73.70	370.00
45626	72.90	368.00
45628	73.50	370.00
45630	73.40	370.00
45633	73.50	370.00
45635	73.70	370.00
45637	73.10	368.00
45639	73.10	370.00
45642	73.80	374.00
45644	73.40	370.00
45646	73.30	370.00
45649	73.20	370.00
45651	72.80	368.00
45653	73.80	374.00
45655	73.60	370.00
45658	72.80	368.00
45660	73.10	370.00
45662	73.60	370.00
45665	73.50	368.00
45667	73.10	370.00
45669	73.10	368.00
45671	73.00	370.00
45674	73.40	370.00
45676	73.60	370.00
45678	73.30	370.00
45681	72.90	368.00
45683	73.10	370.00
45685	73.30	370.00
45688	73.30	370.00
45690	73.20	370.00
45692	72.80	370.00
45694	72.90	370.00
45697	73.60	370.00
45699	73.80	370.00
45701	73.20	370.00
45704	73.00	368.00
45706	73.40	370.00
45708	73.40	370.00
45710	73.70	370.00
45713	73.30	370.00
45715	73.10	368.00
45717	73.50	370.00
45720	73.40	370.00
45722	72.90	368.00
45724	73.10	370.00
45726	72.90	370.00
45729	73.50	370.00
45731	73.50	370.00
45733	73.10	370.00
45736	73.30	370.00
45738	73.40	370.00
45740	73.20	370.00
45743	73.70	370.00
45745	73.00	368.00
45747	73.20	370.00
45749	73.60	370.00
45752	73.80	370.00
45754	73.90	368.00
45756	73.10	370.00
45759	73.10	370.00
45761	73.50	370.00
45763	73.20	370.00
45765	72.90	368.00
45768	72.80	368.00
45770	73.40	370.00
45772	73.40	370.00
45775	73.60	370.00
45777	72.90	368.00
45779	73.20	370.00
45781	73.40	370.00
45784	73.80	370.00
45786	73.60	368.00
45788	73.20	368.00
45791	73.30	370.00
45793	73.60	370.00
45795	73.60	370.00
45798	72.80	368.00
45800	72.90	368.00
45802	73.50	370.00
45804	73.40	370.00
45807	73.70	370.00
45809	72.90	370.00
45811	73.00	368.00
45814	73.70	370.00
45816	73.30	370.00
45818	73.20	370.00
45820	72.80	368.00
45823	73.40	370.00
45825	73.70	370.00
45827	73.70	370.00
45830	73.20	370.00
45832	73.30	370.00
45834	73.10	370.00
45836	73.50	370.00
45839	73.30	370.00
45841	72.90	368.00
45843	73.20	370.00
45846	73.40	370.00
45848	73.70	370.00
45850	73.80	374.00
45853	73.00	368.00
45855	73.10	370.00
45857	73.30	370.00
45859	73.50	370.00
45862	73.00	368.00
45864	73.00	368.00
45866	72.90	370.00
45869	73.60	370.00
45871	86.10	440.00
45873	84.40	432.00
45875	86.20	432.00
45878	85.90	432.00
45880	86.00	432.00
45882	86.00	432.00
45885	86.20	436.00
45887	86.20	432.00
45889	85.90	432.00
45891	86.50	436.00
45894	86.30	436.00
45896	86.40	432.00
45898	86.30	436.00
45901	86.00	432.00
45903	86.20	432.00
45905	86.30	436.00
45908	86.50	436.00
45910	86.00	432.00
45912	86.30	436.00
45914	86.40	436.00
45917	86.10	432.00
45919	86.50	436.00
45921	86.00	432.00
45924	85.90	432.00
45926	86.20	436.00
45928	86.00	436.00
45930	86.20	436.00
45933	86.40	436.00
45935	86.00	432.00
45937	86.20	432.00
45940	86.10	432.00
45942	86.50	436.00
45944	86.40	436.00
45946	86.30	436.00
45949	86.20	432.00
45951	86.30	436.00
45953	86.70	436.00
45956	86.20	432.00
45958	86.20	440.00
45960	90.50	448.00
45963	90.60	456.00
45965	91.80	462.00
45967	91.80	462.00
45969	92.20	466.00
45972	92.20	466.00
45974	92.50	466.00
45976	92.40	466.00
45979	91.90	462.00
45981	91.50	458.00
45983	90.50	456.00
45985	88.50	442.00
45988	88.90	442.00
45990	78.60	404.00
45992	73.20	370.00
45995	73.30	370.00
45997	73.60	370.00
45999	73.30	370.00
46001	73.70	370.00
46004	73.10	370.00
46006	73.40	370.00
46008	73.90	374.00
46011	73.60	370.00
46013	72.80	370.00
46015	73.40	370.00
46018	72.90	370.00
46020	73.70	370.00
46022	73.60	370.00
46024	73.40	370.00
46027	72.90	368.00
46029	73.50	370.00
46031	73.50	370.00
46034	73.30	370.00
46036	73.10	368.00
46038	73.20	370.00
46040	73.60	370.00
46043	73.70	370.00
46045	73.70	368.00
46047	73.20	370.00
46050	73.40	370.00
46052	73.50	370.00
46054	73.50	370.00
46056	73.10	370.00
46059	73.10	370.00
46061	73.50	370.00
46063	73.80	374.00
46066	73.30	370.00
46068	72.90	370.00
46070	73.00	370.00
46073	73.70	370.00
46075	73.10	370.00
46077	73.50	370.00
46079	73.10	368.00
46082	73.50	370.00
46084	73.80	374.00
46086	73.60	370.00
46089	73.10	370.00
46091	73.10	368.00
46093	73.10	368.00
46095	73.70	370.00
46098	73.50	370.00
46100	73.10	370.00
46102	72.90	370.00
46105	73.70	374.00
46107	73.50	370.00
46109	73.30	370.00
46111	73.10	368.00
46114	73.20	370.00
46116	73.80	374.00
46118	73.50	370.00
46121	73.20	370.00
46123	73.10	370.00
46125	73.30	370.00
46128	73.50	370.00
46130	73.70	370.00
46132	73.10	370.00
46134	73.00	368.00
46137	73.80	374.00
46139	73.60	370.00
46141	73.80	374.00
46144	72.70	368.00
46146	72.90	368.00
46148	73.70	370.00
46150	73.30	370.00
46153	73.40	370.00
46155	73.20	368.00
46157	73.20	370.00
46160	73.80	370.00
46162	73.50	374.00
46164	73.10	370.00
46166	73.40	370.00
46169	73.50	370.00
46171	73.20	370.00
46173	73.80	374.00
46176	73.00	368.00
46178	73.20	370.00
46180	73.60	370.00
46183	73.70	370.00
46185	73.20	368.00
46187	73.20	370.00
46189	73.10	370.00
46192	73.70	370.00
46194	73.50	370.00
46196	73.30	370.00
46199	73.30	370.00
46201	73.30	370.00
46203	73.40	370.00
46205	73.80	374.00
46208	72.80	368.00
46210	73.20	370.00
46212	73.60	370.00
46215	73.30	370.00
46217	73.70	368.00
46219	73.00	370.00
46221	73.00	368.00
46224	73.40	374.00
46226	73.40	370.00
46228	73.50	370.00
46231	73.00	368.00
46233	73.50	370.00
46235	73.70	370.00
46238	73.50	370.00
46240	73.20	370.00
46242	73.40	370.00
46244	73.50	370.00
46247	73.70	370.00
46249	73.80	370.00
46251	73.10	368.00
46254	73.00	368.00
46256	73.50	370.00
46258	73.50	370.00
46260	73.20	370.00
46263	73.10	368.00
46265	72.90	368.00
46267	73.60	370.00
46270	73.40	370.00
46272	73.30	370.00
46274	73.10	370.00
46276	73.20	370.00
46279	73.60	370.00
46281	73.40	370.00
46283	73.20	370.00
46286	73.30	370.00
46288	73.70	370.00
46290	73.60	370.00
46293	72.80	368.00
46295	72.80	368.00
46297	73.10	370.00
46299	73.50	370.00
46302	73.30	370.00
46304	72.70	370.00
46306	73.20	368.00
46309	73.10	370.00
46311	73.80	374.00
46313	73.30	370.00
46315	73.30	370.00
46318	73.30	370.00
46320	73.70	370.00
46322	73.60	370.00
46325	73.70	370.00
46327	73.30	370.00
46329	73.20	370.00
46331	73.70	370.00
46334	73.40	370.00
46336	73.30	370.00
46338	73.30	370.00
46341	73.60	370.00
46343	73.60	370.00
46345	73.70	370.00
46348	72.90	368.00
46350	72.80	368.00
46352	73.60	370.00
46354	73.60	370.00
46357	73.20	370.00
46359	73.20	370.00
46361	73.10	370.00
46364	73.60	370.00
46366	73.80	370.00
46368	72.90	368.00
46370	72.80	368.00
46373	72.90	368.00
46375	73.20	370.00
46377	73.70	370.00
46380	72.90	368.00
46382	73.00	368.00
46384	73.60	370.00
46386	73.40	370.00
46389	73.80	368.00
46391	73.10	368.00
46393	73.10	368.00
46396	73.30	370.00
46398	73.60	370.00
46400	73.00	368.00
46403	73.40	370.00
46405	73.20	370.00
46407	73.30	370.00
46409	72.90	368.00
46412	73.00	368.00
46414	73.20	370.00
46416	73.70	370.00
46419	73.60	374.00
46421	73.80	374.00
46423	73.10	370.00
46425	73.10	370.00
46428	73.30	370.00
46430	73.70	370.00
46432	72.90	368.00
46435	73.10	370.00
46437	73.10	370.00
46439	73.70	370.00
46441	73.60	370.00
46444	73.10	370.00
46446	73.30	368.00
46448	73.10	370.00
46451	73.30	370.00
46453	73.50	370.00
46455	72.90	368.00
46458	73.10	370.00
46460	73.40	370.00
46462	73.50	370.00
46464	73.60	370.00
46467	73.10	370.00
46469	73.10	370.00
46471	73.60	370.00
46474	73.60	370.00
46476	73.30	368.00
46478	73.20	368.00
46480	73.10	370.00
46483	73.50	368.00
46485	73.40	370.00
46487	73.10	368.00
46490	73.20	370.00
46492	73.50	370.00
46494	73.30	370.00
46496	73.80	374.00
46499	73.20	370.00
46501	73.00	368.00
46503	73.20	370.00
46506	73.50	370.00
46508	73.30	368.00
46510	72.80	370.00
46513	73.10	370.00
46515	74.10	374.00
46517	73.70	370.00
46519	73.10	368.00
46522	73.20	370.00
46524	73.60	370.00
46526	73.50	370.00
46529	73.70	370.00
46531	73.30	370.00
46533	73.40	368.00
46535	73.80	370.00
46538	73.70	370.00
46540	73.60	370.00
46542	73.10	370.00
46545	73.00	368.00
46547	73.70	370.00
46549	73.90	374.00
46551	73.30	370.00
46554	73.20	370.00
46556	73.50	370.00
46558	73.70	370.00
46561	73.30	370.00
46563	73.30	368.00
46565	73.20	368.00
46568	73.60	370.00
46570	73.60	370.00
46572	73.40	370.00
46574	72.90	368.00
46577	72.90	368.00
46579	73.30	370.00
46581	73.50	370.00
46584	73.10	368.00
46586	72.90	368.00
46588	73.10	370.00
46590	74.00	374.00
46593	73.80	374.00
46595	73.30	368.00
46597	73.00	370.00
46600	73.20	370.00
46602	73.20	370.00
46604	73.70	370.00
46606	72.90	368.00
46609	73.10	370.00
46611	73.60	370.00
46613	73.50	370.00
46616	73.30	370.00
46618	73.00	368.00
46620	73.20	370.00
46623	73.20	370.00
46625	73.50	374.00
46627	72.90	368.00
46629	72.90	370.00
46632	73.70	370.00
46634	73.70	370.00
46636	73.20	370.00
46639	73.20	370.00
46641	73.10	370.00
46643	73.80	374.00
46645	73.70	370.00
46648	74.00	368.00
46650	73.30	370.00
46652	73.60	370.00
46655	73.10	370.00
46657	73.80	370.00
46659	73.10	370.00
46661	73.10	368.00
46664	73.50	370.00
46666	73.60	370.00
46668	73.80	374.00
46671	73.30	370.00
46673	73.10	368.00
46675	73.60	370.00
46678	73.50	370.00
46680	73.40	368.00
46682	73.30	370.00
46684	73.10	370.00
46687	73.90	370.00
46689	73.50	370.00
46691	72.90	368.00
46694	73.00	368.00
46696	73.30	370.00
46698	73.60	370.00
46700	73.60	370.00
46703	73.10	370.00
46705	73.10	370.00
46707	73.70	370.00
46710	73.70	370.00
46712	73.30	370.00
46714	73.30	368.00
46716	72.90	370.00
46719	73.70	370.00
46721	73.80	374.00
46723	73.20	370.00
46726	73.20	370.00
46728	73.30	370.00
46730	73.70	370.00
46733	73.30	370.00
46735	72.70	368.00
46737	73.10	370.00
46739	73.40	370.00
46742	73.60	370.00
46744	73.70	374.00
46746	73.30	370.00
46749	73.20	370.00
46751	73.50	370.00
46753	73.50	370.00
46755	73.70	370.00
46758	73.20	370.00
46760	73.30	370.00
46762	73.70	370.00
46765	73.40	370.00
46767	73.00	368.00
46769	73.40	370.00
46771	73.30	370.00
46774	73.80	370.00
46776	73.60	370.00
46778	72.90	368.00
46781	72.80	368.00
46783	73.30	370.00
46785	73.40	370.00
46788	73.50	370.00
46790	72.80	368.00
46792	72.90	368.00
46794	73.70	370.00
46797	73.60	374.00
46799	73.50	368.00
46801	73.20	368.00
46804	73.40	370.00
46806	73.60	370.00
46808	73.60	370.00
46810	73.10	370.00
46813	73.10	370.00
46815	73.80	374.00
46817	73.90	374.00
46820	73.50	370.00
46822	72.80	368.00
46824	73.10	370.00
46826	73.30	370.00
46829	73.70	370.00
46831	73.50	370.00
46833	72.90	370.00
46836	73.30	370.00
46838	73.70	370.00
46840	73.40	370.00
46843	73.00	368.00
46845	73.20	370.00
46847	73.90	374.00
46849	73.70	370.00
46852	73.60	370.00
46854	73.20	370.00
46856	73.10	368.00
46859	73.60	370.00
46861	73.50	370.00
46863	73.20	370.00
46865	73.10	368.00
46868	73.20	370.00
46870	73.90	374.00
46872	73.90	374.00
46875	73.10	368.00
46877	73.30	370.00
46879	72.90	368.00
46881	73.40	370.00
46884	73.70	370.00
46886	73.40	368.00
46888	73.10	368.00
46891	73.70	374.00
46893	73.60	370.00
46895	73.00	368.00
46898	72.90	368.00
46900	73.30	370.00
46902	73.60	370.00
46904	73.60	370.00
46907	73.00	368.00
46909	72.90	368.00
46911	72.80	370.00
46914	73.50	370.00
46916	73.30	370.00
46918	73.20	370.00
46920	73.20	370.00
46923	73.80	374.00
46925	73.80	374.00
46927	73.70	370.00
46930	73.20	370.00
46932	73.10	370.00
46934	73.30	370.00
46936	73.30	370.00
46939	73.60	370.00
46941	73.20	370.00
46943	73.20	370.00
46946	73.50	370.00
46948	73.80	370.00
46950	73.30	370.00
46953	73.20	370.00
46955	73.60	370.00
46957	73.30	370.00
46959	86.30	436.00
46962	85.90	432.00
46964	86.20	432.00
46966	86.00	432.00
46969	86.30	432.00
46971	86.30	432.00
46973	86.10	432.00
46975	86.40	432.00
46978	85.50	432.00
46980	86.10	432.00
46982	86.60	436.00
46985	86.80	436.00
46987	86.20	432.00
46989	86.00	432.00
46991	86.00	432.00
46994	86.40	436.00
46996	86.30	436.00
46998	86.00	432.00
47001	86.00	436.00
47003	86.20	436.00
47005	86.30	436.00
47008	86.10	432.00
47010	86.00	432.00
47012	86.40	436.00
47014	86.30	436.00
47017	86.50	436.00
47019	86.30	436.00
47021	86.10	432.00
47024	86.20	436.00
47026	86.40	436.00
47028	86.40	436.00
47030	86.20	432.00
47033	86.40	436.00
47035	86.30	436.00
47037	86.60	436.00
47040	86.40	436.00
47042	86.60	436.00
47044	86.30	436.00
47046	86.40	436.00
47049	89.60	452.00
47051	90.30	456.00
47053	91.50	462.00
47056	92.10	462.00
47058	92.00	466.00
47060	92.00	466.00
47063	92.20	466.00
47065	92.10	462.00
47067	91.70	462.00
47069	91.20	458.00
47072	90.70	456.00
47074	88.60	446.00
47076	91.10	458.00
47079	80.40	406.00
47081	73.50	370.00
47083	73.20	370.00
47085	73.60	370.00
47088	73.30	370.00
47090	73.40	368.00
47092	73.30	368.00
47095	73.50	370.00
47097	73.60	370.00
47099	73.70	370.00
47101	73.20	370.00
47104	72.90	368.00
47106	73.60	370.00
47108	73.60	370.00
47111	73.50	370.00
47113	73.10	370.00
47115	72.90	370.00
47118	73.60	370.00
47120	73.60	370.00
47122	73.70	370.00
47124	73.30	370.00
47127	73.30	370.00
47129	73.70	370.00
47131	73.70	370.00
47134	72.90	368.00
47136	73.20	370.00
47138	73.70	370.00
47140	73.10	368.00
47143	73.70	370.00
47145	73.10	370.00
47147	73.30	370.00
47150	73.70	374.00
47152	73.70	374.00
47154	73.00	368.00
47156	73.30	370.00
47159	73.30	370.00
47161	73.60	370.00
47163	73.60	370.00
47166	72.90	368.00
47168	72.80	368.00
47170	73.80	374.00
47173	73.50	370.00
47175	73.50	370.00
47177	72.80	368.00
47179	73.00	368.00
47182	73.50	370.00
47184	73.50	370.00
47186	73.10	368.00
47189	73.20	370.00
47191	73.00	368.00
47193	73.70	370.00
47195	73.60	370.00
47198	73.10	370.00
47200	73.10	370.00
47202	72.90	370.00
47205	74.00	370.00
47207	73.50	370.00
47209	73.20	370.00
47211	73.20	370.00
47214	73.60	370.00
47216	73.70	370.00
47218	73.60	370.00
47221	73.10	370.00
47223	73.20	370.00
47225	73.50	370.00
47228	73.70	370.00
47230	73.10	368.00
47232	72.60	368.00
47234	72.90	370.00
47237	73.60	370.00
47239	73.40	370.00
47241	73.10	368.00
47244	73.20	370.00
47246	73.80	374.00
47248	73.50	370.00
47250	73.60	370.00
47253	73.20	370.00
47255	73.20	370.00
47257	73.40	370.00
47260	73.70	374.00
47262	73.50	370.00
47264	73.30	370.00
47266	73.50	370.00
47269	73.60	370.00
47271	73.30	370.00
47273	73.20	370.00
47276	73.20	370.00
47278	73.60	370.00
47280	74.00	374.00
47283	73.70	370.00
47285	73.10	370.00
47287	73.00	370.00
47289	73.70	368.00
47292	73.30	370.00
47294	73.50	368.00
47296	73.20	370.00
47299	73.10	368.00
47301	73.70	370.00
47303	73.70	370.00
47305	73.10	368.00
47308	73.20	370.00
47310	73.00	368.00
47312	73.50	370.00
47315	73.30	370.00
47317	73.10	368.00
47319	72.90	370.00
47321	73.60	370.00
47324	73.60	370.00
47326	73.50	370.00
47328	72.90	368.00
47331	73.10	368.00
47333	73.30	370.00
47335	73.80	374.00
47338	72.90	368.00
47340	73.20	370.00
47342	73.20	370.00
47344	73.50	370.00
47347	73.70	374.00
47349	72.90	370.00
47351	72.90	370.00
47354	72.90	370.00
47356	73.80	374.00
47358	73.50	370.00
47360	73.20	370.00
47363	73.20	370.00
47365	73.50	370.00
47367	73.60	370.00
47370	73.10	368.00
47372	73.20	370.00
47374	73.50	374.00
47376	73.80	370.00
47379	73.90	374.00
47381	73.20	370.00
47383	72.90	370.00
47386	73.80	374.00
47388	73.50	370.00
47390	73.60	370.00
47393	73.30	370.00
47395	73.30	370.00
47397	73.80	374.00
47399	74.00	374.00
47402	73.80	374.00
47404	73.40	368.00
47406	73.10	370.00
47409	73.60	370.00
47411	73.40	370.00
47413	73.40	370.00
47415	73.30	370.00
47418	73.60	370.00
47420	73.70	370.00
47422	73.50	370.00
47425	73.30	370.00
47427	72.90	368.00
47429	73.70	370.00
47431	73.30	370.00
47434	73.50	368.00
47436	73.20	368.00
47438	73.10	370.00
47441	73.80	370.00
47443	73.30	370.00
47445	73.10	368.00
47448	72.80	368.00
47450	73.60	370.00
47452	73.70	370.00
47454	73.80	374.00
47457	73.10	370.00
47459	72.80	368.00
47461	73.40	370.00
47464	73.20	370.00
47466	73.40	370.00
47468	73.10	368.00
47470	73.20	370.00
47473	73.50	370.00
47475	73.70	370.00
47477	73.30	370.00
47480	73.20	370.00
47482	73.20	370.00
47484	73.10	370.00
47486	73.80	374.00
47489	72.70	368.00
47491	73.10	368.00
47493	73.70	370.00
47496	73.50	370.00
47498	73.70	374.00
47500	72.90	368.00
47503	73.00	368.00
47505	73.60	370.00
47507	73.70	370.00
47509	73.70	370.00
47512	73.30	370.00
47514	73.10	370.00
47516	73.30	370.00
47519	73.30	370.00
47521	73.30	368.00
47523	73.20	370.00
47525	73.30	374.00
47528	73.70	370.00
47530	73.60	370.00
47532	73.00	368.00
47535	72.90	368.00
47537	73.30	370.00
47539	73.30	370.00
47541	73.40	370.00
47544	72.70	368.00
47546	72.80	368.00
47548	73.60	370.00
47551	73.30	370.00
47553	73.70	370.00
47555	73.10	368.00
47558	73.00	370.00
47560	73.40	370.00
47562	73.60	370.00
47564	72.70	368.00
47567	73.20	370.00
47569	73.50	370.00
47571	73.30	370.00
47574	73.70	370.00
47576	72.40	364.00
47578	73.30	370.00
47580	73.30	374.00
47583	73.70	370.00
47585	73.80	368.00
47587	72.90	370.00
47590	73.30	370.00
47592	73.40	370.00
47594	73.20	370.00
47596	73.10	370.00
47599	73.30	370.00
47601	73.60	370.00
47603	73.80	374.00
47606	73.60	370.00
47608	72.80	370.00
47610	73.10	368.00
47613	73.40	370.00
47615	73.50	370.00
47617	73.10	370.00
47619	72.90	368.00
47622	73.10	368.00
47624	73.70	370.00
47626	73.60	370.00
47629	73.20	370.00
47631	72.80	368.00
47633	72.80	368.00
47635	73.70	370.00
47638	73.70	374.00
47640	73.00	368.00
47642	73.10	368.00
47645	73.50	374.00
47647	73.60	370.00
47649	73.30	370.00
47651	72.80	368.00
47654	73.30	370.00
47656	73.50	370.00
47658	73.60	370.00
47661	73.10	368.00
47663	72.90	368.00
47665	73.20	374.00
47668	73.40	370.00
47670	73.40	370.00
47672	73.30	368.00
47674	72.90	368.00
47677	73.70	370.00
47679	73.70	370.00
47681	73.70	370.00
47684	73.20	370.00
47686	73.20	370.00
47688	73.40	370.00
47690	73.50	370.00
47693	73.10	370.00
47695	72.80	368.00
47697	73.20	370.00
47700	73.80	370.00
47702	73.60	370.00
47704	73.10	368.00
47706	73.10	370.00
47709	73.30	370.00
47711	73.70	370.00
47713	73.50	370.00
47716	73.10	370.00
47718	73.30	370.00
47720	73.80	374.00
47723	73.50	370.00
47725	73.50	368.00
47727	73.20	370.00
47729	73.20	370.00
47732	73.60	370.00
47734	73.70	370.00
47736	73.00	368.00
47739	73.10	370.00
47741	73.40	370.00
47743	73.20	370.00
47745	73.30	370.00
47748	73.20	370.00
47750	72.80	368.00
47752	73.50	370.00
47755	73.40	370.00
47757	73.60	368.00
47759	73.20	368.00
47761	72.90	370.00
47764	73.50	370.00
47766	73.30	370.00
47768	72.80	368.00
47771	73.10	370.00
47773	73.30	370.00
47775	73.50	370.00
47778	73.80	374.00
47780	72.80	368.00
47782	73.20	368.00
47784	73.50	370.00
47787	73.30	370.00
47789	73.50	370.00
47791	73.00	368.00
47794	73.20	370.00
47796	73.40	370.00
47798	73.60	370.00
47800	73.20	370.00
47803	73.00	368.00
47805	73.30	370.00
47807	73.80	374.00
47810	73.80	370.00
47812	72.90	368.00
47814	73.10	370.00
47816	73.30	374.00
47819	73.30	370.00
47821	73.50	370.00
47823	73.20	370.00
47826	73.00	368.00
47828	73.60	370.00
47830	73.80	374.00
47833	73.50	370.00
47835	72.90	368.00
47837	73.20	370.00
47839	73.30	370.00
47842	73.30	370.00
47844	73.30	370.00
47846	73.60	368.00
47849	73.60	370.00
47851	73.50	370.00
47853	73.40	370.00
47855	73.10	368.00
47858	72.90	368.00
47860	73.30	370.00
47862	73.40	370.00
47865	73.50	370.00
47867	72.90	368.00
47869	73.10	370.00
47871	73.60	370.00
47874	73.50	370.00
47876	73.30	368.00
47878	73.10	370.00
47881	73.40	370.00
47883	73.60	370.00
47885	73.80	374.00
47888	72.90	368.00
47890	73.10	370.00
47892	73.60	370.00
47894	73.30	370.00
47897	73.50	370.00
47899	73.10	368.00
47901	72.90	368.00
47904	73.70	370.00
47906	73.40	374.00
47908	73.30	370.00
47910	73.30	370.00
47913	72.90	368.00
47915	73.80	374.00
47917	73.30	370.00
47920	73.00	368.00
47922	73.20	370.00
47924	73.80	374.00
47926	73.70	370.00
47929	73.90	370.00
47931	72.80	370.00
47933	72.80	368.00
47936	73.30	370.00
47938	73.40	370.00
47940	73.40	370.00
47943	73.00	368.00
47945	72.60	368.00
47947	73.60	370.00
47949	73.60	370.00
47952	73.10	368.00
47954	73.10	368.00
47956	73.30	370.00
47959	73.60	370.00
47961	73.60	370.00
47963	73.40	370.00
47965	73.00	368.00
47968	73.50	370.00
47970	73.60	370.00
47972	73.20	370.00
47975	73.10	370.00
47977	72.90	368.00
47979	73.80	374.00
47981	73.40	370.00
47984	73.70	370.00
47986	72.90	370.00
47988	73.20	370.00
47991	73.30	370.00
47993	73.70	374.00
47995	73.10	370.00
47998	73.20	370.00
48000	73.60	370.00
48002	73.80	374.00
48004	73.70	370.00
48007	72.80	368.00
48009	72.90	368.00
48011	73.30	370.00
48014	73.20	370.00
48016	73.60	370.00
48018	72.80	370.00
48020	73.10	370.00
48023	73.80	374.00
48025	73.80	374.00
48027	73.10	368.00
48030	73.00	368.00
48032	73.50	370.00
48034	73.60	370.00
48036	73.80	374.00
48039	73.10	370.00
48041	72.90	368.00
48043	73.70	370.00
48046	73.70	370.00
48048	86.00	440.00
48050	85.90	432.00
48053	86.00	432.00
48055	86.30	436.00
48057	86.30	436.00
48059	86.20	432.00
48062	86.10	432.00
48064	86.10	432.00
48066	86.10	432.00
48069	86.40	436.00
48071	86.50	436.00
48073	86.40	436.00
48075	86.30	432.00
48078	86.20	432.00
48080	86.30	436.00
48082	86.60	436.00
48085	86.30	436.00
48087	86.60	436.00
48089	86.30	436.00
48091	86.30	436.00
48094	86.40	436.00
48096	86.60	436.00
48098	86.30	436.00
48101	86.30	436.00
48103	86.40	436.00
48105	86.70	436.00
48108	86.60	432.00
48110	86.30	436.00
48112	86.40	436.00
48114	86.30	436.00
48117	86.30	436.00
48119	86.40	436.00
48121	86.30	436.00
48124	86.40	436.00
48126	86.40	436.00
48128	86.60	436.00
48130	86.50	436.00
48133	86.30	436.00
48135	86.70	458.00
48137	89.90	456.00
48140	91.30	458.00
48142	91.60	462.00
48144	91.90	462.00
48146	92.40	466.00
48149	92.60	466.00
48151	92.00	462.00
48153	92.00	462.00
48156	91.80	462.00
48158	91.50	456.00
48160	90.70	446.00
48163	88.60	446.00
48165	91.60	430.00
48167	80.50	368.00
48169	73.20	370.00
48172	73.50	370.00
48174	73.40	370.00
48176	73.60	370.00
48179	73.10	368.00
48181	73.10	370.00
48183	73.60	370.00
48185	73.60	370.00
48188	73.60	368.00
48190	72.90	370.00
48192	73.20	368.00
48195	73.70	370.00
48197	73.60	374.00
48199	73.00	368.00
48201	73.10	370.00
48204	73.30	370.00
48206	73.80	374.00
48208	73.50	370.00
48211	73.20	370.00
48213	73.30	370.00
48215	73.60	370.00
48218	73.80	370.00
48220	73.80	370.00
48222	72.80	368.00
48224	73.40	368.00
48227	73.20	370.00
48229	73.50	370.00
48231	73.50	370.00
48234	73.00	368.00
48236	72.90	368.00
48238	73.70	370.00
48240	73.60	370.00
48243	73.00	368.00
48245	73.00	370.00
48247	72.90	370.00
48250	73.30	370.00
48252	73.40	370.00
48254	73.00	368.00
48256	73.00	368.00
48259	73.50	370.00
48261	73.40	370.00
48263	73.50	370.00
48266	73.00	368.00
48268	73.10	368.00
48270	73.50	370.00
48273	73.60	370.00
48275	73.20	368.00
48277	72.90	370.00
48279	73.20	370.00
48282	73.40	370.00
48284	73.40	370.00
48286	73.10	370.00
48289	73.20	370.00
48291	73.30	370.00
48293	73.80	374.00
48295	73.70	370.00
48298	72.90	368.00
48300	72.90	368.00
48302	73.10	370.00
48305	73.50	370.00
48307	73.10	370.00
48309	73.30	370.00
48311	73.30	370.00
48314	73.40	370.00
48316	73.50	370.00
48318	73.10	368.00
48321	73.30	370.00
48323	73.80	374.00
48325	73.10	370.00
48328	73.60	370.00
48330	73.20	370.00
48332	73.30	370.00
48334	73.30	374.00
48337	73.70	370.00
48339	73.60	368.00
48341	73.20	370.00
48344	73.20	370.00
48346	73.60	370.00
48348	73.50	370.00
48350	72.90	368.00
48353	72.90	368.00
48355	73.30	370.00
48357	73.80	374.00
48360	73.50	370.00
48362	73.20	370.00
48364	73.00	370.00
48366	73.50	370.00
48369	73.80	374.00
48371	73.90	370.00
48373	72.90	368.00
48376	72.80	368.00
48378	73.60	370.00
48380	73.50	370.00
48383	72.70	368.00
48385	73.10	368.00
48387	73.30	370.00
48389	73.60	370.00
48392	73.50	370.00
48394	72.80	368.00
48396	73.20	370.00
48399	73.20	370.00
48401	73.60	370.00
48403	73.50	370.00
48405	73.10	370.00
48408	72.90	368.00
48410	73.50	370.00
48412	74.00	374.00
48415	72.80	368.00
48417	73.30	370.00
48419	73.40	370.00
48421	73.40	370.00
48424	73.60	370.00
48426	73.10	370.00
48428	73.10	368.00
48431	73.70	370.00
48433	73.60	370.00
48435	73.50	370.00
48438	73.30	370.00
48440	73.30	370.00
48442	73.70	370.00
48444	73.60	370.00
48447	73.70	370.00
48449	73.00	368.00
48451	73.40	370.00
48454	73.30	370.00
48456	73.70	370.00
48458	72.80	368.00
48460	73.10	370.00
48463	77.60	390.00
48465	63.80	322.00
48467	63.90	322.00
48470	63.60	322.00
48472	63.20	318.00
48474	80.20	404.00
48476	73.40	370.00
48479	73.70	368.00
48481	72.70	370.00
48483	73.10	368.00
48486	73.50	370.00
48488	73.60	370.00
48490	73.30	370.00
48493	73.20	370.00
48495	73.50	370.00
48497	73.80	374.00
48499	73.70	370.00
48502	73.00	368.00
48504	73.10	370.00
48506	73.60	370.00
48509	73.20	370.00
48511	73.40	370.00
48513	73.10	370.00
48515	73.10	368.00
48518	73.90	374.00
48520	73.60	370.00
48522	73.30	370.00
48525	73.20	370.00
48527	73.40	370.00
48529	73.80	374.00
48531	73.50	370.00
48534	73.30	370.00
48536	72.80	370.00
48538	73.40	370.00
48541	73.30	370.00
48543	73.30	370.00
48545	72.90	368.00
48548	72.90	368.00
48550	73.60	370.00
48552	73.90	374.00
48554	73.40	370.00
48557	73.00	368.00
48559	73.30	370.00
48561	73.30	370.00
48564	73.40	370.00
48566	73.50	370.00
48568	73.10	370.00
48570	73.10	370.00
48573	73.80	370.00
48575	73.50	370.00
48577	73.20	370.00
48580	73.20	370.00
48582	73.30	370.00
48584	73.40	370.00
48586	73.70	370.00
48589	73.10	370.00
48591	73.20	370.00
48593	73.60	370.00
48596	73.70	370.00
48598	73.00	370.00
48600	72.90	370.00
48603	73.20	370.00
48605	73.70	370.00
48607	73.60	370.00
48609	73.50	370.00
48612	73.10	368.00
48614	73.60	370.00
48616	73.30	370.00
48619	73.60	370.00
48621	73.00	368.00
48623	73.10	370.00
48625	73.60	370.00
48628	73.90	370.00
48630	74.00	368.00
48632	73.20	368.00
48635	73.10	370.00
48637	73.50	370.00
48639	73.40	370.00
48641	72.90	368.00
48644	72.70	368.00
48646	73.30	370.00
48648	73.60	370.00
48651	73.30	370.00
48653	73.20	370.00
48655	73.00	370.00
48658	73.60	370.00
48660	73.50	374.00
48662	73.10	370.00
48664	73.30	370.00
48667	73.10	368.00
48669	73.60	370.00
48671	73.50	370.00
48674	73.10	368.00
48676	73.20	370.00
48678	73.70	370.00
48680	73.50	370.00
48683	73.70	370.00
48685	73.00	370.00
48687	73.00	368.00
48690	73.60	374.00
48692	73.50	370.00
48694	73.30	370.00
48696	72.90	368.00
48699	73.00	368.00
48701	73.60	370.00
48703	73.90	374.00
48706	73.00	368.00
48708	73.30	370.00
48710	73.10	370.00
48713	73.60	370.00
48715	73.70	370.00
48717	72.80	370.00
48719	72.90	368.00
48722	74.10	374.00
48724	73.90	374.00
48726	73.60	370.00
48729	73.10	370.00
48731	73.10	370.00
48733	73.40	370.00
48735	73.70	370.00
48738	73.30	368.00
48740	73.30	368.00
48742	73.20	374.00
48745	73.90	370.00
48747	73.70	374.00
48749	73.00	368.00
48751	73.10	370.00
48754	73.70	374.00
48756	73.60	370.00
48758	73.60	370.00
48761	72.90	368.00
48763	72.80	368.00
48765	73.60	370.00
48768	73.20	370.00
48770	73.70	368.00
48772	73.10	368.00
48774	73.20	370.00
48777	73.70	374.00
48779	73.60	370.00
48781	73.20	370.00
48784	73.30	370.00
48786	73.20	370.00
48788	73.70	370.00
48790	73.40	370.00
48793	72.90	368.00
48795	72.80	368.00
48797	73.40	374.00
48800	73.60	370.00
48802	73.70	370.00
48804	72.70	368.00
48806	73.20	370.00
48809	73.40	370.00
48811	73.40	370.00
48813	73.10	368.00
48816	73.40	370.00
48818	73.40	370.00
48820	73.60	370.00
48823	73.70	370.00
48825	73.20	370.00
48827	73.10	368.00
48829	73.50	370.00
48832	73.60	370.00
48834	73.70	370.00
48836	73.20	370.00
48839	73.00	368.00
48841	74.00	374.00
48843	73.50	370.00
48845	73.40	370.00
48848	73.10	370.00
48850	73.10	368.00
48852	73.80	374.00
48855	73.80	374.00
48857	72.90	368.00
48859	72.90	370.00
48861	73.40	368.00
48864	73.60	370.00
48866	73.40	370.00
48868	73.00	368.00
48871	73.10	370.00
48873	73.70	370.00
48875	73.50	370.00
48878	73.50	370.00
48880	72.90	368.00
48882	73.00	368.00
48884	73.80	370.00
48887	73.50	370.00
48889	73.30	370.00
48891	73.10	370.00
48894	73.60	370.00
48896	73.50	370.00
48898	73.80	374.00
48900	73.20	370.00
48903	73.30	370.00
48905	73.50	370.00
48907	73.40	370.00
48910	73.60	370.00
48912	73.10	370.00
48914	73.20	370.00
48916	73.40	370.00
48919	73.50	370.00
48921	73.00	370.00
48923	73.10	370.00
48926	73.80	374.00
48928	73.90	374.00
48930	73.70	370.00
48933	73.10	368.00
48935	73.10	368.00
48937	73.30	370.00
48939	73.70	370.00
48942	73.40	368.00
48944	73.10	368.00
48946	73.00	368.00
48949	73.60	370.00
48951	73.50	370.00
48953	73.00	368.00
48955	73.10	370.00
48958	73.00	368.00
48960	73.30	370.00
48962	73.50	370.00
48965	73.10	368.00
48967	73.00	368.00
48969	73.60	370.00
48971	73.60	370.00
48974	73.70	368.00
48976	73.30	368.00
48978	72.90	370.00
48981	73.50	370.00
48983	73.70	370.00
48985	73.10	368.00
48988	73.00	368.00
48990	73.10	370.00
48992	73.40	370.00
48994	73.20	370.00
48997	72.80	368.00
48999	72.80	370.00
49001	73.20	370.00
49004	73.60	370.00
49006	73.70	370.00
49008	73.20	370.00
49010	73.20	370.00
49013	73.70	370.00
49015	73.80	374.00
49017	73.10	368.00
49020	73.30	370.00
49022	72.90	368.00
49024	73.90	374.00
49026	73.50	370.00
49029	73.00	370.00
49031	73.10	370.00
49033	73.40	374.00
49036	73.30	370.00
49038	73.70	370.00
49040	73.40	370.00
49043	73.20	370.00
49045	73.70	370.00
49047	73.60	370.00
49049	73.50	370.00
49052	73.20	370.00
49054	73.20	370.00
49056	73.60	370.00
49059	73.80	370.00
49061	73.90	368.00
49063	73.00	368.00
49065	73.30	370.00
49068	73.80	374.00
49070	73.20	370.00
49072	72.90	368.00
49075	72.80	368.00
49077	73.60	370.00
49079	73.60	370.00
49081	73.80	374.00
49084	73.30	370.00
49086	72.90	368.00
49088	73.40	370.00
49091	73.50	374.00
49093	73.40	370.00
49095	73.00	370.00
49098	73.30	370.00
49100	73.70	374.00
49102	73.60	370.00
49104	73.00	368.00
49107	73.20	370.00
49109	73.30	370.00
49111	73.20	370.00
49114	73.80	374.00
49116	73.20	370.00
49118	73.10	370.00
49120	73.70	370.00
49123	73.50	374.00
49125	73.70	370.00
49127	73.30	370.00
49130	72.90	368.00
49132	73.60	370.00
49134	73.70	370.00
49136	87.20	440.00
49139	86.10	432.00
49141	85.90	432.00
49143	86.00	432.00
49146	85.80	432.00
49148	86.30	436.00
49150	86.10	432.00
49153	85.90	432.00
49155	86.20	436.00
49157	86.20	436.00
49159	86.50	436.00
49162	86.30	436.00
49164	86.30	436.00
49166	86.30	436.00
49169	86.50	436.00
49171	86.30	436.00
49173	86.50	432.00
49175	86.30	436.00
49178	86.40	432.00
49180	86.30	432.00
49182	86.40	432.00
49185	86.10	432.00
49187	86.30	436.00
49189	86.00	432.00
49191	86.30	436.00
49194	86.40	436.00
49196	86.50	436.00
49198	86.50	436.00
49201	86.40	436.00
49203	86.30	436.00
49205	86.10	436.00
49208	86.30	436.00
49210	86.90	436.00
49212	86.40	436.00
49214	86.50	436.00
49217	86.30	436.00
49219	86.30	436.00
49221	86.40	436.00
49224	90.90	458.00
49226	89.00	448.00
49228	90.70	456.00
49230	91.60	462.00
49233	92.10	466.00
49235	92.10	462.00
49237	92.20	462.00
49240	91.90	462.00
49242	91.60	462.00
49244	91.80	462.00
49246	90.50	456.00
49249	88.70	446.00
49251	88.60	446.00
49253	88.20	446.00
49256	77.40	390.00
49258	73.30	370.00
49260	73.70	370.00
49263	73.60	370.00
49265	73.50	370.00
49267	72.90	370.00
49269	73.20	370.00
49272	73.80	374.00
49274	73.70	370.00
49276	73.20	370.00
49279	73.30	370.00
49281	73.20	370.00
49283	73.50	370.00
49285	73.60	370.00
49288	73.20	370.00
49290	73.20	368.00
49292	73.70	374.00
49295	73.90	370.00
49297	73.90	370.00
49299	73.10	370.00
49301	73.50	370.00
49304	73.40	370.00
49306	73.50	370.00
49308	73.20	370.00
49311	73.60	370.00
49313	73.20	370.00
49315	73.70	370.00
49318	73.60	370.00
49320	73.40	368.00
49322	73.40	370.00
49324	73.10	370.00
49327	73.70	370.00
49329	73.90	374.00
49331	73.10	370.00
49334	72.80	368.00
49336	73.50	370.00
49338	73.40	370.00
49340	73.60	370.00
49343	73.20	370.00
49345	72.90	368.00
49347	73.60	370.00
49350	73.50	374.00
49352	73.30	370.00
49354	73.20	370.00
49356	73.20	370.00
49359	73.60	370.00
49361	73.90	374.00
49363	73.20	370.00
49366	73.40	370.00
49368	73.50	370.00
49370	73.90	374.00
49373	73.60	370.00
49375	73.00	368.00
49377	73.20	368.00
49379	73.20	370.00
49382	73.50	370.00
49384	74.00	370.00
49386	73.20	370.00
49389	73.50	370.00
49391	73.80	374.00
49393	73.70	370.00
49395	73.30	370.00
49398	73.30	370.00
49400	73.80	374.00
49402	73.90	374.00
49405	73.80	374.00
49407	73.20	370.00
49409	73.30	370.00
49411	73.70	374.00
49414	73.60	370.00
49416	73.40	370.00
49418	73.10	370.00
49421	73.10	370.00
49423	73.70	370.00
49425	73.70	370.00
49428	73.30	370.00
49430	73.40	370.00
49432	73.60	370.00
49434	73.40	370.00
49437	73.50	370.00
49439	73.10	370.00
49441	73.30	370.00
49444	73.60	374.00
49446	73.60	370.00
49448	73.10	370.00
49450	73.20	370.00
49453	73.00	368.00
49455	73.70	370.00
49457	73.20	370.00
49460	73.20	370.00
49462	73.20	370.00
49464	73.30	374.00
49466	73.80	374.00
49469	73.60	370.00
49471	73.20	370.00
49473	73.00	370.00
49476	73.60	370.00
49478	73.90	374.00
49480	73.80	374.00
49483	73.00	368.00
49485	73.00	368.00
49487	73.50	370.00
49489	73.70	370.00
49492	73.10	368.00
49494	73.30	368.00
49496	72.90	370.00
49499	73.70	370.00
49501	73.80	374.00
49503	73.30	370.00
49505	73.10	370.00
49508	73.80	374.00
49510	73.50	370.00
49512	73.70	370.00
49515	73.20	370.00
49517	73.40	370.00
49519	73.80	374.00
49521	74.00	374.00
49524	73.50	368.00
49526	73.30	370.00
49528	73.20	370.00
49531	73.60	374.00
49533	73.50	370.00
49535	73.40	370.00
49538	73.20	370.00
49540	73.70	370.00
49542	74.00	374.00
49544	73.60	370.00
49547	73.10	370.00
49549	73.20	370.00
49551	73.40	370.00
49554	73.70	374.00
49556	73.60	370.00
49558	73.40	370.00
49560	72.90	370.00
49563	73.50	370.00
49565	73.60	370.00
49567	73.10	368.00
49570	73.00	368.00
49572	73.60	370.00
49574	73.90	374.00
49576	73.60	370.00
49579	73.00	368.00
49581	73.00	370.00
49583	73.30	370.00
49586	73.70	370.00
49588	73.20	370.00
49590	72.90	370.00
49593	73.30	370.00
49595	73.60	370.00
49597	73.80	374.00
49599	73.20	370.00
49602	73.40	370.00
49604	73.30	370.00
49606	73.70	370.00
49609	73.90	374.00
49611	72.90	370.00
49613	73.40	368.00
49615	73.30	370.00
49618	73.70	370.00
49620	73.70	370.00
49622	73.20	370.00
49625	73.30	370.00
49627	73.80	374.00
49629	74.00	374.00
49631	73.60	370.00
49634	73.60	370.00
49636	73.20	368.00
49638	73.80	370.00
49641	73.30	370.00
49643	73.40	368.00
49645	73.30	370.00
49648	73.00	370.00
49650	73.60	370.00
49652	73.70	370.00
49654	72.90	368.00
49657	73.40	370.00
49659	73.50	370.00
49661	73.70	370.00
49664	73.40	370.00
49666	73.40	370.00
49668	73.40	370.00
49670	73.90	370.00
49673	73.80	374.00
49675	73.70	368.00
49677	73.20	370.00
49680	73.40	370.00
49682	73.50	370.00
49684	73.70	370.00
49686	72.90	368.00
49689	73.10	370.00
49691	73.90	374.00
49693	73.80	374.00
49696	73.60	370.00
49698	73.20	368.00
49700	73.20	370.00
49703	73.30	374.00
49705	73.50	374.00
49707	73.20	370.00
49709	73.50	370.00
49712	73.70	370.00
49714	73.80	374.00
49716	73.40	370.00
49719	72.90	368.00
49721	73.30	370.00
49723	74.00	374.00
49725	73.90	370.00
49728	73.80	370.00
49730	73.10	368.00
49732	73.10	370.00
49735	73.50	370.00
49737	73.50	370.00
49739	73.50	370.00
49741	73.30	370.00
49744	73.10	368.00
49746	73.70	370.00
49748	73.40	370.00
49751	73.30	370.00
49753	73.30	370.00
49755	72.90	370.00
49758	73.70	370.00
49760	73.30	374.00
49762	73.30	368.00
49764	73.30	368.00
49767	73.60	370.00
49769	73.90	374.00
49771	73.30	370.00
49774	73.10	368.00
49776	73.20	370.00
49778	73.40	370.00
49780	73.50	370.00
49783	73.20	368.00
49785	73.20	370.00
49787	73.10	374.00
49790	73.80	370.00
49792	73.50	370.00
49794	73.40	370.00
49796	73.20	370.00
49799	73.60	370.00
49801	73.70	370.00
49803	73.80	374.00
49806	73.30	370.00
49808	73.20	370.00
49810	73.60	370.00
49813	73.40	370.00
49815	73.60	370.00
49817	73.00	370.00
49819	73.00	370.00
49822	73.80	374.00
49824	73.90	374.00
49826	73.20	370.00
49829	73.20	370.00
49831	73.50	370.00
49833	74.00	374.00
49835	73.40	370.00
49838	73.00	368.00
49840	73.20	370.00
49842	73.70	374.00
49845	73.80	370.00
49847	73.80	370.00
49849	73.20	368.00
49851	73.20	370.00
49854	73.40	370.00
49856	73.90	374.00
49858	73.10	370.00
49861	73.10	368.00
49863	73.70	370.00
49865	73.80	374.00
49868	73.30	370.00
49870	73.30	370.00
49872	73.40	370.00
49874	73.80	370.00
49877	73.50	370.00
49879	73.80	370.00
49881	73.10	368.00
49884	73.20	370.00
49886	73.20	370.00
49888	73.60	370.00
49890	73.10	368.00
49893	73.00	368.00
49895	73.50	370.00
49897	73.70	370.00
49900	73.80	374.00
49902	73.20	368.00
49904	73.30	370.00
49906	73.30	370.00
49909	73.40	370.00
49911	73.60	370.00
49913	73.20	370.00
49916	73.50	370.00
49918	73.80	374.00
49920	73.70	370.00
49923	72.90	368.00
49925	73.30	370.00
49927	73.20	370.00
49929	73.20	370.00
49932	73.60	374.00
49934	73.00	370.00
49936	73.10	370.00
49939	73.90	374.00
49941	73.70	370.00
49943	73.40	370.00
49945	73.30	370.00
49948	73.10	370.00
49950	73.50	370.00
49952	73.80	374.00
49955	74.10	374.00
49957	73.00	368.00
49959	73.50	370.00
49961	73.50	370.00
49964	73.60	370.00
49966	73.50	370.00
49968	72.90	368.00
49971	73.70	370.00
49973	73.80	374.00
49975	73.80	374.00
49978	72.90	368.00
49980	73.10	370.00
49982	73.30	370.00
49984	73.60	370.00
49987	73.30	370.00
49989	73.30	370.00
49991	73.00	374.00
49994	73.60	370.00
49996	73.80	370.00
49998	73.00	368.00
50000	73.10	368.00
50003	73.50	370.00
50005	73.30	370.00
50007	73.60	370.00
50010	73.10	370.00
50012	73.00	368.00
50014	73.70	370.00
50016	73.70	370.00
50019	73.30	370.00
50021	73.00	368.00
50023	73.10	370.00
50026	73.80	370.00
50028	73.90	374.00
50030	73.20	370.00
50033	73.20	370.00
50035	73.30	370.00
50037	73.20	370.00
50039	73.90	374.00
50042	72.90	368.00
50044	73.60	368.00
50046	73.90	374.00
50049	73.80	374.00
50051	73.80	374.00
50053	73.20	370.00
50055	72.90	368.00
50058	73.70	370.00
50060	73.20	370.00
50062	73.30	370.00
50065	73.50	370.00
50067	73.20	370.00
50069	73.90	374.00
50071	73.40	370.00
50074	73.10	368.00
50076	73.40	370.00
50078	73.00	370.00
50081	73.70	370.00
50083	73.70	370.00
50085	73.20	370.00
50088	73.10	370.00
50090	73.80	374.00
50092	73.40	370.00
50094	73.70	370.00
50097	73.10	368.00
50099	72.90	368.00
50101	73.90	374.00
50104	73.50	374.00
50106	73.60	370.00
50108	73.10	370.00
50110	73.20	370.00
50113	73.40	370.00
50115	73.80	374.00
50117	73.20	370.00
50120	73.20	370.00
50122	73.90	374.00
50124	73.70	370.00
50126	73.80	374.00
50129	72.90	368.00
50131	73.20	370.00
50133	73.70	370.00
50136	73.40	370.00
50138	73.70	370.00
50140	72.70	370.00
50143	73.80	374.00
50145	74.10	374.00
50147	73.80	374.00
50149	73.40	370.00
50152	73.30	370.00
50154	73.60	370.00
50156	73.60	370.00
50159	73.60	370.00
50161	73.20	368.00
50163	73.30	370.00
50165	73.80	370.00
50168	73.70	406.00
50170	81.50	370.00
50172	73.00	368.00
50175	73.10	368.00
50177	73.50	370.00
50179	73.50	370.00
50181	73.20	370.00
50184	73.30	370.00
50186	73.50	370.00
50188	73.20	370.00
50191	73.60	370.00
50193	73.30	370.00
50195	73.10	370.00
50198	73.50	374.00
50200	73.70	374.00
50202	73.30	370.00
50204	73.00	368.00
50207	73.10	368.00
50209	73.90	374.00
50211	73.40	370.00
50214	73.10	370.00
50216	73.00	368.00
50218	73.30	374.00
50220	73.90	370.00
50223	73.60	406.00
50225	87.00	440.00
50227	86.00	432.00
50230	86.20	436.00
50232	86.00	432.00
50234	86.10	432.00
50236	86.30	436.00
50239	86.20	432.00
50241	86.30	436.00
50243	86.10	432.00
50246	86.30	436.00
50248	86.40	432.00
50250	86.10	432.00
50253	86.20	436.00
50255	86.30	432.00
50257	86.60	436.00
50259	86.30	436.00
50262	86.60	436.00
50264	86.50	436.00
50266	86.10	432.00
50269	86.10	432.00
50271	86.30	436.00
50273	86.10	432.00
50275	86.10	432.00
50278	86.50	436.00
50280	86.50	436.00
50282	86.70	436.00
50285	86.30	436.00
50287	86.50	432.00
50289	86.70	436.00
50291	86.40	436.00
50294	86.10	432.00
50296	86.40	436.00
50298	86.30	436.00
50301	86.40	436.00
50303	86.30	436.00
50305	86.20	432.00
50308	86.50	436.00
50310	86.30	436.00
50312	87.30	456.00
50314	89.40	458.00
50317	91.40	458.00
50319	92.40	466.00
50321	92.50	466.00
50324	92.40	466.00
50326	92.00	462.00
50328	92.30	466.00
50330	92.00	462.00
50333	92.00	462.00
50335	91.20	456.00
50337	90.30	446.00
50340	88.50	448.00
50342	87.90	400.00
50344	80.40	370.00
50346	73.50	370.00
50349	73.50	370.00
50351	73.90	374.00
50353	72.80	368.00
50356	73.10	368.00
50358	73.40	370.00
50360	73.30	370.00
50363	73.50	370.00
50365	73.00	370.00
50367	73.10	368.00
50369	73.80	374.00
50372	73.90	370.00
50374	73.50	374.00
50376	73.10	370.00
50379	73.10	370.00
50381	73.40	370.00
50383	73.60	370.00
50385	73.70	370.00
50388	73.40	370.00
50390	73.50	370.00
50392	73.80	374.00
50395	73.60	368.00
50397	73.20	368.00
50399	73.30	370.00
50401	73.10	374.00
50404	73.60	370.00
50406	73.70	370.00
50408	73.30	370.00
50411	72.90	368.00
50413	73.50	370.00
50415	73.50	370.00
50418	73.30	370.00
50420	72.80	368.00
50422	73.20	370.00
50424	73.90	370.00
50427	73.70	374.00
50429	73.60	370.00
50431	73.10	370.00
50434	73.80	374.00
50436	73.20	370.00
50438	73.90	374.00
50440	72.90	368.00
50443	72.90	368.00
50445	74.00	374.00
50447	73.70	370.00
50450	73.60	370.00
50452	73.10	370.00
50454	73.30	370.00
50456	73.50	374.00
50459	73.50	370.00
50461	73.70	368.00
50463	73.40	370.00
50466	73.60	370.00
50468	73.70	370.00
50470	73.40	370.00
50473	73.00	368.00
50475	73.30	370.00
50477	73.60	370.00
50479	73.70	370.00
50482	73.70	370.00
50484	73.00	368.00
50486	73.10	370.00
50489	73.50	370.00
50491	73.70	370.00
50493	72.80	368.00
50495	72.90	368.00
50498	72.90	368.00
50500	73.70	370.00
50502	73.50	370.00
50505	73.30	370.00
50507	73.10	368.00
50509	73.20	370.00
50511	73.40	370.00
50514	73.80	370.00
50516	73.40	370.00
50518	73.10	370.00
50521	73.40	370.00
50523	73.40	370.00
50525	73.30	370.00
50528	73.40	370.00
50530	73.20	370.00
50532	73.50	370.00
50534	74.00	374.00
50537	72.90	368.00
50539	73.10	370.00
50541	73.20	370.00
50544	73.50	370.00
50546	73.50	370.00
50548	73.20	370.00
50550	73.20	370.00
50553	73.60	370.00
50555	73.80	374.00
50557	73.80	374.00
50560	72.80	368.00
50562	73.20	370.00
50564	73.30	370.00
50566	73.40	370.00
50569	73.30	370.00
50571	73.00	370.00
50573	73.20	370.00
50576	73.60	374.00
50578	73.80	374.00
50580	73.00	368.00
50583	73.30	370.00
50585	73.70	370.00
50587	73.50	370.00
50589	73.60	370.00
50592	73.30	370.00
50594	73.10	368.00
50596	73.60	370.00
50599	73.40	370.00
50601	73.50	370.00
50603	72.90	370.00
50605	73.60	370.00
50608	73.60	370.00
50610	73.60	370.00
50612	73.30	370.00
50615	72.90	368.00
50617	73.60	370.00
50619	73.60	370.00
50621	73.10	368.00
50624	73.30	370.00
50626	73.00	370.00
50628	73.50	370.00
50631	73.60	374.00
50633	73.70	368.00
50635	72.90	368.00
50638	73.20	370.00
50640	73.70	370.00
50642	73.30	370.00
50644	73.00	368.00
50647	72.90	368.00
50649	73.10	368.00
50651	73.70	370.00
50654	73.60	370.00
50656	73.30	370.00
50658	72.90	370.00
50660	73.30	370.00
50663	73.40	370.00
50665	73.60	370.00
50667	73.10	368.00
50670	73.30	370.00
50672	73.50	370.00
50674	73.50	370.00
50676	73.00	368.00
50679	73.10	368.00
50681	73.40	370.00
50683	73.70	370.00
50686	73.60	370.00
50688	72.80	370.00
50690	72.70	368.00
50693	73.10	374.00
50695	73.70	370.00
50697	73.40	370.00
50699	73.30	370.00
50702	72.80	368.00
50704	74.10	374.00
50706	73.40	370.00
50709	73.80	374.00
50711	73.30	370.00
50713	72.90	370.00
50715	73.50	370.00
50718	73.60	374.00
50720	73.40	370.00
50722	73.40	370.00
50725	73.50	370.00
50727	73.70	370.00
50729	73.60	370.00
50731	73.10	370.00
50734	72.90	368.00
50736	73.70	370.00
50738	73.70	370.00
50741	73.70	370.00
50743	73.20	370.00
50745	72.90	370.00
50748	73.50	370.00
50750	73.60	370.00
50752	73.00	368.00
50754	73.50	370.00
50757	74.00	374.00
50759	73.60	370.00
50761	73.80	374.00
50764	72.90	368.00
50766	73.40	370.00
50768	73.50	370.00
50770	73.30	370.00
50773	73.80	370.00
50775	72.90	368.00
50777	73.10	370.00
50780	73.40	370.00
50782	74.10	374.00
50784	73.00	368.00
50786	73.00	368.00
50789	73.20	370.00
50791	73.70	370.00
50793	73.10	370.00
50796	72.90	368.00
50798	73.40	370.00
50800	73.80	370.00
50803	73.60	370.00
50805	73.60	370.00
50807	72.90	368.00
50809	73.30	370.00
50812	73.40	370.00
50814	73.70	370.00
50816	73.40	370.00
50819	73.10	368.00
50821	73.30	370.00
50823	73.50	370.00
50825	73.30	370.00
50828	73.10	368.00
50830	73.20	370.00
50832	73.20	374.00
50835	73.80	374.00
50837	73.70	374.00
50839	72.70	368.00
50841	73.10	368.00
50844	73.50	370.00
50846	73.40	370.00
50848	73.40	370.00
50851	72.90	368.00
50853	72.90	368.00
50855	73.40	370.00
50858	73.60	374.00
50860	73.10	370.00
50862	73.00	370.00
50864	73.10	370.00
50867	73.50	370.00
50869	73.20	370.00
50871	73.20	370.00
50874	73.50	370.00
50876	73.60	370.00
50878	73.60	370.00
50880	73.90	374.00
50883	73.10	370.00
50885	73.30	370.00
50887	73.70	370.00
50890	73.70	370.00
50892	73.70	370.00
50894	73.00	370.00
50896	73.10	370.00
50899	73.80	374.00
50901	73.50	370.00
50903	73.30	370.00
50906	73.00	368.00
50908	73.60	370.00
50910	73.80	374.00
50913	73.90	374.00
50915	73.20	370.00
50917	73.20	370.00
50919	73.50	370.00
50922	73.70	370.00
50924	73.60	368.00
50926	73.10	370.00
50929	73.20	370.00
50931	74.10	374.00
50933	73.70	370.00
50935	73.30	370.00
50938	73.00	368.00
50940	73.30	370.00
50942	73.30	370.00
50945	73.60	374.00
50947	73.30	370.00
50949	73.10	370.00
50951	73.30	370.00
50954	73.50	370.00
50956	73.00	368.00
50958	73.20	370.00
50961	73.20	370.00
50963	73.30	370.00
50965	73.90	374.00
50968	72.90	368.00
50970	72.90	368.00
50972	73.10	370.00
50974	73.50	370.00
50977	73.40	374.00
50979	72.90	370.00
50981	73.00	370.00
50984	73.70	370.00
50986	73.70	370.00
50988	73.70	370.00
50990	73.10	370.00
50993	72.90	368.00
50995	73.30	370.00
50997	73.60	370.00
51000	73.10	370.00
51002	73.30	370.00
51004	73.30	370.00
51006	73.60	370.00
51009	73.50	370.00
51011	72.90	370.00
51013	73.00	368.00
51016	73.50	370.00
51018	73.40	370.00
51020	73.50	370.00
51023	73.20	370.00
51025	72.90	368.00
51027	73.80	374.00
51029	73.40	370.00
51032	73.70	368.00
51034	73.50	368.00
51036	73.10	370.00
51039	73.70	370.00
51041	73.80	370.00
51043	73.00	368.00
51045	72.90	368.00
51048	73.70	370.00
51050	73.50	370.00
51052	73.40	370.00
51055	72.90	368.00
51057	73.00	368.00
51059	73.90	374.00
51061	73.70	374.00
51064	73.90	368.00
51066	73.10	370.00
51068	72.80	370.00
51071	73.40	370.00
51073	73.70	374.00
51075	73.20	370.00
51078	73.10	370.00
51080	73.60	370.00
51082	73.70	370.00
51084	73.90	374.00
51087	73.10	368.00
51089	73.30	368.00
51091	73.30	370.00
51094	73.40	368.00
51096	73.60	368.00
51098	72.80	370.00
51100	73.30	370.00
51103	73.70	370.00
51105	73.60	370.00
51107	73.20	370.00
51110	73.30	370.00
51112	73.00	368.00
51114	73.50	370.00
51116	74.00	374.00
51119	73.30	368.00
51121	73.30	368.00
51123	73.10	370.00
51126	73.80	370.00
51128	73.40	370.00
51130	73.00	368.00
51133	73.10	368.00
51135	73.80	374.00
51137	73.40	370.00
51139	73.50	370.00
51142	73.10	370.00
51144	72.90	368.00
51146	73.70	370.00
51149	73.70	374.00
51151	73.40	368.00
51153	73.10	370.00
51155	73.10	370.00
51158	73.50	370.00
51160	73.70	370.00
51162	73.20	370.00
51165	73.30	370.00
51167	73.90	374.00
51169	73.30	370.00
51171	73.30	370.00
51174	73.40	370.00
51176	73.10	368.00
51178	73.70	370.00
51181	73.50	374.00
51183	73.50	370.00
51185	73.20	370.00
51188	73.40	370.00
51190	73.70	370.00
51192	73.60	370.00
51194	73.10	370.00
51197	73.20	370.00
51199	73.60	370.00
51201	73.70	370.00
51204	73.40	370.00
51206	72.90	370.00
51208	73.10	370.00
51210	73.60	370.00
51213	73.50	370.00
51215	74.00	370.00
51217	73.30	370.00
51220	73.10	368.00
51222	73.50	370.00
51224	73.50	370.00
51226	73.20	370.00
51229	73.30	370.00
51231	73.90	374.00
51233	74.00	374.00
51236	73.80	370.00
51238	73.20	368.00
51240	73.20	368.00
51243	73.60	370.00
51245	73.50	370.00
51247	73.20	370.00
51249	73.10	368.00
51252	73.30	370.00
51254	73.60	370.00
51256	73.40	370.00
51259	73.20	370.00
51261	73.20	370.00
51263	73.60	368.00
51265	73.50	374.00
51268	73.60	374.00
51270	73.00	368.00
51272	73.10	370.00
51275	73.20	370.00
51277	73.60	370.00
51279	73.30	370.00
51281	72.90	368.00
51284	73.40	370.00
51286	73.50	370.00
51288	73.80	374.00
51291	72.70	368.00
51293	72.90	370.00
51295	73.20	370.00
51298	73.20	370.00
51300	73.40	370.00
51302	73.00	368.00
51304	73.30	370.00
51307	73.70	370.00
51309	73.70	370.00
51311	83.20	420.00
51314	86.50	436.00
51316	86.00	432.00
51318	85.90	432.00
51320	86.00	432.00
51323	86.50	436.00
51325	86.20	432.00
51327	86.10	432.00
51330	86.20	432.00
51332	86.10	432.00
51334	86.50	436.00
51336	86.40	436.00
51339	86.00	432.00
51341	86.40	436.00
51343	86.30	436.00
51346	86.40	436.00
51348	86.30	436.00
51350	86.60	436.00
51353	86.50	432.00
51355	85.70	436.00
51357	86.30	436.00
51359	86.40	436.00
51362	86.10	432.00
51364	86.30	436.00
51366	86.50	436.00
51369	86.30	436.00
51371	86.40	436.00
51373	86.40	436.00
51375	86.50	436.00
51378	86.40	436.00
51380	86.40	436.00
51382	86.00	432.00
51385	86.00	436.00
51387	86.50	436.00
51389	86.50	436.00
51391	86.40	436.00
51394	86.50	436.00
51396	86.10	432.00
51398	86.20	432.00
51401	90.40	456.00
51403	90.60	456.00
51405	90.80	456.00
51408	92.00	462.00
51410	92.40	462.00
51412	92.00	466.00
51414	92.20	462.00
51417	91.80	466.00
51419	91.90	462.00
51421	91.00	458.00
51424	90.80	456.00
51426	88.60	446.00
51428	89.60	452.00
51430	79.00	396.00
51433	72.90	368.00
51435	73.10	370.00
51437	73.20	370.00
51440	73.80	370.00
51442	73.10	370.00
51444	73.10	370.00
51446	73.20	370.00
51449	73.80	374.00
51451	73.80	374.00
51453	73.20	370.00
51456	73.30	370.00
51458	73.50	370.00
51460	73.70	370.00
51463	74.00	374.00
51465	73.30	370.00
51467	73.20	370.00
51469	73.60	370.00
51472	73.30	370.00
51474	73.40	370.00
51476	73.40	370.00
51479	73.70	370.00
51481	73.80	374.00
51483	73.90	374.00
51485	73.20	370.00
51488	73.60	370.00
51490	73.30	370.00
51492	73.70	370.00
51495	73.10	370.00
51497	73.20	368.00
51499	73.30	370.00
51501	73.90	370.00
51504	73.80	370.00
51506	73.70	370.00
51508	73.10	368.00
51511	73.60	370.00
51513	73.40	370.00
51515	73.60	370.00
51518	72.90	368.00
51520	73.30	370.00
51522	73.70	370.00
51524	73.60	370.00
51527	73.50	370.00
51529	73.20	368.00
51531	73.00	370.00
51534	73.80	374.00
51536	74.20	374.00
51538	73.20	370.00
51540	73.30	370.00
51543	73.20	370.00
51545	73.30	370.00
51547	73.70	370.00
51550	73.20	368.00
51552	73.30	370.00
51554	73.60	374.00
51556	73.90	374.00
51559	73.50	374.00
51561	73.10	368.00
51563	73.20	368.00
51566	73.80	374.00
51568	73.30	370.00
51570	73.20	370.00
51573	73.30	370.00
51575	73.10	370.00
51577	73.80	374.00
51579	73.70	370.00
51582	73.30	370.00
51584	73.30	368.00
51586	73.10	370.00
51589	73.70	374.00
51591	74.00	370.00
51593	72.70	368.00
51595	72.70	368.00
51598	73.50	370.00
51600	73.60	370.00
51602	73.60	370.00
51605	73.10	370.00
51607	73.20	370.00
51609	74.00	374.00
51611	73.70	374.00
51614	73.50	370.00
51616	73.00	370.00
51618	73.10	370.00
51621	73.40	370.00
51623	73.60	370.00
51625	73.20	370.00
51628	73.20	370.00
51630	73.60	370.00
51632	73.90	374.00
51634	73.70	370.00
51637	72.70	368.00
51639	73.40	370.00
51641	73.50	370.00
51644	73.40	374.00
51646	73.80	370.00
51648	73.30	370.00
51650	73.30	370.00
51653	73.70	370.00
51655	73.80	374.00
51657	73.10	370.00
51660	73.40	370.00
51662	73.70	370.00
51664	73.60	370.00
51666	73.80	374.00
51669	73.10	370.00
51671	73.30	368.00
51673	73.80	370.00
51676	73.70	370.00
51678	73.70	370.00
51680	73.10	370.00
51683	73.10	368.00
51685	73.80	374.00
51687	73.80	374.00
51689	73.30	370.00
51692	73.30	370.00
51694	73.20	370.00
51696	73.50	370.00
51699	73.60	370.00
51701	73.40	370.00
51703	73.50	368.00
51705	73.50	370.00
51708	73.50	374.00
51710	73.30	370.00
51712	73.10	368.00
51715	73.00	368.00
51717	73.40	370.00
51719	73.30	370.00
51721	72.90	368.00
51724	73.30	370.00
51726	73.30	370.00
51728	73.70	374.00
51731	73.60	374.00
51733	73.10	370.00
51735	72.90	370.00
51738	73.20	370.00
51740	73.90	374.00
51742	73.90	374.00
51744	73.20	370.00
51747	73.10	368.00
51749	73.60	370.00
51751	73.50	370.00
51754	73.40	370.00
51756	73.20	370.00
51758	73.30	370.00
51760	73.50	370.00
51763	73.80	370.00
51765	73.10	370.00
51767	73.00	370.00
51770	73.40	370.00
51772	73.70	370.00
51774	73.30	370.00
51776	73.10	368.00
51779	73.40	370.00
51781	73.60	370.00
51783	73.60	370.00
51786	74.00	374.00
51788	73.30	368.00
51790	73.30	370.00
51793	73.50	370.00
51795	73.60	370.00
51797	73.40	370.00
51799	73.20	370.00
51802	73.70	370.00
51804	73.70	370.00
51806	73.60	370.00
51809	73.40	370.00
51811	73.00	368.00
51813	73.60	370.00
51815	73.80	370.00
51818	73.60	368.00
51820	73.20	368.00
51822	73.10	370.00
51825	73.60	370.00
51827	73.50	370.00
51829	72.80	368.00
51831	73.10	370.00
51834	73.40	370.00
51836	73.80	374.00
51838	74.10	374.00
51841	73.30	370.00
51843	73.20	370.00
51845	73.30	370.00
51848	73.70	374.00
51850	73.50	370.00
51852	73.10	370.00
51854	73.10	370.00
51857	73.90	374.00
51859	74.00	374.00
51861	72.90	368.00
51864	73.20	370.00
51866	73.30	370.00
51868	73.50	370.00
51870	73.50	370.00
51873	73.00	368.00
51875	73.00	370.00
51877	73.50	370.00
51880	73.60	374.00
51882	73.80	370.00
51884	73.30	370.00
51886	73.10	370.00
51889	73.50	370.00
51891	73.80	374.00
51893	73.50	370.00
51896	73.50	370.00
51898	73.10	368.00
51900	73.50	370.00
51903	73.20	370.00
51905	73.30	370.00
51907	73.30	370.00
51909	73.20	374.00
51912	73.60	370.00
51914	73.60	370.00
51916	72.90	368.00
51919	72.90	368.00
51921	73.50	370.00
51923	73.60	370.00
51925	73.50	370.00
51928	73.10	370.00
51930	73.00	368.00
51932	73.80	370.00
51935	73.70	374.00
51937	73.80	370.00
51939	73.30	370.00
51941	73.10	370.00
51944	73.20	370.00
51946	73.80	374.00
51948	73.10	370.00
51951	73.10	370.00
51953	73.60	370.00
51955	73.90	374.00
51958	73.40	370.00
51960	73.30	370.00
51962	73.00	368.00
51964	73.50	370.00
51967	73.90	370.00
51969	73.90	370.00
51971	73.40	370.00
51974	73.30	370.00
51976	73.40	370.00
51978	73.60	370.00
51980	73.20	370.00
51983	73.40	370.00
51985	73.60	370.00
51987	74.00	374.00
51990	73.80	370.00
51992	73.30	368.00
51994	73.60	370.00
51996	73.90	370.00
51999	73.70	370.00
52001	73.30	370.00
52003	73.10	370.00
52006	72.90	368.00
52008	73.70	370.00
52010	73.60	370.00
52013	73.10	370.00
52015	73.20	370.00
52017	73.10	370.00
52019	73.60	370.00
52022	73.70	370.00
52024	73.30	370.00
52026	73.30	370.00
52029	73.40	370.00
52031	73.30	370.00
52033	73.60	370.00
52035	73.10	368.00
52038	73.30	370.00
52040	73.80	374.00
52042	73.80	374.00
52045	73.10	370.00
52047	73.20	370.00
52049	73.10	370.00
52051	73.50	374.00
52054	73.30	370.00
52056	73.10	370.00
52058	73.40	370.00
52061	73.60	370.00
52063	73.80	374.00
52065	73.80	374.00
52068	73.00	368.00
52070	73.40	370.00
52072	73.40	370.00
52074	73.20	370.00
52077	73.80	370.00
52079	73.30	370.00
52081	73.30	370.00
52084	73.90	374.00
52086	73.60	370.00
52088	73.50	370.00
52090	72.90	368.00
52093	73.30	370.00
52095	73.70	370.00
52097	73.50	370.00
52100	73.20	370.00
52102	73.20	370.00
52104	73.60	370.00
52106	73.30	370.00
52109	73.50	370.00
52111	73.30	368.00
52113	73.10	370.00
52116	73.90	374.00
52118	73.80	374.00
52120	72.90	368.00
52123	73.40	370.00
52125	73.40	370.00
52127	73.60	370.00
52129	73.50	370.00
52132	73.00	368.00
52134	73.10	370.00
52136	73.60	374.00
52139	73.80	370.00
52141	73.80	368.00
52143	73.30	370.00
52145	73.10	370.00
52148	73.40	370.00
52150	73.60	370.00
52152	72.90	368.00
52155	72.90	368.00
52157	73.40	370.00
52159	73.80	374.00
52161	73.70	370.00
52164	73.00	370.00
52166	73.10	370.00
52168	73.50	370.00
52171	73.40	370.00
52173	73.70	374.00
52175	73.20	370.00
52178	73.30	370.00
52180	73.30	370.00
52182	73.50	370.00
52184	73.30	370.00
52187	73.30	370.00
52189	73.20	370.00
52191	73.80	374.00
52194	73.80	370.00
52196	73.00	368.00
52198	73.20	370.00
52200	73.10	370.00
52203	73.60	370.00
52205	73.50	370.00
52207	73.30	370.00
52210	73.00	368.00
52212	74.20	374.00
52214	73.70	370.00
52216	73.60	370.00
52219	73.20	370.00
52221	73.20	370.00
52223	73.60	370.00
52226	73.20	370.00
52228	73.40	370.00
52230	72.90	370.00
52233	73.60	370.00
52235	73.80	374.00
52237	73.80	374.00
52239	73.40	370.00
52242	73.10	370.00
52244	73.40	370.00
52246	73.50	370.00
52249	73.50	370.00
52251	73.30	370.00
52253	73.20	370.00
52255	73.70	370.00
52258	73.50	370.00
52260	73.60	368.00
52262	73.00	368.00
52265	73.90	374.00
52267	73.60	370.00
52269	73.90	374.00
52271	72.90	368.00
52274	73.20	370.00
52276	73.30	370.00
52278	73.40	370.00
52281	73.80	368.00
52283	73.00	370.00
52285	73.40	370.00
52288	73.50	374.00
52290	73.80	374.00
52292	72.90	368.00
52294	73.40	370.00
52297	73.10	370.00
52299	73.50	370.00
52301	73.70	370.00
52304	73.10	368.00
52306	73.50	370.00
52308	73.70	374.00
52310	73.70	370.00
52313	73.60	370.00
52315	73.10	368.00
52317	73.00	370.00
52320	73.60	370.00
52322	74.10	374.00
52324	73.70	370.00
52326	73.20	370.00
52329	73.10	370.00
52331	73.50	370.00
52333	73.50	370.00
52336	73.10	368.00
52338	73.20	370.00
52340	72.90	370.00
52343	73.90	370.00
52345	73.80	370.00
52347	73.30	368.00
52349	73.20	370.00
52352	73.60	370.00
52354	73.00	368.00
52356	73.60	370.00
52359	73.10	370.00
52361	73.30	370.00
52363	73.40	370.00
52365	73.70	370.00
52368	73.10	370.00
52370	73.20	368.00
52372	73.20	368.00
52375	73.50	370.00
52377	73.40	370.00
52379	73.10	368.00
52381	73.00	368.00
52384	73.80	374.00
52386	73.70	370.00
52388	73.40	370.00
52391	72.60	368.00
52393	73.10	368.00
52395	73.40	370.00
52398	73.60	370.00
52400	84.60	440.00
52402	86.10	432.00
52404	86.30	432.00
52407	85.70	432.00
52409	86.10	432.00
52411	86.00	432.00
52414	85.90	432.00
52416	86.00	432.00
52418	86.10	432.00
52420	86.60	436.00
52423	86.30	436.00
52425	86.40	436.00
52427	85.80	436.00
52430	86.20	436.00
52432	86.50	436.00
52434	86.60	436.00
52436	86.50	436.00
52439	86.50	436.00
52441	86.50	436.00
52443	86.50	436.00
52446	86.40	436.00
52448	86.20	432.00
52450	86.30	436.00
52453	86.50	436.00
52455	86.40	436.00
52457	86.60	436.00
52459	86.20	436.00
52462	86.10	436.00
52464	86.60	436.00
52466	86.50	436.00
52469	86.40	436.00
52471	86.20	432.00
52473	86.10	432.00
52475	86.60	436.00
52478	86.80	436.00
52480	86.50	436.00
52482	86.30	436.00
52485	86.30	432.00
52487	86.20	446.00
52489	90.70	448.00
52491	91.20	458.00
52494	91.90	462.00
52496	92.50	466.00
52498	92.20	466.00
52501	92.40	466.00
52503	92.20	466.00
52505	92.40	466.00
52508	92.10	466.00
52510	91.50	462.00
52512	90.60	452.00
52514	88.40	446.00
52517	90.00	442.00
52519	78.20	406.00
52521	73.40	370.00
52524	73.70	370.00
52526	73.90	374.00
52528	73.40	370.00
52530	73.10	368.00
52533	73.00	368.00
52535	73.60	370.00
52537	73.70	370.00
52540	73.90	374.00
52542	73.20	370.00
52544	73.40	370.00
52546	73.30	370.00
52549	73.50	370.00
52551	73.30	368.00
52553	73.10	368.00
52556	73.50	370.00
52558	73.90	374.00
52560	73.50	370.00
52563	73.40	370.00
52565	73.40	370.00
52567	74.10	374.00
52569	73.50	370.00
52572	73.60	368.00
52574	73.30	370.00
52576	73.30	370.00
52579	73.90	370.00
52581	73.50	370.00
52583	73.10	368.00
52585	73.00	368.00
52588	73.00	368.00
52590	73.30	370.00
52592	73.40	370.00
52595	73.20	370.00
52597	73.30	370.00
52599	73.20	370.00
52601	73.70	370.00
52604	73.20	370.00
52606	73.30	370.00
52608	73.20	370.00
52611	73.70	370.00
52613	73.60	370.00
52615	72.90	368.00
52618	73.20	370.00
52620	72.90	368.00
52622	73.30	370.00
52624	73.60	370.00
52627	73.10	370.00
52629	73.00	370.00
52631	73.00	374.00
52634	73.60	374.00
52636	73.50	370.00
52638	73.10	368.00
52640	73.40	370.00
52643	73.50	370.00
52645	73.70	370.00
52647	73.40	370.00
52650	73.30	370.00
52652	73.20	370.00
52654	73.80	374.00
52656	73.50	374.00
52659	72.90	370.00
52661	73.40	370.00
52663	73.40	370.00
52666	73.50	374.00
52668	73.80	374.00
52670	73.30	370.00
52673	73.10	368.00
52675	74.00	374.00
52677	73.60	370.00
52679	73.30	370.00
52682	73.30	370.00
52684	73.10	370.00
52686	73.90	370.00
52689	73.70	370.00
52691	74.00	368.00
52693	73.30	370.00
52695	73.30	370.00
52698	73.60	370.00
52700	73.60	370.00
52702	73.10	368.00
52705	73.20	370.00
52707	73.40	370.00
52709	73.70	370.00
52711	73.70	370.00
52714	73.20	370.00
52716	73.30	370.00
52718	73.20	370.00
52721	73.60	370.00
52723	73.20	368.00
52725	73.30	370.00
52728	73.40	370.00
52730	73.80	374.00
52732	73.50	370.00
52734	73.00	368.00
52737	73.10	368.00
52739	73.40	370.00
52741	73.30	370.00
52744	73.70	370.00
52746	73.20	370.00
52748	73.10	370.00
52750	73.60	370.00
52753	73.60	374.00
52755	73.10	368.00
52757	73.30	370.00
52760	73.00	368.00
52762	73.80	374.00
52764	73.70	370.00
52766	73.00	368.00
52769	73.40	370.00
52771	73.40	370.00
52773	73.80	370.00
52776	73.30	370.00
52778	73.10	370.00
52780	73.10	370.00
52783	73.50	374.00
52785	73.80	374.00
52787	73.60	370.00
52789	73.40	370.00
52792	73.30	370.00
52794	73.50	370.00
52796	73.70	370.00
52799	73.20	370.00
52801	73.30	370.00
52803	73.10	370.00
52805	74.00	374.00
52808	74.00	370.00
52810	73.20	368.00
52812	73.40	370.00
52815	73.50	370.00
52817	73.20	370.00
52819	73.80	374.00
52821	73.10	370.00
52824	72.80	368.00
52826	74.00	374.00
52828	73.60	370.00
52831	73.60	370.00
52833	73.40	370.00
52835	73.00	374.00
52838	73.60	370.00
52840	73.80	374.00
52842	72.90	368.00
52844	73.20	370.00
52847	73.60	370.00
52849	73.20	370.00
52851	73.80	374.00
52854	72.80	368.00
52856	73.10	368.00
52858	73.50	370.00
52860	73.90	370.00
52863	73.80	368.00
52865	73.00	370.00
52867	73.20	368.00
52870	73.70	370.00
52872	73.60	370.00
52874	73.10	368.00
52876	73.40	370.00
52879	73.60	370.00
52881	73.70	370.00
52883	73.50	370.00
52886	73.10	370.00
52888	73.00	368.00
52890	73.50	370.00
52893	73.90	370.00
52895	73.90	368.00
52897	73.00	368.00
52899	72.80	370.00
52902	73.70	370.00
52904	73.40	370.00
52906	73.30	370.00
52909	73.20	370.00
52911	73.10	368.00
52913	73.40	370.00
52915	73.30	370.00
52918	73.40	368.00
52920	73.30	370.00
52922	73.00	370.00
52925	73.60	370.00
52927	73.10	370.00
52929	73.10	370.00
52931	73.30	370.00
52934	73.70	370.00
52936	73.80	374.00
52938	73.10	370.00
52941	73.30	370.00
52943	73.20	370.00
52945	73.50	370.00
52948	73.50	370.00
52950	73.10	370.00
52952	73.20	370.00
52954	73.30	370.00
52957	73.50	374.00
52959	73.50	370.00
52961	73.20	370.00
52964	73.10	370.00
52966	73.50	370.00
52968	73.60	370.00
52970	73.90	374.00
52973	73.40	370.00
52975	73.40	370.00
52977	73.70	370.00
52980	73.30	370.00
52982	73.40	368.00
52984	73.10	368.00
52986	73.40	370.00
52989	73.80	374.00
52991	73.60	370.00
52993	73.30	370.00
52996	73.20	370.00
52998	73.60	370.00
53000	73.50	370.00
53003	73.60	370.00
53005	73.20	368.00
53007	73.20	368.00
53009	73.70	370.00
53012	73.60	370.00
53014	73.90	370.00
53016	72.90	368.00
53019	73.30	370.00
53021	73.30	370.00
53023	73.20	370.00
53025	73.20	370.00
53028	72.80	368.00
53030	73.50	370.00
53032	73.50	370.00
53035	73.60	368.00
53037	73.20	370.00
53039	73.20	370.00
53041	73.50	370.00
53044	73.70	370.00
53046	72.90	368.00
53048	73.20	370.00
53051	73.10	368.00
53053	73.60	370.00
53055	73.70	370.00
53058	72.90	368.00
53060	73.10	370.00
53062	73.80	374.00
53064	73.70	370.00
53067	73.60	374.00
53069	73.20	370.00
53071	72.90	370.00
53074	73.70	370.00
53076	73.30	370.00
53078	73.10	370.00
53080	73.20	370.00
53083	73.40	370.00
53085	73.80	374.00
53087	73.90	374.00
53090	73.10	370.00
53092	73.30	368.00
53094	73.50	370.00
53096	73.70	370.00
53099	73.80	370.00
53101	73.10	370.00
53103	73.00	368.00
53106	73.60	370.00
53108	73.40	370.00
53110	73.40	370.00
53113	73.10	370.00
53115	73.10	368.00
53117	73.80	374.00
53119	73.40	370.00
53122	73.50	370.00
53124	73.00	368.00
53126	72.80	370.00
53129	73.50	374.00
53131	73.50	370.00
53133	73.30	370.00
53135	73.10	370.00
53138	73.90	374.00
53140	73.60	370.00
53142	73.80	374.00
53145	72.70	368.00
53147	73.00	368.00
53149	73.50	370.00
53151	73.50	374.00
53154	73.60	368.00
53156	73.00	370.00
53158	73.10	370.00
53161	73.80	374.00
53163	73.50	370.00
53165	73.30	370.00
53168	73.20	370.00
53170	73.90	374.00
53172	73.90	374.00
53174	73.60	370.00
53177	73.30	370.00
53179	73.40	368.00
53181	73.50	370.00
53184	73.70	370.00
53186	73.50	370.00
53188	72.90	370.00
53190	73.30	370.00
53193	73.80	374.00
53195	73.70	370.00
53197	73.00	368.00
53200	73.00	368.00
53202	73.10	368.00
53204	73.30	370.00
53206	73.70	370.00
53209	73.00	370.00
53211	73.10	370.00
53213	73.30	370.00
53216	73.60	374.00
53218	73.50	370.00
53220	73.20	370.00
53223	73.10	370.00
53225	73.60	370.00
53227	73.80	374.00
53229	73.00	368.00
53232	73.10	368.00
53234	73.10	370.00
53236	73.20	370.00
53239	73.50	370.00
53241	72.90	370.00
53243	73.10	370.00
53245	73.20	370.00
53248	73.90	374.00
53250	73.60	370.00
53252	73.00	368.00
53255	73.30	370.00
53257	73.60	370.00
53259	73.60	370.00
53261	73.30	370.00
53264	73.20	370.00
53266	73.40	370.00
53268	73.70	370.00
53271	73.70	370.00
53273	73.20	370.00
53275	73.20	370.00
53278	73.70	370.00
53280	73.50	370.00
53282	73.50	370.00
53284	73.20	370.00
53287	73.20	370.00
53289	73.70	370.00
53291	73.70	370.00
53294	73.20	370.00
53296	73.30	370.00
53298	73.10	370.00
53300	73.70	370.00
53303	73.60	370.00
53305	73.80	368.00
53307	73.30	370.00
53310	73.50	370.00
53312	73.20	370.00
53314	73.40	370.00
53316	73.10	370.00
53319	73.10	370.00
53321	73.60	370.00
53323	73.60	370.00
53326	73.60	368.00
53328	73.10	370.00
53330	72.80	370.00
53333	73.80	370.00
53335	73.40	370.00
53337	73.20	370.00
53339	72.90	368.00
53342	73.40	370.00
53344	73.70	370.00
53346	73.80	374.00
53349	72.90	368.00
53351	73.20	370.00
53353	73.60	370.00
53355	73.70	374.00
53358	73.90	370.00
53360	73.10	370.00
53362	73.10	368.00
53365	73.70	370.00
53367	73.80	374.00
53369	73.20	370.00
53371	73.30	370.00
53374	73.10	370.00
53376	73.90	374.00
53378	73.80	374.00
53381	73.10	368.00
53383	73.20	368.00
53385	73.30	370.00
53388	73.30	370.00
53390	73.50	370.00
53392	72.90	368.00
53394	73.00	368.00
53397	73.70	370.00
53399	73.70	370.00
53401	73.90	374.00
53404	73.30	370.00
53406	73.20	370.00
53408	73.50	370.00
53410	73.10	370.00
53413	73.30	370.00
53415	73.30	370.00
53417	72.90	370.00
53420	73.70	370.00
53422	73.60	370.00
53424	73.10	370.00
53426	73.50	370.00
53429	73.40	370.00
53431	73.50	370.00
53433	73.70	370.00
53436	73.20	370.00
53438	73.00	368.00
53440	73.60	370.00
53443	73.70	370.00
53445	73.30	368.00
53447	73.00	370.00
53449	73.20	374.00
53452	73.50	370.00
53454	73.90	374.00
53456	73.40	370.00
53459	73.30	370.00
53461	73.60	370.00
53463	79.00	400.00
53465	64.20	324.00
53468	63.40	322.00
53470	63.80	322.00
53472	63.90	322.00
53475	80.30	370.00
53477	73.50	368.00
53479	73.20	368.00
53481	73.30	370.00
53484	73.70	370.00
53486	73.70	370.00
53488	87.50	440.00
53491	86.10	432.00
53493	85.90	432.00
53495	85.90	432.00
53498	86.20	432.00
53500	86.40	436.00
53502	86.50	436.00
53504	86.40	432.00
53507	85.90	432.00
53509	86.30	436.00
53511	86.50	436.00
53514	86.70	436.00
53516	86.40	436.00
53518	86.30	436.00
53520	86.60	436.00
53523	86.20	432.00
53525	86.40	436.00
53527	86.10	436.00
53530	86.30	432.00
53532	86.50	432.00
53534	86.40	436.00
53536	86.20	432.00
53539	85.80	432.00
53541	86.20	436.00
53543	86.80	436.00
53546	86.40	436.00
53548	86.40	436.00
53550	86.40	436.00
53553	86.60	436.00
53555	86.30	436.00
53557	86.50	436.00
53559	86.40	436.00
53562	86.40	436.00
53564	86.60	436.00
53566	86.50	436.00
53569	86.40	436.00
53571	86.00	432.00
53573	86.00	432.00
53575	89.00	448.00
53578	89.70	452.00
53580	90.30	456.00
53582	91.40	458.00
53585	91.80	462.00
53587	91.90	462.00
53589	92.30	462.00
53591	91.70	462.00
53594	92.00	466.00
53596	92.00	462.00
53598	90.80	456.00
53601	89.80	452.00
53603	88.60	446.00
53605	87.20	440.00
53608	80.70	406.00
53610	72.90	368.00
53612	73.50	370.00
53614	73.80	370.00
53617	73.30	368.00
53619	73.40	370.00
53621	73.50	370.00
53624	73.90	370.00
53626	73.40	370.00
53628	73.10	368.00
53630	73.20	370.00
53633	73.30	370.00
53635	73.60	370.00
53637	73.90	374.00
53640	73.10	368.00
53642	73.20	370.00
53644	73.80	370.00
53646	73.60	370.00
53649	73.20	370.00
53651	73.30	370.00
53653	73.10	370.00
53656	73.70	370.00
53658	73.80	374.00
53660	73.00	368.00
53663	73.40	370.00
53665	73.10	368.00
53667	73.60	370.00
53669	73.80	374.00
53672	73.40	370.00
53674	73.30	370.00
53676	73.80	374.00
53679	73.70	370.00
53681	74.00	370.00
53683	73.40	370.00
53685	73.00	368.00
53688	73.40	370.00
53690	73.90	374.00
53692	73.70	370.00
53695	73.10	370.00
53697	72.90	368.00
53699	73.50	370.00
53701	73.30	370.00
53704	73.10	370.00
53706	73.40	370.00
53708	73.00	370.00
53711	73.90	374.00
53713	74.20	374.00
53715	73.40	370.00
53718	73.40	370.00
53720	73.60	370.00
53722	73.70	370.00
53724	73.50	370.00
53727	73.40	370.00
53729	73.30	370.00
53731	73.90	374.00
53734	73.70	374.00
53736	73.20	370.00
53738	73.10	370.00
53740	73.10	370.00
53743	73.40	370.00
53745	73.90	374.00
53747	73.30	370.00
53750	73.30	370.00
53752	74.00	374.00
53754	73.50	370.00
53756	73.90	374.00
53759	73.10	368.00
53761	73.40	370.00
53763	73.70	370.00
53766	73.80	374.00
53768	73.80	370.00
53770	73.40	370.00
53773	73.50	370.00
53775	73.80	374.00
53777	73.60	370.00
53779	73.20	370.00
53782	73.00	368.00
53784	73.70	370.00
53786	73.90	374.00
53789	74.00	370.00
53791	73.30	368.00
53793	73.20	370.00
53795	73.70	370.00
53798	74.10	374.00
53800	73.30	370.00
53802	73.00	368.00
53805	73.00	368.00
53807	74.10	374.00
53809	73.60	370.00
53811	73.50	370.00
53814	72.90	368.00
53816	73.30	370.00
53818	73.70	370.00
53821	73.40	374.00
53823	73.40	370.00
53825	73.40	370.00
53828	73.60	374.00
53830	73.80	374.00
53832	73.30	370.00
53834	73.40	370.00
53837	73.10	368.00
53839	73.90	374.00
53841	73.80	374.00
53844	73.20	370.00
53846	73.30	370.00
53848	73.50	370.00
53850	73.20	370.00
53853	73.60	370.00
53855	73.20	370.00
53857	73.00	370.00
53860	73.70	370.00
53862	74.10	374.00
53864	73.90	374.00
53866	73.30	370.00
53869	73.50	370.00
53871	73.40	370.00
53873	73.60	370.00
53876	73.50	370.00
53878	73.30	370.00
53880	73.40	370.00
53883	73.90	374.00
53885	73.60	370.00
53887	73.20	370.00
53889	73.20	370.00
53892	73.60	370.00
53894	73.60	370.00
53896	73.90	374.00
53899	72.80	368.00
53901	73.00	368.00
53903	73.80	374.00
53905	73.40	370.00
53908	73.50	368.00
53910	73.40	370.00
53912	73.10	374.00
53915	73.70	370.00
53917	73.70	370.00
53919	73.00	368.00
53921	73.00	368.00
53924	73.10	368.00
53926	73.70	370.00
53928	73.40	370.00
53931	73.20	370.00
53933	73.10	368.00
53935	73.70	370.00
53938	74.00	374.00
53940	73.60	368.00
53942	73.30	370.00
53944	73.00	370.00
53947	73.50	370.00
53949	73.70	370.00
53951	73.30	370.00
53954	73.50	370.00
53956	73.40	370.00
53958	73.50	370.00
53960	73.90	374.00
53963	73.30	368.00
53965	73.20	368.00
53967	73.40	370.00
53970	74.10	374.00
53972	73.50	374.00
53974	73.40	370.00
53976	73.20	370.00
53979	74.00	374.00
53981	73.60	370.00
53983	73.10	368.00
53986	73.50	370.00
53988	73.20	370.00
53990	73.80	374.00
53993	73.80	374.00
53995	73.30	368.00
53997	73.30	370.00
53999	73.40	370.00
54002	73.70	370.00
54004	73.30	370.00
54006	73.10	370.00
54009	73.10	370.00
54011	74.00	374.00
54013	73.60	370.00
54015	73.50	370.00
54018	72.90	368.00
54020	73.10	370.00
54022	73.40	370.00
54025	73.70	374.00
54027	73.40	370.00
54029	73.40	368.00
54031	73.00	374.00
54034	73.60	370.00
54036	73.50	370.00
54038	73.30	370.00
54041	73.10	370.00
54043	73.80	374.00
54045	74.00	374.00
54048	73.80	374.00
54050	73.30	368.00
54052	73.10	370.00
54054	73.70	370.00
54057	73.30	370.00
54059	73.60	370.00
54061	73.40	370.00
54064	73.90	374.00
54066	73.80	374.00
54068	73.80	374.00
54070	73.40	370.00
54073	73.10	370.00
54075	73.60	370.00
54077	73.70	370.00
54080	73.70	370.00
54082	73.30	368.00
54084	73.60	370.00
54086	73.90	370.00
54089	73.60	370.00
54091	73.50	370.00
54093	73.10	370.00
54096	73.00	368.00
54098	73.80	374.00
54100	73.70	370.00
54103	73.60	370.00
54105	73.30	370.00
54107	73.50	370.00
54109	73.70	374.00
54112	73.10	370.00
54114	73.30	370.00
54116	73.10	370.00
54119	73.70	370.00
54121	73.90	374.00
54123	73.00	368.00
54125	73.20	370.00
54128	73.50	370.00
54130	73.40	370.00
54132	73.60	370.00
54135	73.00	368.00
54137	73.00	370.00
54139	73.30	374.00
54141	73.80	374.00
54144	74.00	374.00
54146	73.20	370.00
54148	73.30	370.00
54151	73.70	370.00
54153	73.60	370.00
54155	73.70	370.00
54158	73.30	370.00
54160	73.30	370.00
54162	74.10	374.00
54164	73.50	370.00
54167	73.30	370.00
54169	73.20	370.00
54171	73.30	370.00
54174	73.50	374.00
54176	73.70	370.00
54178	73.10	368.00
54180	73.30	370.00
54183	73.80	374.00
54185	73.70	370.00
54187	73.70	370.00
54190	73.30	370.00
54192	73.10	368.00
54194	73.90	374.00
54196	74.00	374.00
54199	74.10	370.00
54201	73.40	370.00
54203	73.30	368.00
54206	73.90	370.00
54208	73.30	370.00
54210	73.30	370.00
54213	73.00	368.00
54215	73.70	370.00
54217	73.70	370.00
54219	73.70	370.00
54222	73.30	370.00
54224	73.20	370.00
54226	73.40	370.00
54229	73.60	374.00
54231	73.90	368.00
54233	73.10	370.00
54235	73.40	370.00
54238	73.50	370.00
54240	73.60	370.00
54242	73.20	370.00
54245	73.40	370.00
54247	73.80	374.00
54249	73.80	374.00
54251	73.60	370.00
54254	72.90	370.00
54256	73.10	368.00
54258	73.80	370.00
54261	73.30	370.00
54263	73.50	370.00
54265	73.40	370.00
54268	73.20	370.00
54270	73.70	370.00
54272	73.80	374.00
54274	73.00	368.00
54277	73.30	370.00
54279	73.40	370.00
54281	73.70	370.00
54284	73.70	370.00
54286	73.30	370.00
54288	73.10	370.00
54290	73.70	370.00
54293	73.50	370.00
54295	73.60	370.00
54297	73.40	370.00
54300	72.80	368.00
54302	73.20	370.00
54304	73.60	370.00
54306	73.50	370.00
54309	73.10	370.00
54311	73.20	370.00
54313	73.70	370.00
54316	73.40	370.00
54318	73.40	370.00
54320	73.10	370.00
54323	73.70	370.00
54325	73.90	374.00
54327	73.80	374.00
54329	73.10	368.00
54332	73.20	370.00
54334	73.30	370.00
54336	73.60	370.00
54339	73.50	370.00
54341	73.10	368.00
54343	73.20	370.00
54345	73.80	374.00
54348	73.60	370.00
54350	73.40	370.00
54352	73.30	370.00
54355	73.60	370.00
54357	73.70	370.00
54359	73.50	370.00
54361	73.50	370.00
54364	73.20	370.00
54366	73.60	370.00
54368	73.60	370.00
54371	73.20	370.00
54373	73.10	370.00
54375	73.40	370.00
54378	73.30	370.00
54380	73.60	370.00
54382	73.10	368.00
54384	73.20	370.00
54387	73.60	370.00
54389	73.60	370.00
54391	73.50	370.00
54394	73.30	370.00
54396	73.00	368.00
54398	73.60	370.00
54400	73.60	370.00
54403	73.90	370.00
54405	73.10	370.00
54407	73.40	370.00
54410	73.60	370.00
54412	73.70	370.00
54414	72.80	368.00
54416	73.30	370.00
54419	73.20	370.00
54421	73.70	370.00
54423	73.70	374.00
54426	72.90	368.00
54428	73.00	370.00
54430	73.50	370.00
54433	73.70	374.00
54435	73.90	370.00
54437	72.90	370.00
54439	73.30	370.00
54442	73.80	374.00
54444	73.40	370.00
54446	73.50	370.00
54449	73.40	370.00
54451	73.50	370.00
54453	73.70	370.00
54455	73.90	370.00
54458	73.00	368.00
54460	73.30	370.00
54462	73.40	370.00
54465	73.70	370.00
54467	73.10	370.00
54469	73.30	370.00
54471	73.30	370.00
54474	73.90	374.00
54476	73.40	370.00
54478	73.70	370.00
54481	73.30	370.00
54483	73.40	370.00
54485	73.50	370.00
54488	73.60	374.00
54490	73.60	370.00
54492	73.40	370.00
54494	73.20	370.00
54497	73.60	370.00
54499	73.60	370.00
54501	72.90	368.00
54504	73.40	370.00
54506	73.60	370.00
54508	73.70	370.00
54510	73.80	374.00
54513	72.90	368.00
54515	72.90	368.00
54517	73.40	370.00
54520	73.60	374.00
54522	73.30	368.00
54524	73.20	370.00
54526	73.70	370.00
54529	73.70	370.00
54531	74.00	374.00
54533	73.20	370.00
54536	73.20	370.00
54538	73.60	370.00
54540	73.40	370.00
54543	73.40	370.00
54545	73.20	370.00
54547	73.40	370.00
54549	73.70	370.00
54552	73.70	370.00
54554	73.30	370.00
54556	72.90	368.00
54559	72.90	368.00
54561	73.60	370.00
54563	73.70	370.00
54565	73.10	370.00
54568	73.30	370.00
54570	73.20	370.00
54572	74.00	370.00
54575	73.40	442.00
54577	87.40	432.00
54579	86.40	432.00
54581	86.20	432.00
54584	86.10	432.00
54586	86.30	436.00
54588	86.40	436.00
54591	86.10	432.00
54593	86.30	436.00
54595	85.90	432.00
54598	86.40	436.00
54600	86.70	436.00
54602	86.20	432.00
54604	86.20	432.00
54607	86.40	436.00
54609	86.60	436.00
54611	86.60	432.00
54614	86.20	432.00
54616	86.50	436.00
54618	86.10	432.00
54620	86.50	436.00
54623	86.30	436.00
54625	86.40	436.00
54627	86.30	436.00
54630	86.50	436.00
54632	86.50	436.00
54634	86.40	436.00
54636	86.50	436.00
54639	86.30	436.00
54641	86.20	436.00
54643	86.50	436.00
54646	86.10	432.00
54648	86.30	436.00
54650	86.40	436.00
54653	86.60	436.00
54655	86.60	436.00
54657	86.20	432.00
54659	86.10	432.00
54662	86.30	436.00
54664	91.20	456.00
54666	89.40	458.00
54669	91.00	458.00
54671	92.30	466.00
54673	92.30	466.00
54675	92.40	466.00
54678	92.30	466.00
54680	92.30	466.00
54682	91.80	462.00
54685	91.90	462.00
54687	90.60	456.00
54689	88.70	446.00
54691	88.40	462.00
54694	88.30	406.00
54696	77.30	370.00
54698	73.20	370.00
54701	73.80	374.00
54703	73.90	374.00
54705	73.20	370.00
54708	73.10	370.00
54710	73.20	370.00
54712	73.80	374.00
54714	74.00	374.00
54717	73.30	370.00
54719	73.40	368.00
54721	73.70	374.00
54724	74.10	370.00
54726	73.70	370.00
54728	72.80	368.00
54730	73.30	370.00
54733	73.60	370.00
54735	73.90	374.00
54737	73.30	370.00
54740	73.20	370.00
54742	73.10	370.00
54744	73.60	370.00
54746	73.30	370.00
54749	73.30	370.00
54751	73.20	370.00
54753	73.10	374.00
54756	73.70	370.00
54758	73.90	374.00
54760	73.30	370.00
54763	73.30	370.00
54765	73.80	374.00
54767	73.40	370.00
54769	73.40	370.00
54772	73.30	370.00
54774	73.40	370.00
54776	73.80	374.00
54779	73.70	370.00
54781	72.70	370.00
54783	73.30	370.00
54785	73.40	370.00
54788	73.60	370.00
54790	73.80	374.00
54792	73.40	370.00
54795	73.50	370.00
54797	73.80	374.00
54799	73.70	370.00
54801	73.50	370.00
54804	72.70	368.00
54806	73.60	370.00
54808	73.80	374.00
54811	73.80	374.00
54813	73.90	370.00
54815	73.30	370.00
54818	73.50	370.00
54820	73.50	370.00
54822	73.50	370.00
54824	73.10	368.00
54827	73.10	368.00
54829	73.70	370.00
54831	73.80	374.00
54834	73.80	368.00
54836	73.20	370.00
54838	72.90	370.00
54840	73.80	370.00
54843	73.40	374.00
54845	73.10	368.00
54847	73.20	370.00
54850	73.60	370.00
54852	73.80	374.00
54854	73.80	374.00
54856	73.10	370.00
54859	73.40	370.00
54861	73.40	370.00
54863	73.70	374.00
54866	73.80	374.00
54868	73.20	370.00
54870	73.20	370.00
54873	73.70	370.00
54875	73.30	370.00
54877	73.40	370.00
54879	73.30	370.00
54882	73.20	370.00
54884	73.50	370.00
54886	73.80	374.00
54889	73.10	370.00
54891	73.20	370.00
54893	73.50	370.00
54895	73.20	370.00
54898	73.80	370.00
54900	73.20	370.00
54902	73.40	370.00
54905	73.90	374.00
54907	73.90	374.00
54909	73.80	374.00
54911	73.20	370.00
54914	73.20	370.00
54916	73.70	370.00
54918	73.50	370.00
54921	73.30	370.00
54923	73.30	370.00
54925	73.00	370.00
54928	73.80	374.00
54930	73.70	370.00
54932	73.30	370.00
54934	73.20	370.00
54937	73.50	370.00
54939	73.80	374.00
54941	73.90	374.00
54944	73.10	370.00
54946	73.20	370.00
54948	74.10	374.00
54950	73.30	370.00
54953	73.80	370.00
54955	73.20	370.00
54957	73.20	370.00
54960	73.70	370.00
54962	73.70	370.00
54964	73.20	370.00
54966	73.20	370.00
54969	73.50	370.00
54971	73.70	370.00
54973	73.40	370.00
54976	73.20	370.00
54978	73.20	370.00
54980	73.80	374.00
54983	73.80	374.00
54985	74.00	370.00
54987	73.10	370.00
54989	73.30	370.00
54992	73.60	370.00
54994	73.40	370.00
54996	73.30	370.00
54999	73.40	370.00
55001	73.60	370.00
55003	73.70	370.00
55005	73.50	370.00
55008	73.10	370.00
55010	73.60	370.00
55012	73.40	370.00
55015	73.90	374.00
55017	73.70	370.00
55019	73.10	368.00
55021	73.10	368.00
55024	73.70	370.00
55026	73.30	370.00
55028	73.30	370.00
55031	73.20	370.00
55033	73.30	370.00
55035	73.80	374.00
55038	73.60	374.00
55040	72.90	370.00
55042	73.30	370.00
55044	73.10	370.00
55047	73.90	370.00
55049	73.40	370.00
55051	73.20	370.00
55054	73.40	370.00
55056	73.50	370.00
55058	73.80	374.00
55060	73.40	370.00
55063	73.10	370.00
55065	73.20	370.00
55067	73.00	370.00
55070	73.70	374.00
55072	73.10	370.00
55074	73.20	370.00
55076	73.30	374.00
55079	73.70	370.00
55081	73.50	370.00
55083	73.60	370.00
55086	73.40	370.00
55088	73.80	374.00
55090	73.90	374.00
55093	73.80	374.00
55095	73.20	370.00
55097	73.20	370.00
55099	73.20	370.00
55102	73.60	370.00
55104	73.30	368.00
55106	73.00	368.00
55109	73.60	370.00
55111	73.60	370.00
55113	73.50	370.00
55115	73.40	370.00
55118	73.00	368.00
55120	73.60	370.00
55122	73.30	370.00
55125	73.60	368.00
55127	73.40	370.00
55129	73.50	370.00
55131	73.70	370.00
55134	73.80	370.00
55136	73.30	370.00
55138	72.90	368.00
55141	73.40	370.00
55143	73.80	374.00
55145	73.60	370.00
55148	73.10	370.00
55150	73.20	370.00
55152	73.60	370.00
55154	73.20	370.00
55157	73.50	370.00
55159	73.20	370.00
55161	73.10	370.00
55164	73.80	374.00
55166	73.90	374.00
55168	73.20	370.00
55170	73.10	370.00
55173	73.30	370.00
55175	73.80	374.00
55177	73.80	374.00
55180	73.10	370.00
55182	73.20	370.00
55184	73.30	374.00
55186	73.60	374.00
55189	73.50	370.00
55191	73.10	370.00
55193	73.10	370.00
55196	73.70	370.00
55198	73.70	370.00
55200	73.30	370.00
55203	73.50	370.00
55205	73.30	370.00
55207	73.70	370.00
55209	73.40	370.00
55212	73.50	370.00
55214	73.20	368.00
55216	72.80	370.00
55219	73.40	370.00
55221	73.50	374.00
55223	72.90	368.00
55225	73.20	370.00
55228	73.50	370.00
55230	73.60	370.00
55232	73.40	370.00
55235	73.10	370.00
55237	73.30	370.00
55239	73.80	374.00
55241	73.70	374.00
55244	73.90	370.00
55246	73.10	370.00
55248	73.40	370.00
55251	73.60	370.00
55253	73.70	370.00
55255	72.80	368.00
55258	73.00	368.00
55260	73.50	370.00
55262	73.70	370.00
55264	73.60	370.00
55267	73.30	370.00
55269	73.40	368.00
55271	73.60	374.00
55274	73.50	370.00
55276	73.90	370.00
55278	72.90	370.00
55280	73.30	370.00
55283	73.60	370.00
55285	73.50	370.00
55287	73.30	370.00
55290	73.50	370.00
55292	73.60	370.00
55294	73.70	370.00
55296	73.50	370.00
55299	73.20	368.00
55301	73.40	368.00
55303	73.50	370.00
55306	73.60	370.00
55308	73.90	370.00
55310	73.20	370.00
55313	73.00	368.00
55315	73.80	374.00
55317	73.40	370.00
55319	73.30	370.00
55322	73.30	370.00
55324	73.10	370.00
55326	73.60	370.00
55329	73.70	374.00
55331	73.60	370.00
55333	73.20	370.00
55335	73.30	374.00
55338	73.80	374.00
55340	73.30	370.00
55342	73.30	370.00
55345	73.00	368.00
55347	73.70	370.00
55349	73.60	370.00
55351	73.40	370.00
55354	73.00	368.00
55356	73.20	370.00
55358	73.50	370.00
55361	73.30	374.00
55363	72.80	370.00
55365	73.20	370.00
55368	73.60	370.00
55370	73.90	374.00
55372	73.60	370.00
55374	73.00	368.00
55377	73.50	370.00
55379	73.70	370.00
55381	73.50	370.00
55384	73.50	370.00
55386	73.30	368.00
55388	73.30	370.00
55390	73.90	374.00
55393	73.80	370.00
55395	72.90	370.00
55397	73.30	370.00
55400	73.70	370.00
55402	73.60	370.00
55404	73.70	370.00
55406	73.40	370.00
55409	73.20	370.00
55411	73.80	374.00
55413	73.60	370.00
55416	73.50	370.00
55418	73.20	368.00
55420	73.40	370.00
55423	73.90	370.00
55425	73.90	374.00
55427	73.10	370.00
55429	73.10	368.00
55432	73.50	370.00
55434	73.30	370.00
55436	73.50	370.00
55439	73.10	370.00
55441	72.80	368.00
55443	73.50	370.00
55445	73.90	374.00
55448	73.70	370.00
55450	73.60	370.00
55452	73.30	370.00
55455	73.50	370.00
55457	73.70	370.00
55459	73.00	368.00
55461	73.00	368.00
55464	73.60	370.00
55466	73.90	374.00
55468	73.70	370.00
55471	73.00	368.00
55473	73.40	370.00
55475	73.50	370.00
55478	73.70	370.00
55480	73.50	370.00
55482	73.20	370.00
55484	73.50	370.00
55487	73.50	370.00
55489	73.80	374.00
55491	73.40	370.00
55494	73.40	370.00
55496	73.40	370.00
55498	73.60	370.00
55500	73.80	370.00
55503	73.20	368.00
55505	73.30	370.00
55507	73.50	374.00
55510	73.30	370.00
55512	74.00	370.00
55514	73.10	368.00
55516	72.80	368.00
55519	73.80	374.00
55521	73.90	374.00
55523	73.70	370.00
55526	73.40	370.00
55528	72.80	368.00
55530	73.60	370.00
55533	73.30	370.00
55535	73.60	368.00
55537	73.20	370.00
55539	73.30	370.00
55542	73.80	374.00
55544	73.40	370.00
55546	72.90	368.00
55549	73.20	370.00
55551	73.70	370.00
55553	73.70	370.00
55555	73.70	370.00
55558	73.10	370.00
55560	73.20	370.00
55562	73.80	374.00
55565	73.70	370.00
55567	73.70	370.00
55569	73.30	370.00
55571	74.00	374.00
55574	73.90	374.00
55576	73.80	374.00
55578	73.20	370.00
55581	73.20	370.00
55583	73.70	370.00
55585	73.50	370.00
55588	73.70	370.00
55590	73.40	370.00
55592	73.20	368.00
55594	73.60	374.00
55597	73.70	374.00
55599	73.20	370.00
55601	73.20	370.00
55604	73.40	370.00
55606	73.90	374.00
55608	73.50	370.00
55610	73.20	370.00
55613	73.20	370.00
55615	73.50	370.00
55617	73.50	374.00
55620	73.70	370.00
55622	73.30	368.00
55624	73.40	370.00
55626	73.60	370.00
55629	73.70	370.00
55631	73.20	370.00
55633	73.40	370.00
55636	73.20	370.00
55638	73.70	370.00
55640	73.20	370.00
55643	73.20	370.00
55645	73.20	370.00
55647	73.20	370.00
55649	73.70	374.00
55652	73.50	374.00
55654	73.50	370.00
55656	73.30	370.00
55659	73.30	370.00
55661	73.20	370.00
55663	86.30	436.00
55665	84.70	426.00
55668	86.00	432.00
55670	85.80	432.00
55672	86.10	432.00
55675	86.30	436.00
55677	86.40	432.00
55679	86.30	432.00
55681	86.00	432.00
55684	85.80	436.00
55686	86.60	436.00
55688	86.80	440.00
55691	86.00	432.00
55693	86.40	436.00
55695	86.10	432.00
55698	86.30	436.00
55700	86.50	436.00
55702	85.90	432.00
55704	86.50	432.00
55707	86.40	436.00
55709	86.40	436.00
55711	86.50	432.00
55714	86.30	436.00
55716	85.90	432.00
55718	86.30	436.00
55720	86.20	432.00
55723	85.70	432.00
55725	86.10	432.00
55727	86.40	436.00
55730	86.40	436.00
55732	86.70	436.00
55734	86.40	436.00
55736	86.50	436.00
55739	86.50	436.00
55741	86.50	436.00
55743	86.20	432.00
55746	86.10	432.00
55748	86.40	436.00
55750	86.50	436.00
55753	90.40	456.00
55755	90.70	456.00
55757	90.80	458.00
55759	91.80	462.00
55762	92.40	466.00
55764	92.20	466.00
55766	91.80	462.00
55769	92.10	462.00
55771	91.80	462.00
55773	91.40	458.00
55775	90.50	456.00
55778	88.90	448.00
55780	91.70	462.00
55782	80.80	406.00
55785	73.40	370.00
55787	73.30	370.00
55789	73.50	370.00
55791	73.80	400.00
55794	72.90	370.00
55796	76.70	52.00
55798	14.50	322.00
55801	10.70	52.00
55803	10.50	52.00
55805	10.60	52.00
55808	10.20	52.00
55810	66.30	334.00
55812	10.60	52.00
55814	10.30	52.00
55817	10.40	52.00
55819	10.50	52.00
55821	68.40	52.00
55824	10.80	52.00
55826	10.10	52.00
55828	10.50	52.00
55830	10.40	58.00
55833	10.40	52.00
55835	10.60	52.00
55837	10.60	52.00
55840	10.40	52.00
55842	12.00	62.00
55844	10.40	52.00
55846	10.40	52.00
55849	10.30	52.00
55851	10.40	52.00
55853	12.30	360.00
55856	10.60	52.00
55858	10.40	52.00
55860	10.40	56.00
55863	10.50	52.00
55865	68.20	344.00
55867	18.80	96.00
55869	10.60	52.00
55872	10.50	52.00
55874	10.60	52.00
55876	66.70	338.00
55879	10.70	52.00
55881	10.60	52.00
55883	10.30	50.00
55885	10.60	66.00
55888	57.10	52.00
55890	10.50	52.00
55892	10.40	52.00
55895	10.30	52.00
55897	15.10	76.00
55899	10.20	52.00
55901	10.50	52.00
55904	10.20	52.00
55906	10.60	52.00
55908	16.60	266.00
55911	10.80	52.00
55913	10.20	52.00
55915	10.70	52.00
55918	10.50	52.00
55920	49.50	252.00
55922	10.40	52.00
55924	10.40	52.00
55927	10.50	52.00
55929	10.40	52.00
55931	47.20	240.00
55934	10.40	52.00
55936	10.50	52.00
55938	10.40	52.00
55940	10.40	104.00
55943	45.50	52.00
55945	10.50	52.00
55947	10.40	52.00
55950	10.50	52.00
55952	21.60	108.00
55954	10.60	52.00
55956	10.20	52.00
55959	10.60	52.00
55961	10.50	52.00
55963	23.10	118.00
55966	10.50	52.00
55968	10.50	52.00
55970	10.60	52.00
55973	10.60	56.00
55975	28.90	168.00
55977	10.30	52.00
55979	10.40	52.00
55982	10.40	52.00
55984	10.50	52.00
55986	27.60	140.00
55989	10.60	52.00
55991	10.50	52.00
55993	10.20	52.00
55995	10.60	180.00
55998	24.20	52.00
56000	10.40	52.00
56002	10.70	52.00
56005	10.50	52.00
56007	39.50	200.00
56009	10.60	52.00
56011	10.30	52.00
56014	10.40	52.00
56016	10.40	52.00
56018	41.50	210.00
56021	10.50	52.00
56023	10.40	52.00
56025	10.70	52.00
56028	10.60	52.00
56030	45.50	102.00
56032	10.50	52.00
56034	10.70	52.00
56037	10.30	52.00
56039	10.20	52.00
56041	18.80	96.00
56044	10.40	52.00
56046	10.30	52.00
56048	10.60	52.00
56050	10.20	52.00
56053	17.60	52.00
56055	10.30	52.00
56057	10.10	52.00
56060	10.60	52.00
56062	10.30	272.00
56064	16.70	52.00
56066	10.50	52.00
56069	10.50	52.00
56071	10.40	52.00
56073	55.40	278.00
56076	10.40	52.00
56078	10.40	52.00
56080	10.40	52.00
56083	10.20	52.00
56085	57.20	72.00
56087	10.50	52.00
56089	10.40	52.00
56092	10.50	56.00
56094	10.40	52.00
56096	12.80	66.00
56099	10.50	52.00
56101	10.40	52.00
56103	10.60	52.00
56105	10.50	52.00
56108	12.00	62.00
56110	10.70	56.00
56112	10.60	52.00
56115	10.50	52.00
56117	10.50	322.00
56119	10.70	52.00
56121	10.60	56.00
56124	10.20	52.00
56126	10.60	52.00
56128	65.50	330.00
56131	10.40	52.00
56133	10.60	52.00
56135	10.50	52.00
56138	10.20	52.00
56140	66.20	334.00
56142	10.50	52.00
56144	10.20	52.00
56147	10.60	52.00
56149	10.70	52.00
56151	10.60	52.00
56154	10.50	52.00
56156	10.60	52.00
56158	10.60	52.00
56160	10.40	52.00
56163	10.30	52.00
56165	10.20	52.00
56167	10.70	56.00
56170	10.60	52.00
56172	10.70	344.00
56174	10.20	52.00
56176	10.40	52.00
56179	10.50	52.00
56181	10.40	52.00
56183	68.00	344.00
56186	10.50	52.00
56188	10.60	52.00
56190	10.30	52.00
56193	10.20	52.00
56195	67.60	344.00
56197	10.20	52.00
56199	10.20	52.00
56202	10.60	52.00
56204	10.60	62.00
56206	65.80	52.00
56209	10.60	52.00
56211	10.60	52.00
56213	10.20	52.00
56215	12.30	62.00
56218	10.60	52.00
56220	10.30	52.00
56222	10.60	52.00
56225	10.50	52.00
56227	12.50	62.00
56229	10.70	52.00
56231	10.70	52.00
56234	10.50	52.00
56236	10.60	52.00
56238	12.40	302.00
56241	10.50	52.00
56243	10.50	52.00
56245	10.60	52.00
56248	10.60	52.00
56250	57.00	288.00
56252	10.60	52.00
56254	10.40	52.00
56257	10.50	52.00
56259	10.40	76.00
56261	54.40	52.00
56264	10.50	52.00
56266	10.40	56.00
56268	10.40	52.00
56270	16.30	82.00
56273	10.40	52.00
56275	10.70	56.00
56277	10.40	52.00
56280	10.50	52.00
56282	17.20	86.00
56284	10.10	52.00
56286	10.50	52.00
56289	10.70	52.00
56291	10.40	52.00
56293	19.00	242.00
56296	10.40	56.00
56298	10.70	56.00
56300	10.40	52.00
56303	10.40	52.00
56305	45.90	232.00
56307	10.70	56.00
56309	10.30	52.00
56312	10.50	52.00
56314	10.40	52.00
56316	44.00	52.00
56319	10.40	52.00
56321	10.50	52.00
56323	10.40	52.00
56325	10.50	114.00
56328	10.60	52.00
56330	10.60	52.00
56332	10.20	52.00
56335	10.40	52.00
56337	27.70	140.00
56339	10.60	52.00
56341	10.60	52.00
56344	10.60	52.00
56346	10.50	52.00
56348	32.70	150.00
56351	10.30	56.00
56353	10.80	52.00
56355	10.20	56.00
56358	10.40	52.00
56360	26.20	134.00
56362	10.60	52.00
56364	10.50	52.00
56367	10.40	52.00
56369	10.50	52.00
56371	22.50	114.00
56374	10.50	52.00
56376	10.50	52.00
56378	10.40	52.00
56380	10.20	206.00
56383	21.70	52.00
56385	10.40	52.00
56387	10.50	52.00
56390	10.50	52.00
56392	44.70	226.00
56394	10.30	52.00
56396	10.60	52.00
56399	10.70	56.00
56401	10.40	52.00
56403	47.40	96.00
56406	10.50	52.00
56408	10.70	52.00
56410	10.50	52.00
56413	10.50	52.00
56415	18.20	92.00
56417	10.40	52.00
56419	10.70	56.00
56422	10.50	52.00
56424	10.60	52.00
56426	17.60	88.00
56429	10.50	52.00
56431	10.50	52.00
56433	10.40	52.00
56435	10.70	268.00
56438	16.80	52.00
56440	10.50	52.00
56442	10.50	52.00
56445	10.50	52.00
56447	55.30	278.00
56449	10.40	52.00
56451	10.80	56.00
56454	10.20	52.00
56456	10.50	52.00
56458	57.50	292.00
56461	10.50	52.00
56463	10.40	52.00
56465	10.40	52.00
56468	10.60	52.00
56470	59.00	66.00
56472	10.50	52.00
56474	10.40	52.00
56477	10.50	52.00
56479	10.40	52.00
56481	12.20	62.00
56484	10.50	52.00
56486	10.40	52.00
56488	10.60	52.00
56490	10.50	318.00
56493	11.10	52.00
56495	10.50	52.00
56497	10.70	52.00
56500	10.50	52.00
56502	64.00	324.00
56504	10.60	52.00
56506	10.40	52.00
56509	10.40	52.00
56511	10.70	56.00
56513	66.40	334.00
56516	10.50	52.00
56518	10.60	52.00
56520	10.50	52.00
56523	10.50	52.00
56525	65.80	52.00
56527	10.50	52.00
56529	10.40	52.00
56532	10.40	52.00
56534	10.40	52.00
56536	9.80	50.00
56539	10.20	52.00
56541	10.40	52.00
56543	10.50	52.00
56545	10.70	56.00
56548	10.40	56.00
56550	10.20	52.00
56552	10.40	52.00
56555	10.40	52.00
56557	10.90	348.00
56559	10.40	52.00
56561	10.60	52.00
56564	10.20	52.00
56566	10.30	52.00
56568	67.60	340.00
56571	10.50	52.00
56573	10.60	52.00
56575	10.40	52.00
56578	10.50	62.00
56580	64.30	52.00
56582	10.50	56.00
56584	10.40	52.00
56587	10.40	52.00
56589	12.20	62.00
56591	10.50	52.00
56594	10.20	52.00
56596	10.60	52.00
56598	10.70	56.00
56600	12.50	62.00
56603	10.40	52.00
56605	10.60	52.00
56607	10.40	52.00
56610	10.30	52.00
56612	12.70	298.00
56614	10.20	52.00
56616	10.50	52.00
56619	10.40	52.00
56621	10.40	52.00
56623	57.30	292.00
56626	10.60	52.00
56628	10.60	52.00
56630	10.40	52.00
56633	10.70	56.00
56635	54.00	276.00
56637	10.50	52.00
56639	10.50	52.00
56642	10.60	52.00
56644	10.70	82.00
56646	10.50	52.00
56649	10.50	52.00
56651	10.20	52.00
56653	10.70	56.00
56655	18.00	92.00
56658	10.40	52.00
56660	10.60	52.00
56662	10.50	52.00
56665	10.20	52.00
56667	19.30	242.00
56669	10.60	52.00
56671	10.60	52.00
56674	10.50	52.00
56676	10.50	52.00
56678	44.30	226.00
56681	10.30	52.00
56683	10.70	56.00
56685	10.50	52.00
56688	10.60	52.00
56690	41.10	210.00
56692	10.70	56.00
56694	10.40	52.00
56697	10.20	52.00
56699	10.60	122.00
56701	37.50	52.00
56704	10.30	52.00
56706	10.60	52.00
56708	10.50	52.00
56710	29.30	148.00
56713	10.40	52.00
56715	10.30	52.00
56717	10.40	52.00
56720	10.70	56.00
56722	34.10	174.00
56724	10.40	52.00
56726	10.60	52.00
56729	10.50	52.00
56731	10.60	56.00
56733	36.40	122.00
56736	10.20	52.00
56738	10.30	52.00
56740	10.40	52.00
56743	10.40	52.00
56745	22.20	112.00
56747	10.40	52.00
56749	10.50	52.00
56752	10.50	52.00
56754	10.40	212.00
56756	21.20	56.00
56759	10.40	52.00
56761	10.70	52.00
56763	10.30	52.00
56765	44.20	222.00
56768	10.50	52.00
56770	10.40	52.00
56772	10.70	56.00
56775	10.60	52.00
56777	49.20	250.00
56779	10.10	52.00
56781	10.60	52.00
56784	10.60	52.00
56786	10.30	52.00
56788	50.60	92.00
56791	10.20	52.00
56793	10.60	52.00
56795	10.30	52.00
56798	10.50	52.00
56800	16.80	86.00
56802	10.70	56.00
56804	10.60	52.00
56807	10.60	52.00
56809	10.30	52.00
56811	15.80	52.00
56814	10.40	52.00
56816	10.60	52.00
56818	10.40	52.00
56820	10.40	286.00
56823	10.60	52.00
56825	10.40	52.00
56827	10.60	52.00
56830	10.30	52.00
56832	57.90	292.00
56834	10.70	56.00
56836	10.50	52.00
56839	10.50	52.00
56841	10.60	52.00
56843	59.90	66.00
56846	10.40	52.00
56848	10.40	52.00
56850	10.60	52.00
56853	10.30	52.00
56855	11.40	58.00
56857	10.60	52.00
56859	10.30	52.00
56862	10.40	52.00
56864	10.60	52.00
56866	10.40	52.00
56869	10.60	52.00
56871	10.50	52.00
56873	10.20	52.00
56875	10.30	334.00
56878	9.90	52.00
56880	10.60	52.00
56882	10.20	52.00
56885	10.30	52.00
56887	65.60	330.00
56889	10.40	52.00
56891	10.50	52.00
56894	10.40	52.00
56896	10.50	52.00
56898	65.00	52.00
56901	10.60	52.00
56903	10.50	52.00
56905	10.60	52.00
56908	10.30	52.00
56910	10.40	52.00
56912	10.50	52.00
56914	10.50	52.00
56917	10.40	52.00
56919	11.10	56.00
56921	10.20	52.00
56924	10.30	52.00
56926	10.60	52.00
56928	10.00	56.00
56930	11.40	344.00
56933	10.40	52.00
56935	10.40	52.00
56937	10.70	52.00
56940	10.40	52.00
56942	66.80	338.00
56944	10.20	52.00
56946	10.40	52.00
56949	10.40	52.00
56951	10.10	52.00
56953	64.10	324.00
56956	10.50	52.00
56958	10.50	52.00
56960	10.40	52.00
56963	10.50	62.00
56965	62.10	52.00
56967	10.70	56.00
56969	10.60	52.00
56972	10.40	52.00
56974	12.40	62.00
56976	10.40	52.00
56979	10.50	52.00
56981	10.30	52.00
56983	10.40	52.00
56985	12.60	292.00
56988	10.30	52.00
56990	10.40	52.00
56992	10.80	52.00
56995	10.60	52.00
56997	56.00	286.00
56999	10.30	52.00
57001	10.40	52.00
57004	10.70	56.00
57006	10.40	52.00
57008	54.10	276.00
57011	10.50	52.00
57013	10.60	52.00
57015	10.50	52.00
57018	10.50	78.00
57020	52.70	52.00
57022	10.50	52.00
57024	10.50	56.00
57027	10.60	52.00
57029	17.50	88.00
57031	10.50	52.00
57034	10.60	52.00
57036	10.60	52.00
57038	10.20	52.00
57040	18.90	96.00
57043	10.40	52.00
57045	10.40	52.00
57047	10.50	52.00
57050	10.50	52.00
57052	19.90	230.00
57054	10.70	52.00
57056	10.60	52.00
57059	10.20	52.00
57061	10.60	52.00
57063	43.60	220.00
57066	10.60	52.00
57068	10.70	56.00
57070	10.40	52.00
57073	10.60	52.00
57075	39.50	52.00
57077	10.60	52.00
57079	10.50	52.00
57082	10.50	52.00
57084	25.40	128.00
57086	10.50	52.00
57089	10.40	52.00
57091	10.60	52.00
57093	10.30	52.00
57095	32.00	160.00
57098	10.40	52.00
57100	10.40	52.00
57102	10.50	52.00
57105	10.60	52.00
57107	35.40	128.00
57109	10.40	52.00
57111	10.20	52.00
57114	10.60	52.00
57116	10.50	52.00
57118	22.70	114.00
57121	10.60	52.00
57123	10.20	52.00
57125	10.50	52.00
57128	10.60	52.00
57130	21.70	112.00
57132	10.50	52.00
57134	10.40	52.00
57137	10.80	52.00
57139	10.60	216.00
57141	20.60	52.00
57144	10.60	52.00
57146	10.20	52.00
57148	10.60	52.00
57150	46.80	236.00
57153	10.10	52.00
57155	10.60	52.00
57157	10.40	52.00
57160	10.30	52.00
57162	49.60	92.00
57164	10.60	52.00
57166	10.20	52.00
57169	10.20	52.00
57171	10.30	52.00
57173	17.10	86.00
57176	10.50	52.00
57178	10.50	52.00
57180	10.10	52.00
57183	10.40	52.00
57185	16.20	82.00
57187	10.40	52.00
57189	10.30	52.00
57192	10.60	52.00
57194	10.50	282.00
57196	15.30	52.00
57199	10.40	52.00
57201	10.00	50.00
57203	10.40	52.00
57205	57.60	292.00
57208	10.50	52.00
57210	10.60	52.00
57212	10.40	52.00
57215	10.50	52.00
57217	59.30	298.00
57219	10.50	56.00
57221	10.70	52.00
57224	10.40	52.00
57226	10.60	52.00
57228	61.20	58.00
57231	10.60	52.00
57233	10.70	56.00
57235	10.70	56.00
57238	10.50	52.00
57240	10.70	56.00
57242	10.40	52.00
57244	10.30	52.00
57247	10.60	52.00
57249	10.50	328.00
57251	10.30	52.00
57254	10.70	52.00
57256	10.60	52.00
57258	10.30	52.00
57260	66.60	338.00
57263	10.20	52.00
57265	10.50	52.00
57267	10.40	52.00
57270	10.50	52.00
57272	65.00	328.00
57274	10.70	56.00
57276	10.50	52.00
57279	10.60	52.00
57281	10.50	56.00
57283	65.50	52.00
57286	10.60	52.00
57288	10.20	52.00
57290	10.60	52.00
57293	10.60	52.00
57295	10.40	52.00
57297	10.40	52.00
57299	10.70	56.00
57302	10.20	52.00
57304	10.90	56.00
57306	10.20	52.00
57309	10.60	52.00
57311	10.70	52.00
57313	10.30	52.00
57315	11.60	340.00
57318	10.30	52.00
57320	10.60	52.00
57322	10.60	52.00
57325	10.20	52.00
57327	65.60	330.00
57329	10.30	52.00
57331	10.60	52.00
57334	10.60	52.00
57336	10.40	62.00
57338	62.70	56.00
57341	10.30	52.00
57343	10.40	52.00
57345	10.50	52.00
57348	12.70	66.00
57350	10.60	52.00
57352	10.40	52.00
57354	10.60	52.00
57357	10.40	52.00
57359	12.60	62.00
57361	10.50	52.00
57364	10.60	52.00
57366	10.60	52.00
57368	10.60	52.00
57370	13.20	288.00
57373	10.60	52.00
57375	10.40	52.00
57377	10.70	56.00
57380	10.40	52.00
57382	53.90	272.00
57384	10.50	52.00
57386	10.30	52.00
57389	10.60	52.00
57391	10.30	52.00
57393	51.80	52.00
57396	10.40	52.00
57398	10.30	50.00
57400	10.20	52.00
57403	10.60	88.00
57405	10.60	52.00
57407	10.50	52.00
57409	10.60	52.00
57412	10.40	52.00
57414	18.90	96.00
57416	10.50	52.00
57419	10.40	52.00
57421	10.50	52.00
57423	10.60	52.00
57425	19.90	230.00
57428	10.40	52.00
57430	10.50	52.00
57432	10.50	52.00
57435	10.50	52.00
57437	44.20	222.00
57439	10.40	52.00
57441	10.70	56.00
57444	10.50	52.00
57446	10.20	52.00
57448	40.40	206.00
57451	10.60	52.00
57453	10.50	52.00
57455	10.40	56.00
57458	10.50	134.00
57460	35.20	52.00
57462	10.30	52.00
57464	10.40	52.00
57467	10.50	52.00
57469	31.90	160.00
57471	10.30	52.00
57474	10.30	52.00
57476	10.50	52.00
57478	10.40	52.00
57480	34.30	134.00
57483	10.60	52.00
57485	10.30	52.00
57487	10.40	52.00
57490	10.50	52.00
57492	23.10	118.00
57494	10.50	52.00
57496	10.60	52.00
57499	10.40	52.00
57501	10.20	52.00
57503	21.90	112.00
57506	10.40	52.00
57508	10.20	52.00
57510	10.30	52.00
57513	10.80	220.00
57515	20.30	52.00
57517	10.40	52.00
57519	10.30	52.00
57522	10.20	52.00
57524	46.20	232.00
57526	10.30	52.00
57529	10.50	52.00
57531	10.50	52.00
57533	10.40	52.00
57535	48.40	246.00
57538	10.70	52.00
57540	10.80	52.00
57542	10.40	52.00
57545	10.60	52.00
57547	50.90	88.00
57549	10.60	52.00
57551	10.50	52.00
57554	10.50	52.00
57556	10.40	52.00
57558	16.40	82.00
57561	10.20	52.00
57563	10.40	52.00
57565	10.60	52.00
57568	10.40	52.00
57570	16.00	52.00
57572	10.60	56.00
57574	10.80	52.00
57577	10.60	52.00
57579	56.70	286.00
57581	10.20	52.00
57584	10.20	52.00
57586	10.50	52.00
57588	10.40	52.00
57590	59.00	298.00
57593	10.20	52.00
57595	10.40	52.00
57597	10.50	52.00
57600	10.20	52.00
57602	60.40	62.00
57604	10.50	52.00
57606	10.60	52.00
57609	10.50	52.00
57611	10.60	52.00
57613	11.10	56.00
57616	10.40	52.00
57618	10.40	52.00
57620	10.50	52.00
57623	10.60	52.00
57625	10.10	52.00
57627	10.60	52.00
57629	10.50	50.00
57632	10.20	52.00
57634	10.40	334.00
57636	10.10	52.00
57639	10.60	52.00
57641	10.40	52.00
57643	10.60	52.00
57645	64.90	328.00
57648	10.50	52.00
57650	10.30	52.00
57652	10.60	52.00
57655	10.40	52.00
57657	66.20	52.00
57659	10.70	52.00
57661	10.30	52.00
57664	10.80	52.00
57666	10.60	52.00
57668	10.50	52.00
57671	10.70	56.00
57673	10.40	52.00
57675	10.10	52.00
57678	10.90	56.00
57680	10.20	52.00
57682	10.50	52.00
57684	10.60	52.00
57687	10.20	56.00
57689	11.30	344.00
57691	10.30	52.00
57694	10.60	52.00
57696	10.60	52.00
57698	10.60	52.00
57700	65.40	330.00
57703	10.50	52.00
57705	10.40	52.00
57707	10.50	52.00
57710	10.60	52.00
57712	63.60	322.00
57714	10.40	52.00
57716	10.30	52.00
57719	10.60	52.00
57721	10.20	62.00
57723	62.20	52.00
57726	10.20	52.00
57728	10.50	52.00
57730	10.60	52.00
57733	12.50	62.00
57735	10.30	52.00
57737	10.50	52.00
57739	10.20	52.00
57742	10.40	52.00
57744	13.00	292.00
57746	10.40	52.00
57749	10.30	52.00
57751	10.50	52.00
57753	10.50	52.00
57755	56.40	286.00
57758	10.20	52.00
57760	10.30	52.00
57762	10.30	52.00
57765	10.40	52.00
57767	53.60	272.00
57769	10.50	52.00
57771	10.40	52.00
57774	10.60	52.00
57776	10.60	82.00
57778	51.40	52.00
57781	10.40	52.00
57783	10.40	52.00
57785	10.90	56.00
57788	18.00	92.00
57790	10.60	52.00
57792	10.80	56.00
57794	10.50	52.00
57797	10.50	52.00
57799	19.10	96.00
57801	10.90	52.00
57804	10.60	52.00
57806	10.30	52.00
57808	10.40	52.00
57810	20.60	230.00
57813	10.40	52.00
57815	10.40	52.00
57817	10.60	52.00
57820	10.20	52.00
57822	42.10	212.00
57824	10.60	52.00
57826	10.60	52.00
57829	10.50	52.00
57831	10.40	114.00
57833	38.20	52.00
57836	10.60	52.00
57838	10.70	52.00
57840	10.40	52.00
57843	26.90	134.00
57845	10.10	52.00
57847	10.20	52.00
57849	10.30	52.00
57852	10.40	52.00
57854	31.80	160.00
57856	10.30	52.00
57859	10.50	52.00
57861	10.60	52.00
57863	10.50	52.00
57865	35.30	124.00
57868	10.50	52.00
57870	10.50	52.00
57872	10.60	52.00
57875	10.30	52.00
57877	22.40	114.00
57879	10.20	52.00
57881	10.60	52.00
57884	10.40	52.00
57886	10.40	52.00
57888	21.20	52.00
57891	10.50	52.00
57893	10.30	52.00
57895	10.20	52.00
57898	10.40	230.00
57900	10.50	52.00
57902	10.50	52.00
57904	10.40	52.00
57907	10.40	52.00
57909	47.90	242.00
57911	10.50	52.00
57914	10.60	52.00
57916	10.50	52.00
57918	10.60	52.00
57920	50.60	92.00
57923	10.50	52.00
57925	10.40	52.00
57927	10.30	52.00
57930	10.50	52.00
57932	16.80	86.00
57934	10.20	52.00
57936	10.50	52.00
57939	10.50	52.00
57941	10.40	52.00
57943	15.70	78.00
57946	10.70	56.00
57948	10.30	52.00
57950	10.50	52.00
57953	10.60	282.00
57955	15.00	52.00
57957	10.50	52.00
57959	10.50	52.00
57962	10.30	52.00
57964	57.60	292.00
57966	10.50	52.00
57969	10.40	52.00
57971	10.60	52.00
57973	10.50	52.00
57975	60.10	66.00
57978	10.10	52.00
57980	10.50	52.00
57982	10.60	52.00
57985	10.40	52.00
57987	11.80	58.00
57989	10.60	52.00
57991	10.60	52.00
57994	10.20	52.00
57996	10.20	52.00
57998	10.90	56.00
58001	10.40	52.00
58003	10.40	52.00
58005	10.30	52.00
58008	10.60	330.00
58010	10.40	52.00
58012	10.40	52.00
58014	10.40	56.00
58017	10.20	52.00
58019	66.30	334.00
58021	10.60	52.00
58024	10.40	52.00
58026	10.50	52.00
58028	10.50	52.00
58030	65.50	330.00
58033	10.40	52.00
58035	10.00	56.00
58037	10.60	52.00
58040	10.70	52.00
58042	65.80	52.00
58044	10.30	52.00
58046	10.20	52.00
58049	10.60	52.00
58051	10.90	56.00
58053	10.50	52.00
58056	10.40	52.00
58058	10.40	52.00
58060	10.40	52.00
58063	11.50	58.00
58065	10.50	52.00
58067	10.40	52.00
58069	10.60	52.00
58072	10.60	52.00
58074	66.80	338.00
58076	10.40	52.00
58079	10.40	52.00
58081	10.50	52.00
58083	10.40	52.00
58085	63.50	322.00
58088	10.40	52.00
58090	10.40	52.00
58092	10.50	52.00
58095	10.20	62.00
58097	61.70	52.00
58099	10.20	52.00
58101	10.30	52.00
58104	10.20	52.00
58106	12.50	62.00
58108	10.40	52.00
58111	10.50	52.00
58113	10.20	52.00
58115	10.60	52.00
58118	12.50	62.00
58120	10.40	52.00
58122	10.40	52.00
58124	10.50	52.00
58127	10.20	52.00
58129	14.20	282.00
58131	10.40	52.00
58134	10.30	52.00
58136	10.50	52.00
58138	10.50	52.00
58140	53.50	272.00
58143	10.40	52.00
58145	10.80	56.00
58147	10.40	52.00
58150	10.50	52.00
58152	51.30	52.00
58154	10.30	52.00
58156	10.20	52.00
58159	10.50	52.00
58161	10.50	92.00
58163	10.50	52.00
58166	10.40	52.00
58168	10.30	52.00
58170	10.70	56.00
58173	19.70	98.00
58175	10.70	56.00
58177	10.50	52.00
58179	10.50	52.00
58182	10.50	52.00
58184	20.50	226.00
58186	10.60	56.00
58189	10.60	52.00
58191	10.50	52.00
58193	10.70	56.00
58195	42.40	216.00
58198	10.40	52.00
58200	10.50	52.00
58202	10.50	52.00
58205	10.20	52.00
58207	37.70	190.00
58209	10.50	52.00
58211	10.30	52.00
58214	10.50	52.00
58216	10.60	140.00
58218	32.80	52.00
58221	10.70	56.00
58223	10.50	52.00
58225	10.50	52.00
58228	32.90	168.00
58230	10.50	52.00
58232	10.80	56.00
58234	10.40	52.00
58237	10.40	52.00
58239	35.80	124.00
58241	10.50	52.00
58244	10.40	56.00
58246	10.40	52.00
58248	10.60	52.00
58250	22.30	114.00
58253	10.50	52.00
58255	10.60	52.00
58257	10.70	56.00
58260	10.30	52.00
58262	21.50	108.00
58264	10.60	52.00
58266	10.40	52.00
58269	10.40	52.00
58271	10.50	226.00
58273	20.50	56.00
58276	10.30	56.00
58278	10.40	52.00
58280	10.10	52.00
58283	48.40	246.00
58285	10.40	52.00
58287	10.50	52.00
58289	10.60	52.00
58292	10.30	52.00
58294	51.10	258.00
58296	10.50	52.00
58299	10.60	52.00
58301	10.50	52.00
58303	10.30	52.00
58305	52.10	86.00
58308	10.50	52.00
58310	10.50	52.00
58312	10.70	56.00
58315	10.40	52.00
58317	16.00	82.00
58319	10.40	52.00
58321	10.60	52.00
58324	10.40	52.00
58326	10.60	282.00
58328	15.20	52.00
58331	10.50	52.00
58333	10.40	52.00
58335	10.50	52.00
58338	57.90	292.00
58340	10.60	52.00
58342	10.40	52.00
58344	10.20	52.00
58347	10.40	52.00
58349	59.70	302.00
58351	10.70	56.00
58354	10.40	56.00
58356	10.50	52.00
58358	10.30	52.00
58360	62.10	58.00
58363	10.20	52.00
58365	10.60	52.00
58367	10.20	52.00
58370	10.40	52.00
58372	10.90	56.00
58374	10.20	52.00
58376	10.20	52.00
58379	10.20	52.00
58381	10.40	52.00
58383	10.20	52.00
58386	10.20	52.00
58388	10.40	52.00
58390	10.60	52.00
58393	10.20	338.00
58395	10.50	52.00
58397	10.20	52.00
58399	10.40	52.00
58402	10.50	52.00
58404	65.70	330.00
58406	10.60	52.00
58409	10.50	52.00
58411	10.50	52.00
58413	10.40	52.00
58415	64.30	52.00
58418	10.30	52.00
58420	10.40	52.00
58422	10.50	52.00
58425	10.60	52.00
58427	10.20	52.00
58429	10.50	52.00
58431	10.40	52.00
58434	10.20	52.00
58436	10.80	56.00
58438	10.60	52.00
58441	10.20	52.00
58443	10.20	52.00
58445	10.50	56.00
58448	11.70	344.00
58450	10.70	52.00
58452	10.50	52.00
58454	10.60	52.00
58457	10.40	52.00
58459	65.70	334.00
58461	10.30	52.00
58464	10.50	52.00
58466	10.40	52.00
58468	10.20	52.00
58470	64.80	56.00
58473	10.40	52.00
58475	10.70	52.00
58477	10.30	56.00
58480	10.40	62.00
58482	9.90	50.00
58484	10.40	52.00
58486	10.60	52.00
58489	10.20	52.00
58491	12.40	62.00
58493	10.40	52.00
58496	10.30	52.00
58498	10.50	52.00
58500	10.40	52.00
58503	12.90	322.00
58505	10.70	52.00
58507	10.50	52.00
58509	10.20	52.00
58512	10.40	52.00
58514	61.90	314.00
58516	10.60	52.00
58519	10.40	52.00
58521	10.40	52.00
58523	10.40	52.00
58525	61.00	308.00
58528	10.30	56.00
58530	10.70	52.00
58532	10.50	52.00
58535	10.50	86.00
58537	58.40	52.00
58539	10.50	52.00
58541	10.60	52.00
58544	10.10	52.00
58546	18.00	92.00
58548	10.50	52.00
58551	10.50	52.00
58553	10.40	52.00
58555	10.30	52.00
58558	19.30	98.00
58560	10.60	56.00
58562	10.20	52.00
58564	10.60	52.00
58567	10.50	56.00
58569	51.40	258.00
58571	10.60	52.00
58574	10.50	52.00
58576	10.30	52.00
58578	10.60	52.00
58580	49.70	252.00
58583	10.70	56.00
58585	10.50	52.00
58587	10.20	56.00
58590	10.20	114.00
58592	47.20	52.00
58594	10.20	52.00
58596	10.50	52.00
58599	10.40	52.00
58601	28.80	144.00
58603	10.50	52.00
58606	10.30	52.00
58608	10.50	52.00
58610	10.50	52.00
58613	31.00	158.00
58615	10.70	56.00
58617	10.70	56.00
58619	10.40	56.00
58622	10.50	52.00
58624	35.10	174.00
58626	10.30	52.00
58629	10.60	52.00
58631	10.40	52.00
58633	10.20	52.00
58635	28.40	144.00
58638	10.60	52.00
58640	10.50	52.00
58642	10.20	52.00
58645	10.40	52.00
58647	24.90	56.00
58649	10.50	52.00
58651	10.60	52.00
58654	10.50	52.00
58656	10.40	222.00
58658	10.20	52.00
58661	10.50	52.00
58663	10.60	52.00
58665	10.40	52.00
58668	46.60	236.00
58670	10.80	56.00
58672	10.60	52.00
58674	10.60	52.00
58677	10.40	52.00
58679	48.50	92.00
58681	10.40	52.00
58684	10.50	52.00
58686	10.40	52.00
58688	10.20	52.00
58690	17.90	92.00
58693	10.30	52.00
58695	10.40	52.00
58697	10.50	52.00
58700	10.40	52.00
58702	16.40	82.00
58704	10.40	52.00
58706	10.60	52.00
58709	10.60	52.00
58711	10.60	278.00
58713	16.20	52.00
58716	10.50	52.00
58718	10.40	52.00
58720	10.60	52.00
58723	56.60	286.00
58725	10.50	52.00
58727	10.50	52.00
58729	10.70	56.00
58732	10.40	52.00
58734	58.80	68.00
58736	10.60	52.00
58739	10.40	52.00
58741	10.20	52.00
58743	10.50	52.00
58745	12.30	62.00
58748	10.50	52.00
58750	10.50	52.00
58752	10.50	52.00
58755	10.40	52.00
58757	11.60	58.00
58759	10.40	52.00
58761	10.50	56.00
58764	10.60	52.00
58766	10.20	328.00
58768	10.50	52.00
58771	10.40	52.00
58773	10.40	52.00
58775	10.40	52.00
58778	66.30	334.00
58780	10.50	52.00
58782	10.50	52.00
58784	10.40	52.00
58787	10.40	52.00
58789	64.90	328.00
58791	10.50	52.00
58794	10.30	52.00
58796	10.50	52.00
58798	10.60	56.00
58800	65.60	52.00
58803	10.40	52.00
58805	10.40	52.00
58807	10.40	52.00
58810	10.50	52.00
58812	10.40	52.00
58814	10.20	52.00
58816	10.60	52.00
58819	10.50	52.00
58821	10.90	340.00
58823	10.20	52.00
58826	10.60	52.00
58828	10.40	52.00
58830	10.50	52.00
58833	67.30	340.00
58835	10.20	52.00
58837	10.30	52.00
58839	10.40	52.00
58842	10.30	52.00
58844	67.10	340.00
58846	10.60	52.00
58849	10.60	56.00
58851	10.60	52.00
58853	10.40	62.00
58855	63.90	56.00
58858	10.30	52.00
58860	10.20	52.00
58862	10.70	56.00
58865	12.10	62.00
58867	10.70	56.00
58869	10.60	52.00
58871	10.30	52.00
58874	10.60	52.00
58876	12.40	62.00
58878	10.40	52.00
58881	10.40	52.00
58883	10.50	52.00
58885	10.20	52.00
58888	12.70	302.00
58890	10.30	52.00
58892	10.40	52.00
58894	10.40	52.00
58897	10.60	52.00
58899	55.60	282.00
58901	10.70	56.00
58904	10.70	56.00
58906	10.40	52.00
58908	10.30	72.00
58910	55.20	52.00
58913	10.60	52.00
58915	10.50	52.00
58917	10.60	52.00
58920	16.40	82.00
58922	10.30	52.00
58924	10.30	52.00
58926	10.50	52.00
58929	10.10	52.00
58931	17.10	86.00
58933	10.50	52.00
58936	10.40	52.00
58938	10.40	52.00
58940	10.20	52.00
58943	18.70	246.00
58945	10.20	52.00
58947	10.40	52.00
58949	10.40	52.00
58952	10.50	52.00
58954	46.80	236.00
58956	10.60	52.00
58959	10.30	52.00
58961	10.60	52.00
58963	10.60	52.00
58965	43.20	52.00
58968	10.70	52.00
58970	10.60	52.00
58972	10.40	52.00
58975	10.50	114.00
58977	10.30	52.00
58979	10.50	52.00
58981	10.20	52.00
58984	10.30	52.00
58986	27.10	138.00
58988	10.60	52.00
58991	10.50	52.00
58993	10.50	52.00
58995	10.50	52.00
58998	31.90	158.00
59000	10.50	56.00
59002	10.30	52.00
59004	10.70	52.00
59007	10.50	52.00
59009	25.90	132.00
59011	10.50	52.00
59014	10.30	52.00
59016	10.40	52.00
59018	10.30	52.00
59020	23.20	118.00
59023	10.60	52.00
59025	10.20	52.00
59027	10.20	52.00
59030	10.10	206.00
59032	21.50	52.00
59034	10.60	52.00
59036	10.50	52.00
59039	10.60	52.00
59041	44.30	222.00
59043	10.20	52.00
59046	10.30	52.00
59048	10.40	52.00
59050	10.40	52.00
59053	46.00	232.00
59055	10.40	52.00
59057	10.80	52.00
59059	10.50	52.00
59062	10.50	52.00
59064	18.40	92.00
59066	10.50	52.00
59069	10.50	52.00
59071	10.50	52.00
59073	10.30	52.00
59075	17.10	86.00
59078	10.50	52.00
59080	10.50	52.00
59082	10.30	52.00
59085	10.50	268.00
59087	16.60	52.00
59089	10.40	52.00
59091	10.60	52.00
59094	10.60	52.00
59096	55.00	278.00
59098	10.50	52.00
59101	10.20	52.00
59103	10.50	52.00
59105	10.50	52.00
59108	57.80	292.00
59110	10.60	52.00
59112	10.50	52.00
59114	10.60	52.00
59117	10.50	56.00
59119	58.30	68.00
59121	10.20	52.00
59124	10.60	52.00
59126	10.60	52.00
59128	10.50	52.00
59130	12.90	66.00
59133	10.50	52.00
59135	10.40	52.00
59137	10.40	52.00
59140	10.60	52.00
59142	11.00	52.00
59144	10.60	52.00
59146	10.50	52.00
59149	10.50	52.00
59151	10.40	334.00
59153	10.20	52.00
59156	10.50	52.00
59158	10.40	52.00
59160	10.50	52.00
59163	66.00	334.00
59165	10.40	52.00
59167	10.40	52.00
59169	10.40	52.00
59172	10.50	52.00
59174	65.00	52.00
59176	10.40	52.00
59179	10.40	52.00
59181	10.00	50.00
59183	10.40	52.00
59185	10.10	52.00
59188	10.30	52.00
59190	10.40	52.00
59192	10.60	52.00
59195	10.80	56.00
59197	10.30	52.00
59199	10.40	52.00
59201	10.40	52.00
59204	10.40	52.00
59206	11.20	344.00
59208	10.40	56.00
59211	10.40	52.00
59213	10.50	52.00
59215	10.50	52.00
59218	68.40	348.00
59220	10.50	52.00
59222	10.30	52.00
59224	10.30	52.00
59227	10.20	52.00
59229	65.20	56.00
59231	10.40	56.00
59234	10.50	56.00
59236	10.30	52.00
59238	12.00	62.00
59240	10.80	56.00
59243	10.20	52.00
59245	10.50	52.00
59247	10.60	52.00
59250	12.60	62.00
59252	10.40	52.00
59254	10.50	52.00
59256	10.50	52.00
59259	10.40	52.00
59261	12.60	302.00
59263	10.60	56.00
59266	10.40	52.00
59268	10.60	52.00
59270	10.50	52.00
59273	57.00	288.00
59275	10.40	52.00
59277	10.40	52.00
59279	10.40	52.00
59282	10.60	52.00
59284	55.70	282.00
59286	10.40	52.00
59289	10.50	52.00
59291	10.80	52.00
59293	10.30	78.00
59295	52.90	52.00
59298	10.30	52.00
59300	10.50	52.00
59302	10.50	52.00
59305	16.70	86.00
59307	10.40	52.00
59309	10.30	52.00
59311	10.60	52.00
59314	10.50	52.00
59316	18.20	250.00
59318	10.60	52.00
59321	10.40	52.00
59323	10.70	52.00
59325	10.50	52.00
59328	47.50	242.00
59330	10.30	52.00
59332	10.60	52.00
59334	10.50	52.00
59337	10.40	52.00
59339	44.30	226.00
59341	10.40	52.00
59344	10.20	56.00
59346	10.30	52.00
59348	10.60	108.00
59350	43.30	52.00
59353	10.60	52.00
59355	10.50	52.00
59357	10.50	52.00
59360	24.30	122.00
59362	10.30	52.00
59364	10.50	52.00
59366	10.20	52.00
59369	10.40	52.00
59371	29.20	148.00
59373	10.50	52.00
59376	10.60	52.00
59378	10.40	52.00
59380	10.30	52.00
59383	33.90	134.00
59385	10.30	52.00
59387	10.40	52.00
59389	10.60	52.00
59392	10.70	56.00
59394	24.20	122.00
59396	10.40	52.00
59399	10.20	52.00
59401	10.60	52.00
59403	10.50	196.00
59405	21.60	52.00
59408	10.30	52.00
59410	10.40	52.00
59412	10.70	52.00
59415	43.00	216.00
59417	10.50	52.00
59419	10.60	52.00
59421	10.60	52.00
59424	10.50	52.00
59426	45.40	230.00
59428	10.30	52.00
59431	10.40	52.00
59433	10.30	52.00
59435	10.70	52.00
59438	48.80	96.00
59440	10.30	52.00
59442	10.70	52.00
59444	10.60	52.00
59447	10.50	52.00
59449	17.40	88.00
59451	10.20	52.00
59454	10.80	56.00
59456	10.50	52.00
59458	10.30	52.00
59460	17.30	52.00
59463	10.40	52.00
59465	10.40	52.00
59467	10.50	56.00
59470	10.80	276.00
59472	10.40	52.00
59474	10.70	56.00
59476	10.30	52.00
59479	10.40	52.00
59481	56.10	282.00
59483	10.40	52.00
59486	10.20	52.00
59488	10.40	52.00
59490	10.50	52.00
59493	57.30	66.00
59495	10.30	52.00
59497	10.50	52.00
59499	10.60	52.00
59502	10.40	52.00
59504	12.80	66.00
59506	10.30	52.00
59509	10.60	52.00
59511	10.40	52.00
59513	10.20	52.00
59515	11.40	58.00
59518	10.70	56.00
59520	10.50	52.00
59522	10.50	52.00
59525	10.20	322.00
59527	11.00	52.00
59529	10.40	52.00
59531	10.80	56.00
59534	10.50	52.00
59536	65.50	330.00
59538	10.00	50.00
59541	10.00	50.00
59543	10.40	52.00
59545	10.40	52.00
59548	66.00	334.00
59550	10.60	52.00
59552	10.50	52.00
59554	10.60	52.00
59557	10.50	52.00
59559	10.30	52.00
59561	10.50	52.00
59564	10.20	52.00
59566	10.50	52.00
59568	10.50	52.00
59570	10.00	50.00
59573	10.80	56.00
59575	10.30	52.00
59577	10.80	52.00
59580	10.60	340.00
59582	10.60	52.00
59584	10.60	52.00
59586	10.40	52.00
59589	10.70	56.00
59591	68.00	344.00
59593	10.40	52.00
59596	10.60	52.00
59598	10.40	52.00
59600	10.40	52.00
59603	66.80	338.00
59605	10.50	52.00
59607	10.20	52.00
59609	10.60	52.00
59612	10.30	58.00
59614	65.50	56.00
59616	10.50	52.00
59619	10.50	52.00
59621	10.60	52.00
59623	12.10	62.00
59625	10.40	52.00
59628	10.70	56.00
59630	10.50	52.00
59632	10.50	52.00
59635	12.80	66.00
59637	10.50	52.00
59639	10.10	52.00
59641	10.40	52.00
59644	10.30	52.00
59646	12.60	298.00
59648	10.50	52.00
59651	10.50	52.00
59653	10.30	52.00
59655	10.60	52.00
59658	57.00	288.00
59660	10.50	52.00
59662	10.40	52.00
59664	10.60	52.00
59667	10.50	76.00
59669	55.00	52.00
59671	10.30	52.00
59674	10.60	52.00
59676	10.40	52.00
59678	15.90	78.00
59680	10.40	52.00
59683	10.40	52.00
59685	10.50	52.00
59687	10.50	52.00
59690	17.60	88.00
59692	10.50	52.00
59694	10.10	52.00
59696	10.40	52.00
59699	10.40	52.00
59701	19.20	242.00
59703	10.60	52.00
59706	10.20	52.00
59708	10.70	56.00
59710	10.30	52.00
59713	45.40	230.00
59715	10.50	52.00
59717	10.60	52.00
59719	10.40	52.00
59722	10.30	52.00
59724	42.80	52.00
59726	10.50	52.00
59729	10.20	52.00
59731	10.50	52.00
59733	24.40	124.00
59735	10.40	52.00
59738	10.80	56.00
59740	10.10	52.00
59742	10.50	52.00
59745	28.10	140.00
59747	10.40	52.00
59749	10.60	52.00
59751	10.20	52.00
59754	10.50	52.00
59756	33.40	144.00
59758	10.60	52.00
59761	10.20	52.00
59763	10.40	52.00
59765	10.60	52.00
59768	23.80	122.00
59770	10.70	56.00
59772	10.50	52.00
59774	10.50	52.00
59777	10.50	52.00
59779	22.00	112.00
59781	10.60	52.00
59784	10.70	52.00
59786	10.40	52.00
59788	10.60	212.00
59790	21.40	52.00
59793	10.50	52.00
59795	10.50	52.00
59797	10.40	52.00
59800	44.20	222.00
59802	10.60	52.00
59804	10.50	52.00
59806	10.50	52.00
59809	10.20	52.00
59811	48.40	98.00
59813	10.10	52.00
59816	10.10	52.00
59818	10.40	52.00
59820	10.40	56.00
59823	17.80	92.00
59825	10.30	52.00
59827	10.40	52.00
59829	10.70	56.00
59832	10.60	52.00
59834	17.00	86.00
59836	10.30	52.00
59839	10.40	52.00
59841	10.40	52.00
59843	10.50	276.00
59845	16.00	52.00
59848	10.40	52.00
59850	10.70	56.00
59852	10.70	56.00
59855	56.20	286.00
59857	10.40	52.00
59859	10.40	52.00
59861	10.40	52.00
59864	10.20	52.00
59866	57.50	292.00
59868	10.50	52.00
59871	10.50	52.00
59873	10.40	52.00
59875	10.50	52.00
59878	60.00	66.00
59880	10.40	52.00
59882	10.30	52.00
59884	10.40	52.00
59887	10.50	52.00
59889	11.70	58.00
59891	10.60	52.00
59894	10.20	52.00
59896	10.50	52.00
59898	10.50	322.00
59900	10.30	52.00
59903	10.60	52.00
59905	10.60	52.00
59907	10.40	52.00
59910	66.10	334.00
59912	10.10	52.00
59914	10.40	52.00
59916	10.50	52.00
59919	10.40	52.00
59921	66.60	338.00
59923	10.30	52.00
59926	10.30	52.00
59928	10.50	52.00
59930	10.40	52.00
59933	65.20	52.00
59935	10.50	52.00
59937	10.70	52.00
59939	10.50	52.00
59942	10.60	52.00
59944	10.10	52.00
59946	10.40	52.00
59949	10.30	52.00
59951	10.60	52.00
59953	11.00	56.00
59955	10.60	52.00
59958	10.40	52.00
59960	10.30	52.00
59962	10.60	52.00
59965	11.30	344.00
59967	10.40	52.00
59969	10.30	52.00
59971	10.60	52.00
59974	10.40	52.00
59976	66.20	334.00
59978	10.40	52.00
59981	10.50	52.00
59983	10.10	52.00
59985	10.40	62.00
59988	64.40	52.00
59990	10.30	52.00
59992	10.30	52.00
59994	10.30	52.00
59997	12.20	62.00
59999	11.10	56.00
60001	10.60	52.00
60004	10.40	52.00
60006	10.40	52.00
60008	12.70	66.00
60010	10.60	52.00
60013	10.40	52.00
60015	10.40	52.00
60017	10.40	56.00
60020	12.50	294.00
60022	10.20	52.00
60024	10.60	52.00
60026	10.70	56.00
60029	10.50	52.00
60031	55.40	282.00
60033	10.60	52.00
60036	10.40	52.00
60038	10.40	52.00
60040	10.50	52.00
60043	53.80	272.00
60045	10.50	52.00
60047	10.40	52.00
60049	10.60	52.00
60052	10.40	86.00
60054	10.70	56.00
60056	10.40	52.00
60059	10.40	52.00
60061	10.60	52.00
60063	17.90	92.00
60065	10.60	52.00
60068	10.30	52.00
60070	10.60	52.00
60072	10.40	52.00
60075	18.90	246.00
60077	10.40	52.00
60079	10.40	52.00
60081	10.50	52.00
60084	10.40	52.00
60086	46.00	232.00
60088	10.40	52.00
60091	10.70	56.00
60093	10.40	52.00
60095	10.40	52.00
60098	43.20	220.00
60100	10.40	52.00
60102	10.50	52.00
60104	10.40	52.00
60107	10.60	114.00
60109	39.60	52.00
60111	10.30	52.00
60114	10.40	52.00
60116	10.60	52.00
60118	27.70	140.00
60120	10.80	56.00
60123	10.20	52.00
60125	10.40	52.00
60127	10.50	52.00
60130	31.00	158.00
60132	10.40	52.00
60134	10.70	52.00
60136	10.50	52.00
60139	10.20	52.00
60141	35.10	134.00
60143	10.70	56.00
60146	10.40	52.00
60148	10.50	52.00
60150	10.30	52.00
60153	22.70	114.00
60155	10.40	52.00
60157	10.40	52.00
60159	10.50	52.00
60162	10.50	204.00
60164	21.70	52.00
60166	10.40	52.00
60169	10.00	52.00
60171	10.50	52.00
60173	44.60	226.00
60175	10.80	56.00
60178	10.50	52.00
60180	10.60	52.00
60182	10.40	52.00
60185	47.60	240.00
60187	10.40	52.00
60189	10.50	52.00
60191	10.60	52.00
60194	10.50	52.00
60196	49.50	92.00
60198	10.30	52.00
60201	10.20	52.00
60203	10.60	52.00
60205	10.50	52.00
60208	17.50	88.00
60210	10.50	52.00
60212	10.20	52.00
60214	10.40	52.00
60217	10.50	52.00
60219	16.30	52.00
60221	10.40	52.00
60224	10.20	52.00
60226	10.40	52.00
60228	55.60	282.00
60230	10.70	56.00
60233	10.50	52.00
60235	10.60	52.00
60237	10.60	52.00
60240	57.90	292.00
60242	10.70	56.00
60244	10.10	52.00
60246	10.60	52.00
60249	10.60	52.00
60251	60.30	66.00
60253	10.50	52.00
60256	10.60	52.00
60258	10.70	56.00
60260	10.40	52.00
60263	11.70	58.00
60265	10.20	52.00
60267	10.70	56.00
60269	10.10	52.00
60272	10.70	56.00
60274	10.40	52.00
60276	10.30	52.00
60279	10.70	52.00
60281	10.60	52.00
60283	10.60	334.00
60285	9.80	52.00
60288	10.20	52.00
60290	10.60	52.00
60292	10.10	52.00
60295	65.50	330.00
60297	10.40	52.00
60299	10.50	52.00
60301	10.40	52.00
60304	10.20	52.00
60306	65.30	52.00
60308	10.60	52.00
60311	10.50	56.00
60313	10.40	56.00
60315	10.10	56.00
60318	10.40	52.00
60320	10.60	52.00
60322	10.60	52.00
60324	10.40	52.00
60327	11.10	56.00
60329	10.50	52.00
60331	10.50	52.00
60334	10.40	52.00
60336	10.20	56.00
60338	11.40	344.00
60340	10.40	52.00
60343	10.40	52.00
60345	10.40	52.00
60347	10.30	52.00
60350	65.20	330.00
60352	10.60	52.00
60354	10.70	56.00
60356	10.40	52.00
60359	10.10	52.00
60361	63.60	322.00
60363	10.50	52.00
60366	10.40	52.00
60368	10.30	50.00
60370	10.60	62.00
60373	61.60	56.00
60375	10.50	52.00
60377	10.80	56.00
60379	10.30	52.00
60382	12.80	66.00
60384	10.50	52.00
60386	10.40	52.00
60389	10.10	52.00
60391	10.50	52.00
60393	13.20	288.00
60395	10.40	52.00
60398	10.50	52.00
60400	10.20	52.00
60402	10.40	52.00
60405	55.30	282.00
60407	10.20	52.00
60409	10.40	52.00
60411	10.40	52.00
60414	10.40	52.00
60416	53.20	268.00
60418	10.20	52.00
60421	10.50	52.00
60423	10.60	52.00
60425	10.50	88.00
60428	51.10	56.00
60430	10.60	52.00
60432	10.40	52.00
60434	10.50	52.00
60437	18.00	92.00
60439	10.10	52.00
60441	10.30	52.00
60444	10.50	52.00
60446	10.50	52.00
60448	19.60	98.00
60450	10.60	52.00
60453	10.20	52.00
60455	10.60	52.00
60457	10.50	52.00
60460	21.10	226.00
60462	10.40	52.00
60464	10.20	52.00
60466	10.50	52.00
60469	10.20	52.00
60471	41.30	210.00
60473	10.60	52.00
60476	10.50	52.00
60478	10.20	52.00
60480	10.30	124.00
60483	37.80	52.00
60485	10.50	52.00
60487	10.30	52.00
60489	10.40	56.00
60492	27.80	140.00
60494	10.40	52.00
60496	10.20	52.00
60499	10.40	52.00
60501	10.60	52.00
60503	32.70	164.00
60505	10.30	52.00
60508	10.50	52.00
60510	10.60	52.00
60512	10.40	56.00
60515	34.80	134.00
60517	10.40	52.00
60519	10.50	52.00
60521	10.60	52.00
60524	10.40	52.00
60526	22.60	114.00
60528	10.40	52.00
60531	10.20	52.00
60533	10.30	52.00
60535	10.10	52.00
60538	21.60	108.00
60540	10.50	52.00
60542	10.50	52.00
60544	10.50	52.00
60547	10.00	226.00
60549	10.40	52.00
60551	10.40	52.00
60554	10.70	56.00
60556	10.50	52.00
60558	47.20	240.00
60560	10.50	52.00
60563	10.50	52.00
60565	10.40	52.00
60567	10.40	52.00
60570	49.80	92.00
60572	10.50	52.00
60574	10.70	52.00
60576	10.60	52.00
60579	10.40	52.00
60581	17.60	88.00
60583	10.60	52.00
60586	10.00	50.00
60588	10.70	56.00
60590	10.50	52.00
60593	16.70	86.00
60595	10.30	52.00
60597	10.60	52.00
60599	10.30	52.00
60602	10.50	278.00
60604	15.60	52.00
60606	10.40	52.00
60609	10.60	52.00
60611	10.40	52.00
60613	57.40	288.00
60615	10.40	52.00
60618	10.70	56.00
60620	10.40	52.00
60622	10.50	52.00
60625	59.70	302.00
60627	10.20	52.00
60629	10.30	50.00
60631	10.60	52.00
60634	10.50	52.00
60636	61.20	58.00
60638	10.70	56.00
60641	10.40	52.00
60643	10.00	50.00
60645	10.50	52.00
60648	10.80	56.00
60650	10.40	52.00
60652	10.60	52.00
60654	10.60	52.00
60657	10.30	334.00
60659	10.50	52.00
60661	10.50	52.00
60664	10.40	52.00
60666	10.40	52.00
60668	65.40	330.00
60670	10.60	52.00
60673	10.20	52.00
60675	10.10	52.00
60677	10.30	52.00
60680	66.20	334.00
60682	10.30	52.00
60684	10.70	52.00
60686	10.40	52.00
60689	10.40	56.00
60691	64.80	52.00
60693	10.20	52.00
60696	10.40	52.00
60698	10.50	52.00
60700	10.70	56.00
60703	10.20	52.00
60705	10.20	52.00
60707	10.40	52.00
60709	10.50	52.00
60712	10.80	56.00
60714	10.50	52.00
60716	10.50	52.00
60719	10.40	52.00
60721	10.70	52.00
60723	67.40	340.00
60725	10.50	52.00
60728	10.60	52.00
60730	10.60	52.00
60732	10.20	52.00
60735	65.30	330.00
60737	10.60	52.00
60739	10.40	52.00
60741	10.50	52.00
60744	10.40	62.00
60746	63.30	52.00
60748	10.40	52.00
60751	10.20	52.00
60753	10.50	52.00
60755	12.30	62.00
60758	10.40	52.00
60760	10.10	52.00
60762	10.40	52.00
60764	10.50	52.00
60767	12.50	62.00
60769	10.40	52.00
60771	10.70	52.00
60774	10.20	52.00
60776	10.40	52.00
60778	13.10	294.00
60780	10.20	52.00
60783	10.50	52.00
60785	10.60	52.00
60787	10.50	52.00
60790	55.10	278.00
60792	10.40	52.00
60794	10.40	52.00
60796	10.40	52.00
60799	10.50	52.00
60801	53.40	52.00
60803	10.50	52.00
60806	10.20	52.00
60808	10.50	52.00
60810	10.30	86.00
60813	10.70	56.00
60815	10.60	52.00
60817	10.50	52.00
60819	10.40	52.00
60822	18.60	96.00
60824	10.60	52.00
60826	10.50	52.00
60829	10.60	52.00
60831	10.20	52.00
60833	19.80	236.00
60835	10.70	52.00
60838	10.10	52.00
60840	10.40	52.00
60842	10.40	52.00
60845	44.50	226.00
60847	10.60	52.00
60849	10.30	52.00
60851	10.60	52.00
60854	10.50	52.00
60856	42.50	216.00
60858	10.50	52.00
60861	10.20	52.00
60863	10.40	52.00
60865	10.50	124.00
60868	37.50	52.00
60870	10.50	52.00
60872	10.40	52.00
60874	10.30	52.00
60877	29.90	150.00
60879	10.30	52.00
60881	10.60	52.00
60884	10.40	52.00
60886	10.30	52.00
60888	33.40	140.00
60890	10.60	52.00
60893	10.40	52.00
60895	10.50	52.00
60897	10.60	52.00
60900	23.60	122.00
60902	10.50	52.00
60904	10.30	52.00
60906	10.70	56.00
60909	10.20	52.00
60911	22.10	112.00
60913	10.50	52.00
60916	10.70	56.00
60918	10.20	52.00
60920	10.60	216.00
60923	20.90	50.00
60925	10.50	52.00
60927	10.20	52.00
60929	10.70	56.00
60932	46.60	236.00
60934	10.60	52.00
60936	10.70	56.00
60939	10.20	52.00
60941	10.30	52.00
60943	49.40	250.00
60945	10.20	52.00
60948	10.40	52.00
60950	10.10	52.00
60952	10.60	52.00
60955	50.60	92.00
60957	10.30	52.00
60959	10.50	52.00
60961	10.50	52.00
60964	10.50	52.00
60966	16.70	86.00
60968	10.40	52.00
60971	10.60	52.00
60973	10.70	56.00
60975	10.50	278.00
60978	15.60	52.00
60980	10.40	52.00
60982	10.60	52.00
60984	10.40	52.00
60987	57.00	288.00
60989	10.50	52.00
60991	10.60	52.00
60994	10.60	52.00
60996	10.40	52.00
60998	58.50	294.00
61000	10.20	52.00
61003	10.60	52.00
61005	10.50	52.00
61007	10.40	52.00
61010	60.10	62.00
61012	10.50	52.00
61014	10.60	52.00
61016	10.60	52.00
61019	10.30	52.00
61021	11.50	58.00
61023	10.50	52.00
61026	10.30	52.00
61028	10.30	52.00
61030	10.40	52.00
61033	10.90	56.00
61035	10.40	52.00
61037	10.50	52.00
61039	10.60	52.00
61042	10.50	330.00
61044	10.40	52.00
61046	10.30	52.00
61049	10.20	52.00
61051	10.40	52.00
61053	66.50	338.00
61055	10.60	52.00
61058	10.10	52.00
61060	10.40	52.00
61062	10.20	52.00
61065	65.00	52.00
61067	10.30	52.00
61069	10.40	52.00
61071	10.40	52.00
61074	10.20	52.00
61076	10.40	52.00
61078	10.50	52.00
61081	10.50	52.00
61083	10.40	52.00
61085	10.80	56.00
61088	10.10	52.00
61090	10.50	52.00
61092	10.50	52.00
61094	10.40	52.00
61097	11.00	348.00
61099	10.40	52.00
61101	10.50	52.00
61104	10.50	52.00
61106	10.60	52.00
61108	67.50	340.00
61110	10.50	52.00
61113	10.70	56.00
61115	10.10	52.00
61117	10.50	52.00
61120	65.00	328.00
61122	10.50	52.00
61124	10.50	52.00
61126	10.20	52.00
61129	10.60	62.00
61131	63.40	52.00
61133	10.70	56.00
61136	10.60	52.00
61138	10.30	52.00
61140	12.30	62.00
61143	10.50	52.00
61145	10.40	52.00
61147	10.30	52.00
61149	10.60	52.00
61152	12.60	302.00
61154	10.60	52.00
61156	10.10	52.00
61159	10.40	52.00
61161	10.30	52.00
61163	57.70	292.00
61165	10.50	52.00
61168	10.20	52.00
61170	10.80	56.00
61172	10.60	52.00
61175	55.00	278.00
61177	10.40	52.00
61179	10.70	52.00
61181	10.80	52.00
61184	10.40	82.00
61186	53.10	52.00
61188	10.20	52.00
61191	10.40	52.00
61193	10.40	52.00
61195	16.60	86.00
61198	10.50	52.00
61200	10.40	52.00
61202	10.30	52.00
61204	10.20	52.00
61207	17.90	92.00
61209	10.20	52.00
61211	10.40	52.00
61214	10.10	52.00
61216	10.30	52.00
61218	48.30	246.00
61220	10.40	52.00
61223	10.40	52.00
61225	10.30	52.00
61227	10.60	52.00
61230	46.20	236.00
61232	10.40	52.00
61234	10.60	52.00
61236	10.10	52.00
61239	10.40	108.00
61241	43.20	52.00
61243	10.40	52.00
61246	10.80	52.00
61248	10.40	52.00
61250	23.00	114.00
61253	10.50	52.00
61255	10.30	52.00
61257	10.40	52.00
61259	10.40	52.00
61262	27.20	138.00
61264	10.50	52.00
61266	10.40	52.00
61269	10.30	52.00
61271	10.50	56.00
61273	31.60	158.00
61275	10.60	52.00
61278	10.40	52.00
61280	10.50	52.00
61282	10.50	52.00
61285	27.50	140.00
61287	10.20	52.00
61289	10.40	52.00
61291	10.50	52.00
61294	10.60	52.00
61296	22.70	52.00
61298	10.70	52.00
61301	10.70	52.00
61303	10.60	52.00
61305	10.40	200.00
61308	10.30	52.00
61310	10.40	52.00
61312	10.70	56.00
61314	10.40	52.00
61317	43.40	220.00
61319	10.60	52.00
61321	10.30	52.00
61324	10.50	52.00
61326	10.40	52.00
61328	46.90	102.00
61330	10.60	52.00
61333	10.40	52.00
61335	10.30	52.00
61337	10.50	52.00
61340	18.70	96.00
61342	10.50	52.00
61344	10.40	52.00
61346	10.50	52.00
61349	10.30	52.00
61351	17.60	88.00
61353	10.60	52.00
61356	10.30	52.00
61358	10.60	52.00
61360	10.50	268.00
61363	16.60	52.00
61365	10.40	52.00
61367	10.20	52.00
61369	10.60	52.00
61372	55.50	278.00
61374	10.30	52.00
61376	10.60	52.00
61379	10.60	52.00
61381	10.50	52.00
61383	56.80	72.00
61385	10.50	52.00
61388	10.40	52.00
61390	10.40	52.00
61392	10.60	52.00
61395	13.40	68.00
61397	10.50	52.00
61399	10.40	52.00
61401	10.60	52.00
61404	10.40	52.00
61406	12.30	62.00
61408	10.20	52.00
61411	10.20	52.00
61413	10.20	52.00
61415	10.20	314.00
61418	11.50	52.00
61420	10.60	52.00
61422	10.40	52.00
61424	10.50	52.00
61427	63.70	322.00
61429	10.40	52.00
61431	10.60	52.00
61434	10.30	52.00
61436	10.40	52.00
61438	65.40	330.00
61440	10.40	52.00
61443	10.40	52.00
61445	10.40	52.00
61447	10.40	52.00
61450	65.70	50.00
61452	10.50	52.00
61454	10.80	56.00
61456	10.70	56.00
61459	10.50	52.00
61461	10.00	50.00
61463	10.20	52.00
61466	10.20	52.00
61468	10.50	52.00
61470	10.60	334.00
61473	10.30	92.00
61475	11.70	52.00
61477	10.40	52.00
61479	10.40	52.00
61482	66.90	338.00
61484	10.30	52.00
61486	10.40	52.00
61489	10.30	52.00
61491	10.30	52.00
61493	68.20	344.00
61495	10.50	52.00
61498	10.40	52.00
61500	10.50	52.00
61502	10.40	58.00
61505	67.70	52.00
61507	10.40	52.00
61509	10.20	56.00
61511	10.60	52.00
61514	12.00	62.00
61516	10.50	52.00
61518	10.40	52.00
61521	10.40	52.00
61523	10.20	52.00
61525	12.20	62.00
61528	10.90	56.00
61530	10.70	52.00
61532	10.50	56.00
61534	10.10	52.00
61537	12.20	308.00
61539	10.50	52.00
61541	10.30	52.00
61544	10.20	52.00
61546	10.50	52.00
61548	58.30	294.00
61550	10.40	52.00
61553	10.60	52.00
61555	10.60	52.00
61557	10.50	68.00
61560	55.90	52.00
61562	10.40	52.00
61564	10.60	56.00
61566	10.30	52.00
61569	15.70	78.00
61571	10.30	52.00
61573	10.60	52.00
61576	10.50	52.00
61578	10.10	52.00
61580	17.20	88.00
61583	10.20	52.00
61585	10.50	52.00
61587	10.40	52.00
61589	10.40	52.00
61592	18.00	250.00
61594	10.50	52.00
61596	10.50	52.00
61599	10.20	52.00
61601	10.50	52.00
61603	47.10	240.00
61605	10.10	52.00
61608	10.50	52.00
61610	10.30	52.00
61612	10.30	52.00
61615	44.90	226.00
61617	10.70	52.00
61619	10.40	52.00
61621	10.40	52.00
61624	10.40	112.00
61626	41.80	52.00
61628	10.50	52.00
61631	10.40	52.00
61633	10.60	52.00
61635	26.50	134.00
61638	10.40	52.00
61640	10.20	52.00
61642	10.40	52.00
61644	10.50	52.00
61647	31.00	154.00
61649	10.40	52.00
61651	10.50	52.00
61654	10.70	56.00
61656	10.30	52.00
61658	26.90	138.00
61660	10.60	52.00
61663	10.50	52.00
61665	10.40	52.00
61667	10.40	52.00
61670	23.10	118.00
61672	10.30	52.00
61674	10.60	52.00
61676	10.80	52.00
61679	10.70	200.00
61681	21.90	52.00
61683	10.60	52.00
61686	10.20	52.00
61688	10.40	52.00
61690	43.50	220.00
61693	10.60	52.00
61695	10.30	52.00
61697	10.50	52.00
61699	10.20	52.00
61702	44.70	226.00
61704	10.30	52.00
61706	10.50	52.00
61709	10.20	52.00
61711	10.60	52.00
61713	47.40	98.00
61715	10.60	52.00
61718	10.50	52.00
61720	10.70	56.00
61722	10.60	52.00
61725	17.90	92.00
61727	10.50	52.00
61729	10.20	52.00
61731	10.40	52.00
61734	10.60	268.00
61736	16.70	52.00
61738	10.60	52.00
61741	10.40	52.00
61743	10.50	52.00
61745	54.80	276.00
61748	10.50	52.00
61750	10.70	56.00
61752	10.20	52.00
61754	10.50	52.00
61757	56.80	288.00
61759	10.70	56.00
61761	10.40	52.00
61764	10.30	52.00
61766	10.30	52.00
61768	58.90	68.00
61770	10.50	52.00
61773	10.50	52.00
61775	10.40	52.00
61777	10.50	52.00
61780	12.20	62.00
61782	10.60	52.00
61784	10.60	52.00
61786	10.60	52.00
61789	10.40	52.00
61791	11.40	52.00
61793	10.50	52.00
61796	10.50	52.00
61798	10.60	52.00
61800	10.60	324.00
61803	10.30	52.00
61805	10.50	52.00
61807	10.70	56.00
61809	10.30	52.00
61812	65.90	334.00
61814	10.40	52.00
61816	10.50	52.00
61819	10.20	52.00
61821	10.30	52.00
61823	66.60	52.00
61825	10.30	52.00
61828	10.50	52.00
61830	10.20	52.00
61832	10.40	52.00
61835	10.00	50.00
61837	10.40	52.00
61839	10.30	52.00
61841	10.50	52.00
61844	10.30	52.00
61846	10.20	52.00
61848	10.40	52.00
61851	10.60	52.00
61853	10.70	52.00
61855	10.60	340.00
61858	10.50	52.00
61860	10.60	52.00
61862	10.40	52.00
61864	10.40	52.00
61867	67.80	344.00
61869	10.20	52.00
61871	10.50	52.00
61874	10.40	52.00
61876	10.70	56.00
61878	67.60	52.00
61880	10.40	52.00
61883	10.60	52.00
61885	10.40	52.00
61887	10.60	58.00
61890	10.60	52.00
61892	10.60	52.00
61894	10.50	52.00
61896	10.50	52.00
61899	11.90	58.00
61901	10.60	52.00
61903	10.50	52.00
61906	10.10	52.00
61908	10.60	52.00
61910	12.30	304.00
61913	10.80	52.00
61915	10.80	56.00
61917	10.60	52.00
61919	10.50	52.00
61922	58.00	294.00
61924	10.20	52.00
61926	10.60	52.00
61929	10.50	52.00
61931	10.50	52.00
61933	53.20	268.00
61935	10.40	52.00
61938	10.50	52.00
61940	10.70	52.00
61942	10.20	86.00
61945	52.30	52.00
61947	10.50	52.00
61949	10.30	52.00
61951	10.40	52.00
61954	18.00	92.00
61956	10.40	52.00
61958	10.10	52.00
61961	10.40	52.00
61963	10.40	52.00
61965	19.20	240.00
61968	10.60	52.00
61970	10.50	52.00
61972	10.50	52.00
61974	10.40	52.00
61977	46.10	232.00
61979	10.60	52.00
61981	10.60	52.00
61984	10.30	52.00
61986	10.40	52.00
61988	43.50	220.00
61990	10.50	52.00
61993	10.50	52.00
61995	10.40	52.00
61997	10.60	114.00
62000	39.40	52.00
62002	10.20	52.00
62004	10.40	56.00
62006	10.40	52.00
62009	28.90	144.00
62011	10.10	52.00
62013	10.60	52.00
62016	10.70	56.00
62018	10.40	52.00
62020	33.10	168.00
62023	10.40	52.00
62025	10.40	52.00
62027	10.30	52.00
62029	10.40	50.00
62032	35.40	128.00
62034	10.60	52.00
62036	10.40	52.00
62039	10.30	52.00
62041	10.40	52.00
62043	22.80	114.00
62045	10.30	52.00
62048	10.40	52.00
62050	10.20	52.00
62052	10.40	204.00
62055	21.70	52.00
62057	10.50	52.00
62059	10.60	52.00
62061	10.40	52.00
62064	43.60	220.00
62066	10.40	52.00
62068	10.40	52.00
62071	10.50	52.00
62073	10.40	52.00
62075	47.10	240.00
62078	10.20	52.00
62080	10.60	52.00
62082	10.60	52.00
62084	10.50	52.00
62087	50.60	92.00
62089	10.50	52.00
62091	10.30	52.00
62094	10.60	52.00
62096	10.20	52.00
62098	17.40	88.00
62100	10.20	52.00
62103	10.60	52.00
62105	10.60	52.00
62107	10.40	52.00
62110	16.30	82.00
62112	10.40	52.00
62114	10.40	52.00
62116	10.70	52.00
62119	10.20	286.00
62121	15.30	52.00
62123	10.40	52.00
62126	10.60	52.00
62128	10.60	52.00
62130	58.10	294.00
62133	10.20	52.00
62135	10.60	52.00
62137	10.80	56.00
62139	10.60	52.00
62142	59.40	66.00
62144	10.50	52.00
62146	10.50	52.00
62149	10.30	52.00
62151	10.60	52.00
62153	12.00	62.00
62155	10.50	52.00
62158	10.40	52.00
62160	10.40	52.00
62162	10.30	52.00
62165	10.50	52.00
62167	10.60	52.00
62169	10.50	52.00
62171	10.30	52.00
62174	10.30	330.00
62176	9.90	52.00
62178	10.10	52.00
62181	10.50	52.00
62183	10.50	52.00
62185	65.50	330.00
62188	10.30	52.00
62190	10.60	52.00
62192	10.60	52.00
62194	10.20	52.00
62197	65.60	330.00
62199	10.70	52.00
62201	10.30	52.00
62204	10.50	52.00
62206	10.20	52.00
62208	65.80	50.00
62210	10.40	52.00
62213	10.50	52.00
62215	10.40	52.00
62217	10.50	52.00
62220	10.50	52.00
62222	10.30	52.00
62224	10.50	52.00
62226	10.70	56.00
62229	11.00	344.00
62231	10.30	52.00
62233	10.40	56.00
62236	10.40	52.00
62238	10.50	52.00
62240	67.60	340.00
62243	10.40	52.00
62245	10.40	52.00
62247	10.40	52.00
62249	10.60	52.00
62252	65.50	330.00
62254	10.60	52.00
62256	10.50	52.00
62259	10.50	52.00
62261	10.40	62.00
62263	63.60	56.00
62265	10.70	52.00
62268	10.40	52.00
62270	10.10	52.00
62272	12.40	62.00
62275	10.50	52.00
62277	10.60	52.00
62279	10.70	56.00
62281	10.10	52.00
62284	12.80	66.00
62286	10.20	52.00
62288	10.60	52.00
62291	10.40	56.00
62293	10.40	52.00
62295	13.70	286.00
62298	10.40	52.00
62300	10.30	52.00
62302	10.60	52.00
62304	10.20	52.00
62307	54.00	276.00
62309	10.60	52.00
62311	10.50	52.00
62314	10.50	52.00
62316	10.60	86.00
62318	51.80	50.00
62320	10.60	52.00
62323	10.20	52.00
62325	10.60	52.00
62327	17.70	88.00
62330	10.60	52.00
62332	10.50	52.00
62334	10.70	56.00
62336	10.60	52.00
62339	18.80	96.00
62341	10.40	52.00
62343	10.30	52.00
62346	10.60	52.00
62348	10.30	52.00
62350	20.20	236.00
62353	10.60	52.00
62355	10.60	52.00
62357	10.50	52.00
62359	10.30	52.00
62362	43.80	222.00
62364	10.10	52.00
62366	10.50	52.00
62369	10.20	52.00
62371	10.70	56.00
62373	40.30	52.00
62375	10.50	52.00
62378	10.70	52.00
62380	10.60	52.00
62382	10.50	128.00
62385	10.30	52.00
62387	10.40	52.00
62389	10.40	52.00
62391	10.30	52.00
62394	30.50	154.00
62396	10.30	52.00
62398	10.10	52.00
62401	10.10	52.00
62403	10.40	52.00
62405	34.10	140.00
62408	10.20	52.00
62410	10.60	52.00
62412	10.30	52.00
62414	10.20	52.00
62417	22.80	114.00
62419	10.40	52.00
62421	10.50	52.00
62424	10.50	52.00
62426	10.50	52.00
62428	21.70	112.00
62430	10.60	52.00
62433	10.70	52.00
62435	10.20	56.00
62437	10.40	222.00
62440	20.80	52.00
62442	10.60	52.00
62444	10.20	52.00
62446	10.50	52.00
62449	46.50	236.00
62451	10.60	52.00
62453	10.50	52.00
62456	10.70	56.00
62458	10.60	52.00
62460	49.20	92.00
62463	10.60	52.00
62465	10.50	52.00
62467	10.40	52.00
62469	10.40	52.00
62472	17.00	86.00
62474	10.50	52.00
62476	10.50	52.00
62479	10.20	52.00
62481	10.20	52.00
62483	16.20	82.00
62485	10.40	52.00
62488	10.40	52.00
62490	10.40	52.00
62492	10.20	286.00
62495	14.80	56.00
62497	10.60	52.00
62499	10.70	52.00
62501	10.60	52.00
62504	57.90	292.00
62506	10.60	52.00
62508	10.20	52.00
62511	10.10	52.00
62513	10.20	52.00
62515	60.20	304.00
62518	10.50	52.00
62520	10.80	52.00
62522	10.50	52.00
62524	10.40	52.00
62527	62.80	58.00
62529	10.60	52.00
62531	10.80	56.00
62534	10.70	56.00
62536	10.20	52.00
62538	10.10	52.00
62540	10.50	52.00
62543	10.50	52.00
62545	10.40	52.00
62547	10.60	338.00
62550	10.10	52.00
62552	10.70	52.00
62554	10.30	52.00
62556	10.60	52.00
62559	65.00	328.00
62561	10.40	52.00
62563	10.40	52.00
62566	10.70	56.00
62568	10.20	52.00
62570	65.30	330.00
62573	10.40	52.00
62575	10.30	52.00
62577	10.40	52.00
62579	10.60	52.00
62582	66.50	50.00
62584	10.40	52.00
62586	10.50	56.00
62589	10.60	52.00
62591	11.00	56.00
62593	10.50	52.00
62595	10.40	52.00
62598	10.40	52.00
62600	10.50	52.00
62602	11.40	58.00
62605	10.70	56.00
62607	10.40	52.00
62609	10.60	52.00
62611	10.50	52.00
62614	12.10	334.00
62616	10.40	52.00
62618	10.40	52.00
62621	10.70	56.00
62623	10.30	52.00
62625	63.50	322.00
62628	10.50	52.00
62630	10.50	52.00
62632	10.60	52.00
62634	10.20	52.00
62637	61.70	56.00
62639	10.40	52.00
62641	10.60	52.00
62644	10.50	52.00
62646	12.40	62.00
62648	10.40	52.00
62650	10.50	52.00
62653	10.60	52.00
62655	10.60	52.00
62657	13.00	66.00
62660	10.40	52.00
62662	10.40	52.00
62664	10.40	52.00
62666	10.60	52.00
62669	14.20	278.00
62671	10.20	52.00
62673	10.60	52.00
62676	10.50	52.00
62678	10.30	52.00
62680	53.90	272.00
62683	10.50	52.00
62685	10.20	52.00
62687	10.40	52.00
62689	10.60	52.00
62692	51.00	258.00
62694	10.30	52.00
62696	10.10	56.00
62699	10.70	52.00
62701	10.50	92.00
62703	48.90	52.00
62705	10.40	52.00
62708	10.50	52.00
62710	10.60	52.00
62712	19.60	98.00
62715	10.40	52.00
62717	10.40	52.00
62719	10.10	52.00
62721	10.20	52.00
62724	20.90	226.00
62726	10.20	52.00
62728	10.50	52.00
62731	10.50	52.00
62733	10.70	56.00
62735	41.90	212.00
62738	10.40	52.00
62740	10.40	52.00
62742	10.50	52.00
62744	10.40	52.00
62747	37.60	190.00
62749	10.60	52.00
62751	10.60	52.00
62754	10.50	56.00
62756	10.40	140.00
62758	32.00	52.00
62760	10.20	52.00
62763	10.50	52.00
62765	10.60	52.00
62767	34.80	176.00
62770	10.40	52.00
62772	10.60	52.00
62774	10.30	52.00
62776	10.60	52.00
62779	37.80	190.00
62781	10.10	52.00
62783	10.50	56.00
62786	10.50	52.00
62788	10.30	52.00
62790	39.60	108.00
62793	10.40	52.00
62795	10.50	52.00
62797	10.40	52.00
62799	10.60	52.00
62802	20.90	104.00
62804	10.30	52.00
62806	10.30	52.00
62809	10.30	52.00
62811	10.50	232.00
62813	19.40	52.00
62815	10.40	52.00
62818	10.30	52.00
62820	10.40	52.00
62822	49.00	246.00
62825	10.20	52.00
62827	10.50	52.00
62829	10.40	52.00
62831	10.40	52.00
62834	52.00	262.00
62836	10.60	52.00
62838	10.40	52.00
62841	10.60	52.00
62843	10.30	52.00
62845	54.40	82.00
62848	10.40	52.00
62850	10.40	52.00
62852	10.20	52.00
62854	10.70	56.00
62857	15.10	76.00
62859	10.50	52.00
62861	10.60	52.00
62864	10.40	52.00
62866	10.20	52.00
62868	14.30	52.00
62870	10.30	52.00
62873	10.30	52.00
62875	10.40	52.00
62877	10.70	302.00
62880	10.50	52.00
62882	10.40	52.00
62884	10.20	52.00
62886	10.50	52.00
62889	61.10	308.00
62891	10.60	52.00
62893	10.60	52.00
62896	10.60	52.00
62898	10.60	52.00
62900	63.60	56.00
62903	10.50	52.00
62905	10.40	52.00
62907	10.50	52.00
62909	10.40	52.00
62912	10.40	52.00
62914	10.50	52.00
62916	10.70	56.00
62919	10.40	52.00
62921	10.40	52.00
62923	10.00	50.00
62925	10.50	52.00
62928	10.40	52.00
62930	10.40	52.00
62932	10.40	330.00
62935	10.00	52.00
62937	10.20	52.00
62939	10.50	52.00
62941	10.30	52.00
62944	64.80	328.00
62946	10.40	52.00
62948	10.30	52.00
62951	10.30	52.00
62953	10.40	52.00
62955	66.00	52.00
62958	10.70	52.00
62960	10.60	52.00
62962	10.50	52.00
62964	10.40	56.00
62967	10.30	52.00
62969	10.50	52.00
62971	10.30	52.00
62974	10.40	52.00
62976	11.50	58.00
62978	10.30	52.00
62980	10.40	52.00
62983	10.50	52.00
62985	10.10	52.00
62987	12.00	328.00
62990	10.60	52.00
62992	10.40	52.00
62994	10.40	52.00
62996	10.40	52.00
62999	64.60	328.00
63001	10.60	52.00
63003	10.50	52.00
63006	10.10	52.00
63008	10.60	52.00
63010	60.40	304.00
63013	10.20	52.00
63015	10.30	52.00
63017	10.40	52.00
63019	10.60	62.00
63022	59.70	52.00
63024	10.20	52.00
63026	10.20	52.00
63029	10.40	52.00
63031	12.40	62.00
63033	10.20	52.00
63035	10.60	52.00
63038	10.50	52.00
63040	10.40	52.00
63042	14.40	282.00
63045	10.40	50.00
63047	10.50	52.00
63049	10.60	52.00
63051	10.40	52.00
63054	52.00	262.00
63056	10.40	52.00
63058	10.50	52.00
63061	10.20	52.00
63063	10.70	56.00
63065	50.80	258.00
63068	10.30	52.00
63070	10.70	56.00
63072	10.20	52.00
63074	10.50	96.00
63077	48.40	56.00
63079	10.70	52.00
63081	10.80	52.00
63084	10.50	52.00
63086	19.70	98.00
63088	10.50	52.00
63090	10.50	52.00
63093	10.50	52.00
63095	10.50	52.00
63097	21.20	108.00
63100	10.60	52.00
63102	10.30	52.00
63104	10.40	52.00
63106	10.50	52.00
63109	23.90	200.00
63111	10.50	52.00
63113	10.30	52.00
63116	10.00	50.00
63118	10.60	52.00
63120	31.60	160.00
63123	10.10	52.00
63125	10.40	52.00
63127	10.50	52.00
63129	10.50	52.00
63132	28.10	52.00
63134	10.30	56.00
63136	10.40	52.00
63139	10.40	52.00
63141	36.40	184.00
63143	10.50	52.00
63145	10.30	52.00
63148	10.50	52.00
63150	10.50	52.00
63152	40.30	204.00
63155	10.40	52.00
63157	10.40	52.00
63159	10.50	52.00
63161	10.50	52.00
63164	42.70	104.00
63166	10.40	52.00
63168	10.40	52.00
63171	10.30	52.00
63173	10.50	52.00
63175	19.80	102.00
63178	10.40	52.00
63180	10.40	52.00
63182	10.50	52.00
63184	10.60	52.00
63187	18.40	92.00
63189	10.30	52.00
63191	10.30	52.00
63194	10.40	52.00
63196	10.60	262.00
63198	17.80	52.00
63200	10.80	56.00
63203	10.40	52.00
63205	10.20	52.00
63207	53.60	272.00
63210	10.20	52.00
63212	10.50	52.00
63214	10.40	52.00
63216	10.50	52.00
63219	55.60	78.00
63221	10.50	52.00
63223	10.30	52.00
63226	10.60	52.00
63228	10.40	52.00
63230	13.50	68.00
63233	10.40	52.00
63235	10.40	52.00
63237	10.50	52.00
63239	10.30	52.00
63242	13.20	66.00
63244	10.50	52.00
63246	10.60	52.00
63249	10.40	52.00
63251	10.70	308.00
63253	11.80	52.00
63255	10.40	52.00
63258	10.50	52.00
63260	10.60	52.00
63262	63.70	322.00
63265	10.20	52.00
63267	10.50	52.00
63269	10.40	52.00
63271	10.50	52.00
63274	65.50	330.00
63276	10.40	52.00
63278	10.40	52.00
63281	10.50	52.00
63283	10.20	52.00
63285	65.80	50.00
63288	10.20	52.00
63290	10.50	52.00
63292	10.60	52.00
63294	10.70	56.00
63297	10.30	52.00
63299	10.40	52.00
63301	10.50	52.00
63304	10.30	52.00
63306	10.50	334.00
63308	10.50	52.00
63310	10.50	52.00
63313	10.30	52.00
63315	10.30	52.00
63317	67.90	344.00
63320	10.50	52.00
63322	10.40	52.00
63324	10.70	56.00
63326	10.40	52.00
63329	67.80	344.00
63331	10.50	52.00
63333	10.60	52.00
63336	10.40	52.00
63338	10.40	58.00
63340	64.30	52.00
63343	10.60	52.00
63345	10.40	52.00
63347	10.50	52.00
63349	12.20	62.00
63352	10.50	52.00
63354	10.40	52.00
63356	10.50	52.00
63359	10.20	52.00
63361	12.30	62.00
63363	10.70	52.00
63365	10.40	52.00
63368	10.20	52.00
63370	10.60	52.00
63372	12.90	294.00
63375	10.00	50.00
63377	10.40	52.00
63379	10.40	52.00
63381	10.60	52.00
63384	56.20	286.00
63386	10.50	52.00
63388	10.50	52.00
63391	10.40	52.00
63393	10.40	76.00
63395	54.60	52.00
63398	10.50	52.00
63400	10.40	52.00
63402	10.30	52.00
63404	16.70	86.00
63407	10.50	52.00
63409	10.50	52.00
63411	10.60	52.00
63414	10.40	52.00
63416	17.70	88.00
63418	10.10	52.00
63420	10.50	50.00
63423	10.40	56.00
63425	10.50	52.00
63427	18.50	242.00
63430	10.60	52.00
63432	10.50	52.00
63434	10.80	56.00
63436	10.40	52.00
63439	46.90	240.00
63441	10.20	52.00
63443	10.30	52.00
63446	10.30	52.00
63448	10.40	52.00
63450	44.10	52.00
63453	10.50	52.00
63455	10.30	52.00
63457	10.20	52.00
63459	10.60	112.00
63462	10.30	52.00
63464	10.40	52.00
63466	10.20	52.00
63469	10.60	52.00
63471	26.00	132.00
63473	10.50	52.00
63475	10.40	52.00
63478	10.20	52.00
63480	10.40	52.00
63482	30.20	160.00
63485	10.40	52.00
63487	10.40	52.00
63489	10.40	52.00
63491	10.60	52.00
63494	26.60	134.00
63496	10.60	52.00
63498	10.20	52.00
63501	10.30	52.00
63503	10.40	52.00
63505	44.10	222.00
63508	10.70	56.00
63510	10.50	52.00
63512	10.40	52.00
63514	10.70	200.00
63517	25.80	52.00
63519	10.30	52.00
63521	10.30	52.00
63524	10.30	52.00
63526	45.00	226.00
63528	10.70	56.00
63530	10.20	52.00
63533	10.40	52.00
63535	10.30	52.00
63537	48.30	104.00
63540	10.50	52.00
63542	10.40	52.00
63544	10.30	52.00
63546	10.30	52.00
63549	19.50	98.00
63551	10.50	52.00
63553	10.40	52.00
63556	10.20	52.00
63558	10.60	52.00
63560	18.40	92.00
63563	10.40	52.00
63565	10.50	52.00
63567	10.30	52.00
63569	10.50	278.00
63572	17.30	56.00
63574	10.40	52.00
63576	10.50	52.00
63579	10.50	52.00
63581	56.20	286.00
63583	10.40	52.00
63585	10.50	52.00
63588	10.60	52.00
63590	10.40	52.00
63592	59.10	298.00
63595	10.20	52.00
63597	10.30	52.00
63599	10.50	52.00
63601	10.20	52.00
63604	61.40	68.00
63606	10.60	52.00
63608	10.50	52.00
63611	10.50	52.00
63613	10.20	52.00
63615	12.80	66.00
63618	9.90	50.00
63620	10.60	52.00
63622	10.30	52.00
63624	10.20	52.00
63627	10.80	52.00
63629	10.30	52.00
63631	10.50	52.00
63634	10.20	52.00
63636	64.30	324.00
63638	10.30	52.00
63640	10.40	52.00
63643	10.50	52.00
63645	10.30	52.00
63647	65.10	328.00
63650	10.30	52.00
63652	10.20	52.00
63654	10.60	52.00
63656	10.40	52.00
63659	67.10	50.00
63661	10.20	56.00
63663	10.50	52.00
63666	10.60	52.00
63668	11.20	56.00
63670	10.10	52.00
63673	10.50	52.00
63675	10.50	52.00
63677	10.30	52.00
63679	11.50	58.00
63682	10.20	52.00
63684	10.10	52.00
63686	10.70	52.00
63689	10.60	52.00
63691	11.90	358.00
63693	10.60	52.00
63695	10.40	52.00
63698	10.30	52.00
63700	10.30	52.00
63702	62.40	318.00
63705	10.40	52.00
63707	10.20	52.00
63709	10.50	52.00
63711	10.50	52.00
63714	61.50	52.00
63716	10.50	52.00
63718	10.20	52.00
63721	10.60	52.00
63723	10.40	66.00
63725	10.40	52.00
63728	10.50	52.00
63730	10.40	52.00
63732	10.40	52.00
63734	13.20	66.00
63737	10.50	52.00
63739	10.50	52.00
63741	10.20	52.00
63744	10.40	52.00
63746	14.90	276.00
63748	10.40	52.00
63750	10.60	52.00
63753	10.30	52.00
63755	10.40	52.00
63757	52.60	266.00
63760	10.40	52.00
63762	10.50	52.00
63764	10.60	52.00
63766	10.70	56.00
63769	49.80	252.00
63771	10.60	52.00
63773	10.20	52.00
63776	10.60	56.00
63778	10.30	96.00
63780	48.80	52.00
63783	10.50	52.00
63785	10.40	52.00
63787	10.40	52.00
63789	19.50	98.00
63792	10.30	52.00
63794	10.50	52.00
63796	10.60	52.00
63799	10.50	52.00
63801	21.00	226.00
63803	10.20	52.00
63805	10.40	52.00
63808	10.10	52.00
63810	10.50	52.00
63812	39.50	200.00
63815	10.40	52.00
63817	10.40	52.00
63819	10.50	52.00
63821	10.50	52.00
63824	37.60	190.00
63826	10.30	52.00
63828	10.30	52.00
63831	10.60	52.00
63833	10.50	144.00
63835	31.90	52.00
63838	10.20	52.00
63840	10.50	52.00
63842	10.40	52.00
63844	33.70	170.00
63847	10.50	52.00
63849	10.40	52.00
63851	10.40	52.00
63854	10.50	52.00
63856	36.40	184.00
63858	10.50	52.00
63860	10.20	52.00
63863	10.60	52.00
63865	10.40	50.00
63867	40.40	112.00
63870	10.40	52.00
63872	10.20	52.00
63874	10.30	52.00
63876	10.50	52.00
63879	20.30	102.00
63881	10.50	52.00
63883	10.30	52.00
63886	10.50	52.00
63888	10.40	236.00
63890	19.90	52.00
63893	10.40	52.00
63895	10.40	52.00
63897	10.60	56.00
63899	49.10	250.00
63902	10.30	52.00
63904	10.60	52.00
63906	10.40	52.00
63909	10.30	52.00
63911	52.70	266.00
63913	10.40	52.00
63915	10.60	52.00
63918	10.40	52.00
63920	10.60	52.00
63922	53.60	78.00
63925	10.60	52.00
63927	10.20	52.00
63929	10.80	56.00
63931	10.60	52.00
63934	15.20	78.00
63936	10.60	52.00
63938	10.70	56.00
63941	10.20	52.00
63943	10.60	52.00
63945	13.30	52.00
63948	10.10	56.00
63950	10.50	52.00
63952	10.20	52.00
63954	10.60	304.00
63957	10.40	52.00
63959	10.40	52.00
63961	10.20	52.00
63964	10.50	52.00
63966	61.20	308.00
63968	10.50	52.00
63970	10.50	52.00
63973	10.60	52.00
63975	10.40	56.00
63977	63.80	56.00
63980	10.40	52.00
63982	10.50	52.00
63984	10.50	52.00
63986	10.40	52.00
63989	10.20	52.00
63991	10.70	56.00
63993	10.60	52.00
63996	10.70	56.00
63998	10.40	52.00
64000	10.30	52.00
64003	10.40	52.00
64005	10.00	52.00
64007	10.60	52.00
64009	10.60	330.00
64012	10.00	56.00
64014	10.30	52.00
64016	10.60	52.00
64019	10.60	52.00
64021	65.50	330.00
64023	10.50	52.00
64025	10.40	52.00
64028	10.20	52.00
64030	10.60	52.00
64032	67.80	52.00
64035	10.60	52.00
64037	10.40	52.00
64039	10.40	52.00
64041	10.50	58.00
64044	10.20	52.00
64046	10.20	52.00
64048	10.50	52.00
64051	10.70	56.00
64053	11.80	58.00
64055	11.00	56.00
64058	10.60	52.00
64060	10.50	52.00
64062	10.60	52.00
64064	12.10	328.00
64067	10.60	56.00
64069	10.50	52.00
64071	10.10	52.00
64074	10.40	52.00
64076	60.00	304.00
64078	10.50	52.00
64080	10.50	52.00
64083	10.50	52.00
64085	10.50	52.00
64087	58.70	298.00
64090	10.20	52.00
64092	10.20	52.00
64094	10.40	52.00
64096	10.80	68.00
64099	56.40	52.00
64101	10.40	52.00
64103	10.60	52.00
64106	10.30	52.00
64108	15.30	78.00
64110	10.50	52.00
64113	10.50	52.00
64115	10.40	52.00
64117	10.50	52.00
64119	17.10	86.00
64122	10.30	52.00
64124	10.40	52.00
64126	10.50	52.00
64129	10.30	52.00
64131	50.60	256.00
64133	10.70	56.00
64135	10.30	52.00
64138	10.40	52.00
64140	10.50	52.00
64142	47.00	240.00
64145	10.60	52.00
64147	10.20	52.00
64149	10.40	52.00
64151	10.10	104.00
64154	45.80	52.00
64156	10.60	52.00
64158	10.50	52.00
64161	10.60	52.00
64163	21.20	108.00
64165	10.10	52.00
64168	10.60	52.00
64170	10.40	52.00
64172	10.60	52.00
64174	22.60	114.00
64177	10.20	52.00
64179	10.60	52.00
64181	10.20	52.00
64184	10.60	52.00
64186	26.40	180.00
64188	10.40	52.00
64190	10.40	52.00
64193	10.40	52.00
64195	10.40	52.00
64197	32.60	164.00
64200	10.40	52.00
64202	10.60	52.00
64204	10.40	52.00
64206	10.10	52.00
64209	26.90	52.00
64211	10.40	52.00
64213	10.40	52.00
64216	10.20	52.00
64218	10.50	190.00
64220	10.60	52.00
64223	10.40	52.00
64225	10.60	52.00
64227	10.50	52.00
64229	39.70	200.00
64232	10.50	52.00
64234	10.50	52.00
64236	10.20	52.00
64239	10.40	52.00
64241	42.80	104.00
64243	10.30	52.00
64245	10.60	52.00
64248	10.40	52.00
64250	10.40	52.00
64252	19.50	98.00
64255	10.20	52.00
64257	10.50	52.00
64259	10.30	52.00
64261	10.50	52.00
64264	18.40	92.00
64266	10.60	52.00
64268	10.40	52.00
64271	10.30	52.00
64273	10.50	258.00
64275	17.10	52.00
64278	10.50	52.00
64280	10.60	52.00
64282	10.60	52.00
64284	53.80	272.00
64287	10.20	52.00
64289	10.40	52.00
64291	10.40	52.00
64294	10.40	52.00
64296	55.00	76.00
64298	10.20	52.00
64300	10.30	52.00
64303	10.50	52.00
64305	10.20	52.00
64307	14.50	72.00
64310	10.20	52.00
64312	10.40	52.00
64314	10.40	52.00
64316	10.40	52.00
64319	12.90	66.00
64321	10.20	52.00
64323	10.40	52.00
64326	10.20	52.00
64328	10.30	312.00
64330	11.70	52.00
64333	10.50	52.00
64335	10.40	52.00
64337	10.60	52.00
64339	63.30	322.00
64342	10.30	52.00
64344	10.30	52.00
64346	10.50	52.00
64349	10.40	52.00
64351	65.90	334.00
64353	10.60	52.00
64355	10.40	52.00
64358	10.50	52.00
64360	10.50	52.00
64362	65.80	52.00
64365	10.40	52.00
64367	10.50	52.00
64369	10.20	52.00
64371	10.50	52.00
64374	10.10	52.00
64376	10.20	52.00
64378	10.60	52.00
64381	10.40	52.00
64383	10.80	338.00
64385	10.40	52.00
64388	10.20	52.00
64390	10.50	52.00
64392	10.50	52.00
64394	67.60	340.00
64397	10.50	52.00
64399	10.30	52.00
64401	10.50	52.00
64404	10.40	52.00
64406	67.80	344.00
64408	10.40	52.00
64410	10.40	52.00
64413	10.20	52.00
64415	10.70	62.00
64417	66.70	52.00
64420	10.70	52.00
64422	10.40	52.00
64424	10.50	52.00
64426	12.10	62.00
64429	10.70	56.00
64431	10.70	56.00
64433	10.50	52.00
64436	10.60	52.00
64438	12.50	62.00
64440	10.60	52.00
64443	10.40	52.00
64445	10.30	52.00
64447	10.40	52.00
64449	12.40	298.00
64452	10.40	52.00
64454	10.20	52.00
64456	10.60	52.00
64459	10.50	52.00
64461	57.30	292.00
64463	10.50	52.00
64465	10.60	52.00
64468	10.30	52.00
64470	10.40	72.00
64472	54.50	52.00
64475	10.30	52.00
64477	10.50	52.00
64479	10.60	52.00
64481	16.20	82.00
64484	10.60	52.00
64486	10.40	52.00
64488	10.50	52.00
64491	10.60	52.00
64493	17.80	88.00
64495	10.40	52.00
64498	10.40	52.00
64500	10.50	52.00
64502	10.70	52.00
64504	19.40	240.00
64507	10.50	56.00
64509	10.60	52.00
64511	10.60	52.00
64514	10.40	52.00
64516	44.00	222.00
64518	10.40	52.00
64520	10.50	52.00
64523	10.70	56.00
64525	10.20	52.00
64527	41.70	52.00
64530	10.40	52.00
64532	10.50	52.00
64534	10.40	52.00
64536	10.70	138.00
64539	10.40	52.00
64541	10.60	52.00
64543	10.30	52.00
64546	10.50	52.00
64548	31.50	158.00
64550	10.60	52.00
64553	10.40	52.00
64555	10.50	52.00
64557	10.50	52.00
64559	34.10	132.00
64562	10.20	52.00
64564	10.40	52.00
64566	10.50	52.00
64569	10.50	52.00
64571	23.40	118.00
64573	10.40	52.00
64575	10.40	52.00
64578	10.40	52.00
64580	10.50	52.00
64582	21.70	112.00
64585	10.40	52.00
64587	10.10	52.00
64589	10.40	52.00
64591	10.60	222.00
64594	20.40	56.00
64596	10.40	56.00
64598	10.30	52.00
64601	10.40	52.00
64603	46.40	236.00
64605	10.30	52.00
64608	10.40	52.00
64610	10.40	52.00
64612	10.60	52.00
64614	50.10	252.00
64617	10.60	52.00
64619	10.40	52.00
64621	10.50	52.00
64624	10.60	52.00
64626	16.70	86.00
64628	10.40	52.00
64630	10.60	52.00
64633	10.50	52.00
64635	10.10	52.00
64637	16.00	82.00
64640	10.40	52.00
64642	10.20	52.00
64644	10.60	52.00
64646	10.40	286.00
64649	14.00	52.00
64651	10.60	56.00
64653	10.50	52.00
64656	10.50	52.00
64658	59.60	302.00
64660	10.50	52.00
64663	10.40	52.00
64665	10.30	52.00
64667	10.60	52.00
64669	61.80	312.00
64672	10.40	52.00
64674	10.60	52.00
64676	10.20	56.00
64679	10.50	52.00
64681	63.60	56.00
64683	10.70	52.00
64685	10.40	52.00
64688	10.40	52.00
64690	10.10	52.00
64692	10.20	52.00
64695	10.40	52.00
64697	10.20	52.00
64699	10.20	52.00
64701	10.40	52.00
64704	10.00	52.00
64706	10.20	52.00
64708	10.80	52.00
64711	10.60	52.00
64713	10.40	328.00
64715	10.50	52.00
64718	10.50	52.00
64720	10.70	56.00
64722	10.40	52.00
64724	66.30	334.00
64727	10.40	52.00
64729	10.20	52.00
64731	10.40	52.00
64734	10.50	56.00
64736	67.30	52.00
64738	10.40	52.00
64740	10.30	52.00
64743	10.40	52.00
64745	11.30	56.00
64747	10.40	52.00
64750	10.30	52.00
64752	10.40	52.00
64754	10.60	52.00
64756	11.80	58.00
64759	10.60	52.00
64761	10.50	52.00
64763	10.50	52.00
64766	10.40	52.00
64768	12.10	322.00
64770	10.80	52.00
64773	10.60	52.00
64775	10.60	52.00
64777	10.40	52.00
64779	60.10	304.00
64782	10.40	52.00
64784	10.60	52.00
64786	10.30	52.00
64789	10.20	52.00
64791	58.90	52.00
64793	10.40	52.00
64795	10.70	52.00
64798	10.40	52.00
64800	13.00	66.00
64802	10.40	52.00
64805	10.40	52.00
64807	10.20	52.00
64809	10.30	52.00
64811	15.10	76.00
64814	10.40	52.00
64816	10.40	52.00
64818	10.70	56.00
64821	10.70	52.00
64823	17.00	258.00
64825	10.40	52.00
64828	10.60	52.00
64830	10.40	52.00
64832	10.00	50.00
64834	49.00	250.00
64837	10.20	52.00
64839	10.40	52.00
64841	10.70	56.00
64844	10.60	52.00
64846	45.70	232.00
64848	10.60	52.00
64850	10.50	52.00
64853	10.70	52.00
64855	10.60	112.00
64857	42.70	52.00
64860	10.50	52.00
64862	10.60	52.00
64864	10.50	52.00
64866	24.10	122.00
64869	10.50	52.00
64871	10.50	52.00
64873	10.40	52.00
64876	10.40	52.00
64878	31.10	160.00
64880	10.20	52.00
64883	10.50	52.00
64885	10.30	52.00
64887	10.50	52.00
64889	24.90	128.00
64892	10.40	52.00
64894	10.60	52.00
64896	10.80	56.00
64899	10.20	52.00
64901	22.70	114.00
64903	10.50	52.00
64905	10.30	52.00
64908	10.30	52.00
64910	10.40	210.00
64912	21.00	52.00
64915	10.50	52.00
64917	10.60	52.00
64919	10.50	52.00
64921	45.80	232.00
64924	10.40	52.00
64926	10.40	52.00
64928	10.40	52.00
64931	10.30	52.00
64933	48.30	242.00
64935	10.60	52.00
64938	10.70	52.00
64940	10.50	52.00
64942	10.40	52.00
64944	53.00	88.00
64947	10.40	52.00
64949	10.40	52.00
64951	10.40	52.00
64954	10.50	52.00
64956	15.90	82.00
64958	10.60	52.00
64960	10.70	56.00
64963	10.60	52.00
64965	10.30	288.00
64967	14.30	52.00
64970	10.40	52.00
64972	10.20	52.00
64974	10.50	52.00
64976	58.40	294.00
64979	10.30	52.00
64981	10.40	52.00
64983	10.60	52.00
64986	10.50	52.00
64988	60.60	304.00
64990	10.40	52.00
64993	10.40	52.00
64995	10.50	52.00
64997	10.70	52.00
64999	62.00	56.00
65002	10.50	52.00
65004	10.30	52.00
65006	10.50	52.00
65009	10.50	52.00
65011	10.40	52.00
65013	10.40	52.00
65015	10.60	52.00
65018	10.30	52.00
65020	10.40	52.00
65022	10.10	52.00
65025	10.50	52.00
65027	10.60	52.00
65029	10.40	50.00
65031	10.40	330.00
65034	10.50	52.00
65036	10.70	56.00
65038	10.40	52.00
65041	10.40	52.00
65043	67.50	340.00
65045	10.20	52.00
65048	10.50	52.00
65050	10.50	52.00
65052	10.50	56.00
65054	68.20	52.00
65057	10.50	52.00
65059	10.20	52.00
65061	10.10	52.00
65064	11.80	58.00
65066	10.40	52.00
65068	10.50	52.00
65070	10.10	52.00
65073	10.40	52.00
65075	11.70	58.00
65077	10.40	52.00
65080	10.50	52.00
65082	10.40	52.00
65084	10.50	52.00
65086	12.20	314.00
65089	10.40	52.00
65091	10.50	52.00
65093	10.40	52.00
65096	10.50	52.00
65098	59.50	302.00
65100	10.40	52.00
65103	10.50	52.00
65105	10.40	52.00
65107	10.40	52.00
65109	57.00	288.00
65112	10.40	52.00
65114	10.40	52.00
65116	10.50	52.00
65119	10.50	76.00
65121	10.30	52.00
65123	10.30	52.00
65125	10.60	52.00
65128	10.60	52.00
65130	16.60	86.00
65132	10.60	52.00
65135	10.40	52.00
65137	10.70	56.00
65139	10.50	52.00
65141	17.60	256.00
65144	10.50	52.00
65146	10.60	52.00
65148	10.10	52.00
65151	10.40	52.00
65153	47.40	240.00
65155	10.50	52.00
65158	10.40	52.00
65160	10.20	52.00
65162	10.40	52.00
65164	46.00	232.00
65167	10.50	52.00
65169	10.50	52.00
65171	10.40	52.00
65174	10.10	112.00
65176	42.70	52.00
65178	10.40	52.00
65180	10.50	52.00
65183	10.50	52.00
65185	23.10	118.00
65187	10.40	52.00
65190	10.40	52.00
65192	10.30	52.00
65194	10.30	52.00
65196	27.60	138.00
65199	10.30	52.00
65201	10.50	52.00
65203	10.50	52.00
65206	10.40	52.00
65208	32.30	158.00
65210	10.60	52.00
65213	10.50	52.00
65215	10.60	52.00
65217	10.40	52.00
65219	25.40	128.00
65222	10.30	52.00
65224	10.50	52.00
65226	10.40	52.00
65229	10.40	190.00
65231	22.70	52.00
65233	10.10	52.00
65235	10.40	52.00
65238	10.50	52.00
65240	41.30	210.00
65242	10.40	52.00
65245	10.40	52.00
65247	10.60	52.00
65249	10.50	52.00
65251	44.00	222.00
65254	10.50	52.00
65256	10.40	52.00
65258	10.20	52.00
65261	10.40	52.00
65263	47.10	96.00
65265	10.30	52.00
65268	10.60	52.00
65270	10.50	52.00
65272	10.60	52.00
65274	18.00	92.00
65277	10.30	52.00
65279	10.60	52.00
65281	10.20	52.00
65284	10.20	52.00
65286	16.80	52.00
65288	10.30	52.00
65290	10.30	52.00
65293	10.50	52.00
65295	55.20	278.00
65297	10.20	52.00
65300	10.30	52.00
65302	10.50	52.00
65304	10.40	52.00
65306	57.40	288.00
65309	10.70	56.00
65311	10.40	52.00
65313	10.20	52.00
65316	10.50	52.00
65318	60.20	66.00
65320	10.60	52.00
65323	10.10	52.00
65325	10.60	52.00
65327	10.50	52.00
65329	11.10	56.00
65332	10.20	52.00
65334	10.50	52.00
65336	10.60	52.00
65339	10.70	56.00
65341	10.40	52.00
65343	10.60	56.00
65345	10.30	52.00
65348	10.50	52.00
65350	10.50	334.00
65352	10.20	52.00
65355	10.20	52.00
65357	10.10	52.00
65359	10.40	52.00
65361	65.20	330.00
65364	10.40	52.00
65366	10.60	52.00
65368	10.50	52.00
65371	10.70	56.00
65373	65.30	52.00
65375	10.60	52.00
65378	10.40	56.00
65380	10.40	52.00
65382	10.50	56.00
65384	10.30	52.00
65387	10.20	52.00
65389	10.40	52.00
65391	10.40	52.00
65394	11.00	56.00
65396	10.60	52.00
65398	10.50	52.00
65400	10.50	52.00
65403	10.40	52.00
65405	11.60	334.00
65407	10.60	52.00
65410	10.00	52.00
65412	10.50	52.00
65414	10.30	52.00
65416	62.90	318.00
65419	10.40	52.00
65421	10.20	52.00
65423	10.60	52.00
65426	10.20	52.00
65428	61.10	312.00
65430	10.50	52.00
65433	10.40	52.00
65435	10.60	52.00
65437	10.50	62.00
65439	58.70	52.00
65442	10.60	52.00
65444	10.50	52.00
65446	10.30	52.00
65449	13.50	68.00
65451	10.10	52.00
65453	10.10	52.00
65455	10.50	52.00
65458	10.50	52.00
65460	13.00	288.00
65462	10.20	52.00
65465	10.30	52.00
65467	10.40	52.00
65469	10.40	52.00
65471	53.60	272.00
65474	10.20	52.00
65476	10.30	52.00
65478	10.40	52.00
65481	10.50	52.00
65483	49.00	250.00
65485	10.50	52.00
65488	10.40	52.00
65490	10.20	52.00
65492	10.10	98.00
65494	45.90	56.00
65497	10.40	52.00
65499	10.60	52.00
65501	10.40	52.00
65504	20.80	104.00
65506	10.20	52.00
65508	10.20	52.00
65510	10.30	52.00
65513	10.30	52.00
65515	22.30	112.00
65517	10.10	52.00
65520	10.20	52.00
65522	10.60	52.00
65524	10.70	52.00
65526	25.50	186.00
65529	10.20	52.00
65531	10.20	52.00
65533	10.30	52.00
65536	10.50	52.00
65538	29.30	148.00
65540	10.30	52.00
65543	10.40	52.00
65545	10.40	52.00
65547	10.20	180.00
65549	26.80	52.00
65552	10.50	52.00
65554	10.60	52.00
65556	10.50	52.00
65559	37.10	186.00
65561	10.20	52.00
65563	10.40	52.00
65565	10.40	52.00
65568	10.30	52.00
65570	40.20	204.00
65572	10.40	52.00
65575	10.60	52.00
65577	10.40	52.00
65579	10.60	52.00
65581	42.20	104.00
65584	10.50	52.00
65586	10.20	52.00
65588	10.40	52.00
65591	10.50	52.00
65593	19.80	102.00
65595	10.40	52.00
65598	10.60	52.00
65600	10.40	52.00
65602	10.60	52.00
65604	17.80	92.00
65607	10.30	52.00
65609	10.20	52.00
65611	10.50	52.00
65614	10.30	262.00
65616	10.50	52.00
65618	10.50	52.00
65620	10.40	52.00
65623	10.50	52.00
65625	54.20	276.00
65627	10.40	52.00
65630	10.10	52.00
65632	10.50	52.00
65634	10.50	52.00
65636	57.10	76.00
65639	10.50	52.00
65641	10.50	52.00
65643	10.40	52.00
65646	10.40	52.00
65648	12.90	66.00
65650	10.50	52.00
65653	10.20	52.00
65655	10.40	52.00
65657	10.40	52.00
65659	12.20	62.00
65662	10.50	52.00
65664	10.40	52.00
65666	10.40	52.00
65669	10.40	318.00
65671	10.40	52.00
65673	10.70	52.00
65675	10.40	52.00
65678	10.50	52.00
65680	65.50	330.00
65682	10.70	56.00
65685	10.30	52.00
65687	10.30	52.00
65689	10.40	52.00
65691	65.60	330.00
65694	10.40	52.00
65696	10.40	52.00
65698	10.30	52.00
65701	10.20	52.00
65703	66.10	52.00
65705	10.50	52.00
65708	10.40	52.00
65710	10.70	56.00
65712	10.60	52.00
65714	10.40	52.00
65717	10.50	52.00
65719	10.80	56.00
65721	10.50	52.00
65724	10.80	338.00
65726	10.50	52.00
65728	10.60	52.00
65730	10.50	52.00
65733	10.50	52.00
65735	68.30	348.00
65737	10.70	56.00
65740	10.60	52.00
65742	10.30	52.00
65744	10.40	52.00
65746	67.60	344.00
65749	10.60	52.00
65751	10.20	52.00
65753	10.40	52.00
65756	10.20	58.00
65758	64.30	56.00
65760	10.50	52.00
65763	10.60	52.00
65765	10.60	52.00
65767	12.20	62.00
65769	10.70	56.00
65772	10.20	52.00
65774	10.40	52.00
65776	10.40	52.00
65779	12.50	62.00
65781	10.60	52.00
65783	10.40	52.00
65785	10.50	56.00
65788	10.50	52.00
65790	59.20	302.00
65792	10.60	52.00
65795	10.30	52.00
65797	10.50	52.00
65799	10.40	52.00
65801	55.70	282.00
65804	10.60	52.00
65806	10.60	52.00
65808	10.50	52.00
65811	10.50	76.00
65813	54.60	52.00
65815	10.10	52.00
65818	10.40	52.00
65820	10.60	52.00
65822	16.30	82.00
65824	10.50	52.00
65827	10.40	52.00
65829	10.30	52.00
65831	10.40	52.00
65834	17.50	88.00
65836	10.50	52.00
65838	10.20	52.00
65840	10.60	52.00
65843	10.30	52.00
65845	18.60	240.00
65847	10.70	52.00
65850	10.60	52.00
65852	10.60	52.00
65854	10.50	52.00
65856	45.60	232.00
65859	10.70	56.00
65861	10.40	52.00
65863	10.50	52.00
65866	10.20	52.00
65868	41.70	52.00
65870	10.50	52.00
65873	10.30	52.00
65875	10.30	52.00
65877	10.30	114.00
65879	10.30	52.00
65882	10.50	52.00
65884	10.40	52.00
65886	10.50	52.00
65889	27.90	140.00
65891	10.40	52.00
65893	10.40	52.00
65895	10.50	52.00
65898	10.40	52.00
65900	34.20	140.00
65902	10.50	52.00
65905	10.30	52.00
65907	10.50	52.00
65909	10.40	52.00
65911	22.70	114.00
65914	10.60	52.00
65916	10.40	52.00
65918	10.60	52.00
65921	10.50	52.00
65923	21.80	112.00
65925	10.50	52.00
65928	10.60	52.00
65930	10.50	52.00
65932	10.20	212.00
65934	20.60	52.00
65937	10.40	52.00
65939	10.60	52.00
65941	10.20	52.00
65944	46.20	232.00
65946	10.20	52.00
65948	10.30	52.00
65950	10.10	52.00
65953	10.20	52.00
65955	49.40	88.00
65957	10.50	52.00
65960	10.50	52.00
65962	10.40	52.00
65964	10.70	52.00
65966	17.10	86.00
65969	10.40	52.00
65971	10.40	52.00
65973	10.40	52.00
65976	10.70	56.00
65978	15.10	76.00
65980	10.40	52.00
65983	10.60	52.00
65985	10.30	52.00
65987	10.30	288.00
65989	14.80	52.00
65992	10.50	52.00
65994	10.40	52.00
65996	10.70	56.00
65999	58.50	294.00
66001	10.40	52.00
66003	10.70	56.00
66005	10.50	52.00
66008	10.50	52.00
66010	60.80	308.00
66012	10.40	52.00
66015	10.40	56.00
66017	10.60	52.00
66019	10.30	52.00
66021	62.00	56.00
66024	10.10	52.00
66026	10.20	52.00
66028	10.40	52.00
66031	10.60	52.00
66033	10.40	52.00
66035	10.70	56.00
66038	10.20	52.00
66040	10.20	52.00
66042	10.40	330.00
66044	10.00	52.00
66047	10.40	52.00
66049	10.40	52.00
66051	10.60	52.00
66054	66.40	338.00
66056	10.20	52.00
66058	10.50	52.00
66060	10.60	52.00
66063	10.20	52.00
66065	64.90	328.00
66067	10.40	52.00
66070	10.50	52.00
66072	10.30	52.00
66074	10.50	56.00
66076	66.90	52.00
66079	10.60	52.00
66081	10.60	56.00
66083	10.40	52.00
66086	11.00	56.00
66088	10.30	52.00
66090	10.80	56.00
66093	10.50	52.00
66095	10.40	52.00
66097	12.00	62.00
66099	10.60	52.00
66102	10.50	52.00
66104	10.30	52.00
66106	10.30	52.00
66109	12.10	318.00
66111	10.30	52.00
66113	10.30	52.00
66115	10.30	52.00
66118	10.40	52.00
66120	61.60	312.00
66122	10.30	52.00
66125	10.70	56.00
66127	10.30	52.00
66129	10.20	62.00
66131	58.40	52.00
66134	10.40	52.00
66136	10.40	56.00
66138	10.40	56.00
66141	13.30	66.00
66143	10.60	52.00
66145	10.50	52.00
66148	10.50	52.00
66150	10.60	52.00
66152	15.30	78.00
66154	10.40	52.00
66157	10.10	52.00
66159	10.40	52.00
66161	10.10	52.00
66164	16.70	266.00
66166	10.40	52.00
66168	10.50	52.00
66170	10.10	52.00
66173	10.50	52.00
66175	49.10	250.00
66177	10.50	52.00
66180	10.30	52.00
66182	10.40	52.00
66184	10.70	56.00
66186	47.60	242.00
66189	10.40	52.00
66191	10.20	52.00
66193	10.20	56.00
66196	10.70	102.00
66198	44.00	52.00
66200	10.40	52.00
66203	10.50	52.00
66205	10.20	52.00
66207	21.90	112.00
66209	10.60	52.00
66212	10.70	56.00
66214	10.40	52.00
66216	10.40	52.00
66219	26.10	180.00
66221	10.50	52.00
66223	10.50	52.00
66225	10.50	52.00
66228	10.20	52.00
66230	32.80	168.00
66232	10.70	56.00
66235	10.50	52.00
66237	10.50	52.00
66239	10.40	52.00
66241	26.90	138.00
66244	10.50	52.00
66246	10.50	52.00
66248	10.40	52.00
66251	10.50	186.00
66253	23.90	52.00
66255	10.40	52.00
66258	10.50	52.00
66260	10.40	52.00
66262	39.50	200.00
66264	10.40	52.00
66267	10.30	52.00
66269	10.40	52.00
66271	10.50	52.00
66274	44.50	226.00
66276	10.60	56.00
66278	10.60	52.00
66280	10.40	52.00
66283	10.40	52.00
66285	18.90	96.00
66287	10.40	52.00
66290	10.50	52.00
66292	10.50	52.00
66294	10.50	52.00
66296	18.10	92.00
66299	10.40	52.00
66301	10.40	52.00
66303	10.50	52.00
66306	10.40	266.00
66308	16.80	52.00
66310	10.40	52.00
66313	10.30	52.00
66315	10.40	52.00
66317	54.30	276.00
66319	10.30	52.00
66322	10.40	52.00
66324	10.50	52.00
66326	10.40	52.00
66329	55.50	282.00
66331	10.10	52.00
66333	10.30	52.00
66335	10.30	52.00
66338	10.60	52.00
66340	57.80	72.00
66342	10.60	52.00
66345	10.50	52.00
66347	10.60	52.00
66349	10.60	52.00
66351	12.00	62.00
66354	10.10	52.00
66356	10.50	52.00
66358	10.50	52.00
66361	10.60	52.00
66363	11.20	52.00
66365	10.60	52.00
66368	10.30	52.00
66370	10.50	52.00
66372	10.60	328.00
66374	10.50	52.00
66377	10.50	52.00
66379	10.20	52.00
66381	10.50	52.00
66384	66.10	334.00
66386	10.40	52.00
66388	10.50	52.00
66390	10.60	52.00
66393	10.80	52.00
66395	65.30	50.00
66397	10.60	52.00
66400	10.70	52.00
66402	10.20	52.00
66404	10.50	52.00
66406	10.10	52.00
66409	10.60	52.00
66411	10.40	52.00
66413	10.60	52.00
66416	10.90	56.00
66418	10.70	56.00
66420	10.40	52.00
66423	10.30	52.00
66425	10.50	52.00
66427	11.40	344.00
66429	10.60	56.00
66432	10.50	52.00
66434	10.40	52.00
66436	10.30	52.00
66439	65.00	330.00
66441	10.50	52.00
66443	10.30	52.00
66445	10.40	52.00
66448	10.10	52.00
66450	63.00	56.00
66452	10.40	52.00
66455	10.40	52.00
66457	10.40	52.00
66459	10.10	62.00
66461	10.60	52.00
66464	10.40	52.00
66466	10.60	52.00
66468	10.80	56.00
66471	13.10	66.00
66473	10.30	52.00
66475	10.50	52.00
66478	10.60	52.00
66480	10.40	52.00
66482	14.20	272.00
66484	10.30	52.00
66487	10.50	52.00
66489	10.20	52.00
66491	10.40	52.00
66494	53.10	268.00
66496	10.50	52.00
66498	10.20	52.00
66500	10.60	52.00
66503	10.50	52.00
66505	50.40	256.00
66507	10.30	52.00
66510	10.20	52.00
66512	10.50	52.00
66514	10.40	96.00
66516	48.70	52.00
66519	10.30	52.00
66521	10.50	52.00
66523	10.30	52.00
66526	19.80	102.00
66528	10.40	52.00
66530	10.30	52.00
66533	10.60	52.00
66535	10.10	52.00
66537	21.30	222.00
66539	10.50	52.00
66542	10.30	52.00
66544	10.30	56.00
66546	10.50	52.00
66549	37.30	190.00
66551	10.20	52.00
66553	10.60	52.00
66555	10.50	52.00
66558	10.40	52.00
66560	33.80	170.00
66562	10.40	52.00
66565	10.50	52.00
66567	10.60	52.00
66569	10.50	170.00
66571	26.00	52.00
66574	10.40	52.00
66576	10.30	52.00
66578	10.40	52.00
66581	37.20	186.00
66583	10.70	56.00
66585	10.20	52.00
66588	10.20	52.00
66590	10.50	52.00
66592	39.40	200.00
66594	10.30	52.00
66597	10.40	52.00
66599	10.40	52.00
66601	10.40	52.00
66604	42.50	108.00
66606	10.50	52.00
66608	10.40	52.00
66610	10.20	52.00
66613	10.40	52.00
66615	19.80	102.00
66617	10.40	52.00
66620	10.50	52.00
66622	10.20	52.00
66624	10.40	240.00
66626	19.30	52.00
66629	10.20	52.00
66631	10.50	52.00
66633	10.50	52.00
66636	49.50	250.00
66638	10.50	52.00
66640	10.60	52.00
66643	10.50	52.00
66645	10.40	52.00
66647	52.60	266.00
66649	10.60	52.00
66652	10.50	52.00
66654	10.60	52.00
66656	10.40	52.00
66659	54.60	78.00
66661	10.30	52.00
66663	10.40	52.00
66665	10.70	56.00
66668	10.50	52.00
66670	14.60	76.00
66672	10.60	52.00
66675	10.50	52.00
66677	10.70	56.00
66679	10.50	52.00
66681	12.70	66.00
66684	10.50	52.00
66686	10.70	52.00
66688	10.50	52.00
66691	10.20	312.00
66693	11.50	52.00
66695	10.10	52.00
66698	10.50	52.00
66700	10.40	52.00
66702	62.70	318.00
66704	10.50	52.00
66707	10.30	52.00
66709	10.30	52.00
66711	10.30	52.00
66714	65.50	52.00
66716	10.60	52.00
66718	10.20	52.00
66720	10.50	52.00
66723	10.20	52.00
66725	10.20	52.00
66727	10.20	52.00
66730	10.40	52.00
66732	10.50	52.00
66734	10.40	52.00
66736	10.10	52.00
66739	10.60	52.00
66741	10.60	52.00
66743	10.40	52.00
66746	10.40	338.00
66748	10.20	52.00
66750	10.60	52.00
66753	10.40	52.00
66755	10.60	52.00
66757	68.30	348.00
66759	10.50	52.00
66762	10.60	52.00
66764	10.10	52.00
66766	10.30	52.00
66769	66.80	338.00
66771	10.50	52.00
66773	10.50	52.00
66775	10.40	52.00
66778	10.30	62.00
66780	62.30	52.00
66782	10.10	52.00
66785	10.50	52.00
66787	10.20	52.00
66789	12.20	62.00
66791	10.60	52.00
66794	10.60	52.00
66796	10.50	52.00
66798	10.20	52.00
66801	12.80	292.00
66803	10.60	52.00
66805	10.30	52.00
66808	10.40	52.00
66810	10.40	52.00
66812	55.80	282.00
66814	10.40	52.00
66817	10.50	52.00
66819	10.40	52.00
66821	10.40	52.00
66824	53.00	268.00
66826	10.40	52.00
66828	10.60	52.00
66830	10.40	52.00
66833	10.50	86.00
66835	51.90	52.00
66837	10.40	52.00
66840	10.70	56.00
66842	10.50	52.00
66844	17.90	92.00
66846	10.50	52.00
66849	10.70	56.00
66851	10.20	52.00
66853	10.60	52.00
66856	20.00	102.00
66858	10.40	52.00
66860	10.50	52.00
66863	10.70	52.00
66865	10.70	52.00
66867	21.10	220.00
66869	10.60	52.00
66872	10.50	52.00
66874	10.70	56.00
66876	10.40	52.00
66879	42.10	212.00
66881	10.50	52.00
66883	10.60	52.00
66885	10.40	52.00
66888	10.40	134.00
66890	33.80	52.00
66892	10.40	52.00
66895	10.20	52.00
66897	10.80	52.00
66899	30.10	150.00
66901	10.60	52.00
66904	10.40	52.00
66906	10.40	52.00
66908	10.60	52.00
66911	34.70	174.00
66913	10.60	52.00
66915	10.60	52.00
66918	10.60	52.00
66920	10.50	52.00
66922	38.60	114.00
66924	10.50	52.00
66927	10.30	52.00
66929	10.30	52.00
66931	10.40	52.00
66934	21.20	108.00
66936	10.40	52.00
66938	10.40	52.00
66940	10.40	52.00
66943	10.60	52.00
66945	20.90	52.00
66947	10.20	52.00
66950	10.40	52.00
66952	10.40	52.00
66954	10.40	232.00
66956	10.50	52.00
66959	10.50	52.00
66961	10.50	52.00
66963	10.50	52.00
66966	49.60	250.00
66968	10.10	52.00
66970	10.50	52.00
66973	10.30	52.00
66975	10.70	52.00
66977	52.40	88.00
66979	10.50	52.00
66982	10.50	52.00
66984	10.60	52.00
66986	10.50	52.00
66989	16.10	82.00
66991	10.40	52.00
66993	10.20	52.00
66995	10.40	52.00
66998	10.60	52.00
67000	14.10	72.00
67002	10.10	52.00
67005	10.60	52.00
67007	10.40	52.00
67009	10.20	294.00
67011	13.40	52.00
67014	10.60	52.00
67016	10.60	52.00
67018	10.70	56.00
67021	60.10	304.00
67023	10.50	52.00
67025	10.50	52.00
67028	10.20	52.00
67030	10.40	52.00
67032	62.80	56.00
67034	10.60	52.00
67037	10.60	52.00
67039	10.30	52.00
67041	10.70	52.00
67044	9.90	50.00
67046	10.50	52.00
67048	10.40	52.00
67050	10.40	52.00
67053	10.40	52.00
67055	9.80	50.00
67057	12.70	66.00
67060	10.30	52.00
67062	10.60	56.00
67064	10.30	328.00
67066	10.00	52.00
67069	10.20	52.00
67071	10.20	52.00
67073	10.20	52.00
67076	66.50	338.00
67078	10.50	52.00
67080	10.50	52.00
67083	10.50	52.00
67085	10.50	52.00
67087	67.50	340.00
67089	10.50	52.00
67092	10.50	52.00
67094	10.30	52.00
67096	10.60	58.00
67099	67.50	52.00
67101	10.40	52.00
67103	10.50	52.00
67105	10.40	52.00
67108	11.70	58.00
67110	10.60	52.00
67112	10.30	52.00
67115	10.20	52.00
67117	10.60	52.00
67119	12.10	318.00
67121	10.80	52.00
67124	10.50	52.00
67126	10.50	52.00
67128	10.20	52.00
67131	59.40	302.00
67133	10.70	56.00
67135	10.60	52.00
67138	10.50	52.00
67140	10.40	52.00
67142	59.70	302.00
67144	10.30	52.00
67147	10.40	52.00
67149	10.50	52.00
67151	10.50	68.00
67154	55.50	52.00
67156	10.40	52.00
67158	10.60	52.00
67160	10.50	52.00
67163	15.40	78.00
67165	10.30	52.00
67167	10.60	52.00
67170	10.50	52.00
67172	10.20	52.00
67174	16.60	86.00
67176	10.40	52.00
67179	10.50	52.00
67181	10.40	56.00
67183	10.70	52.00
67186	17.80	250.00
67188	10.50	52.00
67190	10.30	52.00
67193	10.50	52.00
67195	10.60	52.00
67197	46.20	236.00
67199	10.60	52.00
67202	10.60	52.00
67204	10.20	52.00
67206	10.60	108.00
67209	44.40	52.00
67211	10.50	52.00
67213	10.50	52.00
67215	10.30	52.00
67218	22.40	114.00
67220	10.50	52.00
67222	10.20	52.00
67225	10.40	52.00
67227	10.40	52.00
67229	28.40	144.00
67231	10.50	52.00
67234	10.20	52.00
67236	10.40	52.00
67238	10.30	52.00
67241	33.00	134.00
67243	10.50	52.00
67245	10.40	50.00
67248	10.50	52.00
67250	10.60	52.00
67252	22.80	114.00
67254	10.20	52.00
67257	10.40	52.00
67259	10.50	52.00
67261	10.60	52.00
67264	21.90	112.00
67266	10.30	56.00
67268	10.30	52.00
67270	10.40	52.00
67273	10.50	220.00
67275	20.40	52.00
67277	10.50	52.00
67280	10.50	52.00
67282	10.40	52.00
67284	45.70	230.00
67286	10.40	52.00
67289	10.50	52.00
67291	10.20	52.00
67293	10.20	52.00
67296	50.40	92.00
67298	10.40	52.00
67300	10.60	52.00
67303	10.40	56.00
67305	10.40	52.00
67307	16.90	86.00
67309	10.50	52.00
67312	10.50	52.00
67314	10.50	52.00
67316	10.20	52.00
67319	17.80	92.00
67321	10.50	52.00
67323	10.40	52.00
67325	10.40	52.00
67328	10.20	268.00
67330	16.60	52.00
67332	10.40	52.00
67335	10.50	52.00
67337	10.40	52.00
67339	55.10	278.00
67341	10.20	52.00
67344	10.10	52.00
67346	10.50	52.00
67348	10.60	52.00
67351	60.20	304.00
67353	10.40	52.00
67355	10.50	52.00
67358	10.60	52.00
67360	10.30	52.00
67362	62.40	56.00
67364	10.70	56.00
67367	10.40	52.00
67369	10.50	52.00
67371	10.50	52.00
67374	10.00	50.00
67376	10.40	52.00
67378	10.60	52.00
67380	10.60	52.00
67383	10.40	334.00
67385	10.10	52.00
67387	10.60	52.00
67390	10.30	52.00
67392	10.70	52.00
67394	65.70	330.00
67396	10.50	52.00
67399	10.40	52.00
67401	10.40	52.00
67403	10.40	52.00
67406	65.80	334.00
67408	10.60	52.00
67410	10.50	52.00
67413	10.20	56.00
67415	10.60	56.00
67417	68.10	52.00
67419	10.40	52.00
67422	10.30	52.00
67424	10.20	52.00
67426	11.60	58.00
67429	10.10	52.00
67431	10.40	52.00
67433	10.40	52.00
67435	10.40	52.00
67438	12.00	62.00
67440	10.80	52.00
67442	10.60	52.00
67445	10.40	52.00
67447	10.50	52.00
67449	12.50	314.00
67451	10.20	52.00
67454	10.40	52.00
67456	10.60	52.00
67458	10.50	52.00
67461	58.80	298.00
67463	10.40	52.00
67465	10.60	52.00
67468	10.30	52.00
67470	10.60	66.00
67472	57.40	52.00
67474	10.60	56.00
67477	10.70	52.00
67479	10.20	52.00
67481	14.20	72.00
67484	10.60	52.00
67486	10.60	52.00
67488	10.30	52.00
67490	10.30	52.00
67493	16.50	82.00
67495	10.20	52.00
67497	10.40	52.00
67500	10.30	52.00
67502	10.50	52.00
67504	17.80	246.00
67506	10.60	52.00
67509	10.20	52.00
67511	10.60	52.00
67513	10.70	56.00
67516	47.60	242.00
67518	10.40	52.00
67520	10.30	52.00
67523	10.40	52.00
67525	10.30	52.00
67527	44.40	52.00
67529	10.30	52.00
67532	10.60	56.00
67534	10.50	52.00
67536	10.50	112.00
67539	10.40	52.00
67541	10.50	52.00
67543	10.50	52.00
67545	10.60	52.00
67548	26.00	132.00
67550	10.80	56.00
67552	10.50	52.00
67555	10.30	52.00
67557	10.60	52.00
67559	32.00	154.00
67561	10.20	52.00
67564	10.60	52.00
67566	10.40	56.00
67568	10.20	52.00
67571	23.90	122.00
67573	10.40	52.00
67575	10.50	52.00
67578	10.60	52.00
67580	10.10	52.00
67582	22.50	114.00
67584	10.30	52.00
67587	10.40	52.00
67589	10.40	52.00
67591	10.60	210.00
67594	20.70	52.00
67596	10.40	52.00
67598	10.70	56.00
67600	10.50	52.00
67603	44.80	226.00
67605	10.40	52.00
67607	10.70	56.00
67610	10.30	52.00
67612	10.20	52.00
67614	48.80	92.00
67616	10.60	52.00
67619	10.80	52.00
67621	10.50	52.00
67623	10.50	52.00
67626	17.10	86.00
67628	10.20	52.00
67630	10.60	52.00
67633	10.40	52.00
67635	10.60	52.00
67637	15.50	78.00
67639	10.40	52.00
67642	10.40	52.00
67644	10.60	52.00
67646	10.40	286.00
67649	14.90	52.00
67651	10.70	52.00
67653	10.30	52.00
67655	10.50	52.00
67658	57.70	292.00
67660	10.60	52.00
67662	10.50	52.00
67665	10.30	52.00
67667	10.40	52.00
67669	60.90	308.00
67671	10.30	52.00
67674	10.30	52.00
67676	10.40	52.00
67678	10.80	52.00
67681	62.00	56.00
67683	10.30	52.00
67685	10.50	52.00
67688	10.40	52.00
67690	10.50	52.00
67692	10.20	52.00
67694	10.20	52.00
67697	10.60	52.00
67699	10.60	52.00
67701	10.30	334.00
67704	10.40	52.00
67706	10.10	52.00
67708	10.40	56.00
67710	10.50	52.00
67713	65.80	334.00
67715	10.40	52.00
67717	10.40	52.00
67720	10.60	52.00
67722	10.40	52.00
67724	65.80	334.00
67726	10.40	52.00
67729	10.00	50.00
67731	10.40	52.00
67733	10.60	56.00
67736	67.30	52.00
67738	10.40	52.00
67740	10.50	52.00
67743	10.20	52.00
67745	10.90	56.00
67747	10.40	52.00
67749	10.20	52.00
67752	10.40	52.00
67754	10.60	52.00
67756	12.00	62.00
67759	10.70	56.00
67761	10.20	52.00
67763	10.60	52.00
67765	10.60	52.00
67768	12.20	314.00
67770	10.70	52.00
67772	10.70	56.00
67775	10.40	52.00
67777	10.60	52.00
67779	61.20	312.00
67781	10.50	52.00
67784	10.40	52.00
67786	10.60	52.00
67788	10.40	52.00
67791	56.60	52.00
67793	10.40	52.00
67795	10.40	52.00
67798	10.50	52.00
67800	13.90	68.00
67802	10.30	52.00
67804	10.20	52.00
67807	10.50	52.00
67809	10.40	52.00
67811	15.60	78.00
67814	10.40	52.00
67816	10.70	56.00
67818	10.60	52.00
67820	10.10	52.00
67823	17.00	256.00
67825	10.40	52.00
67827	10.30	52.00
67830	10.40	52.00
67832	10.50	52.00
67834	47.40	240.00
67836	10.40	52.00
67839	10.20	52.00
67841	10.40	52.00
67843	10.30	52.00
67846	45.60	232.00
67848	10.30	52.00
67850	10.30	52.00
67853	10.50	52.00
67855	10.60	108.00
67857	42.90	52.00
67859	10.70	56.00
67862	10.20	52.00
67864	10.70	56.00
67866	24.20	122.00
67869	10.40	52.00
67871	10.30	52.00
67873	10.50	52.00
67875	10.70	52.00
67878	30.10	154.00
67880	10.40	52.00
67882	10.40	56.00
67885	10.40	52.00
67887	10.30	52.00
67889	26.70	134.00
67891	10.50	52.00
67894	10.40	52.00
67896	10.50	52.00
67898	10.40	52.00
67901	23.30	118.00
67903	10.10	52.00
67905	10.30	52.00
67908	10.60	52.00
67910	10.50	204.00
67912	21.50	52.00
67914	10.60	52.00
67917	10.50	52.00
67919	10.50	52.00
67921	43.50	220.00
67924	10.40	52.00
67926	10.40	52.00
67928	10.20	52.00
67930	10.40	52.00
67933	47.70	240.00
67935	10.60	52.00
67937	10.50	52.00
67940	10.60	52.00
67942	10.50	52.00
67944	50.40	88.00
67946	10.40	52.00
67949	10.30	52.00
67951	10.30	52.00
67953	10.50	52.00
67956	16.70	86.00
67958	10.60	52.00
67960	10.40	52.00
67963	10.70	56.00
67965	10.40	278.00
67967	15.50	52.00
67969	10.50	52.00
67972	10.70	52.00
67974	10.40	52.00
67976	57.40	292.00
67979	10.30	52.00
67981	10.70	56.00
67983	10.70	56.00
67985	10.60	52.00
67988	59.40	302.00
67990	10.40	52.00
67992	10.50	52.00
67995	10.20	52.00
67997	10.40	52.00
67999	62.50	58.00
68001	10.20	52.00
68004	10.40	52.00
68006	10.40	52.00
68008	10.60	52.00
68011	10.40	52.00
68013	10.40	52.00
68015	10.30	52.00
68018	10.20	52.00
68020	10.40	52.00
68022	10.20	52.00
68024	10.40	52.00
68027	10.30	56.00
68029	10.30	52.00
68031	10.40	334.00
68034	10.50	52.00
68036	10.30	52.00
68038	10.40	52.00
68040	10.60	52.00
68043	65.70	330.00
68045	10.40	52.00
68047	10.60	52.00
68050	10.50	52.00
68052	10.20	56.00
68054	67.20	52.00
68056	10.50	52.00
68059	10.60	50.00
68061	10.40	52.00
68063	11.10	56.00
68066	10.40	52.00
68068	10.50	52.00
68070	10.50	52.00
68073	10.40	52.00
68075	11.70	58.00
68077	10.20	52.00
68079	10.50	52.00
68082	10.60	56.00
68084	10.30	52.00
68086	12.10	322.00
68089	10.70	52.00
68091	10.20	52.00
68093	10.60	52.00
68095	10.40	52.00
68098	61.80	314.00
68100	10.40	52.00
68102	10.40	52.00
68105	10.50	52.00
68107	10.60	52.00
68109	59.60	52.00
68111	10.50	52.00
68114	10.60	52.00
68116	10.60	52.00
68118	10.40	68.00
68121	10.30	52.00
68123	10.40	52.00
68125	10.30	52.00
68128	10.40	52.00
68130	13.90	68.00
68132	10.20	52.00
68134	10.40	52.00
68137	10.50	52.00
68139	10.20	52.00
68141	16.20	262.00
68144	10.50	52.00
68146	10.70	52.00
68148	10.30	52.00
68150	10.50	52.00
68153	49.80	252.00
68155	10.30	52.00
68157	10.30	52.00
68160	10.50	52.00
68162	10.20	52.00
68164	46.70	236.00
68166	10.40	52.00
68169	10.40	52.00
68171	10.60	52.00
68173	10.60	104.00
68176	44.80	52.00
68178	10.40	52.00
68180	10.40	52.00
68183	10.30	52.00
68185	22.20	112.00
68187	10.50	52.00
68189	10.20	52.00
68192	10.40	52.00
68194	10.40	52.00
68196	26.60	176.00
68199	10.50	52.00
68201	10.40	52.00
68203	10.30	52.00
68205	10.40	52.00
68208	27.00	138.00
68210	10.60	52.00
68212	10.50	52.00
68215	10.50	52.00
68217	10.50	52.00
68219	23.70	122.00
68221	10.50	52.00
68224	10.40	52.00
68226	10.30	52.00
68228	10.40	200.00
68231	21.60	50.00
68233	10.40	52.00
68235	10.50	52.00
68238	10.50	52.00
68240	43.30	220.00
68242	10.60	52.00
68244	10.60	52.00
68247	10.20	52.00
68249	10.10	52.00
68251	47.30	240.00
68254	10.40	52.00
68256	10.40	56.00
68258	10.60	52.00
68260	10.50	52.00
68263	50.20	92.00
68265	10.20	52.00
68267	10.50	52.00
68270	10.30	52.00
68272	10.20	52.00
68274	16.50	86.00
68276	10.60	52.00
68279	10.60	52.00
68281	10.40	52.00
68283	10.20	52.00
68286	15.80	52.00
68288	10.50	52.00
68290	10.50	52.00
68293	10.20	52.00
68295	56.00	282.00
68297	10.50	52.00
68299	10.60	52.00
68302	10.40	52.00
68304	10.40	52.00
68306	58.50	294.00
68309	10.40	52.00
68311	10.40	52.00
68313	10.50	52.00
68315	10.40	52.00
68318	61.00	58.00
68320	10.30	52.00
68322	10.30	52.00
68325	10.40	52.00
68327	10.40	52.00
68329	11.00	56.00
68331	10.40	52.00
68334	10.40	52.00
68336	10.40	52.00
68338	10.30	52.00
68341	9.90	50.00
68343	10.50	52.00
68345	10.60	52.00
68348	10.20	52.00
68350	10.50	334.00
68352	9.90	52.00
68354	10.50	52.00
68357	10.60	52.00
68359	10.50	52.00
68361	64.60	328.00
68364	10.50	52.00
68366	10.60	52.00
68368	10.40	52.00
68370	10.50	52.00
68373	66.10	52.00
68375	10.00	52.00
68377	10.50	52.00
68380	10.50	52.00
68382	10.40	56.00
68384	10.40	52.00
68386	10.50	52.00
68389	10.40	52.00
68391	10.60	52.00
68393	11.80	58.00
68396	10.40	52.00
68398	10.50	52.00
68400	10.70	56.00
68403	10.50	52.00
68405	12.20	322.00
68407	10.50	52.00
68409	10.20	52.00
68412	10.50	52.00
68414	10.50	52.00
68416	62.70	318.00
68419	10.60	52.00
68421	10.40	52.00
68423	10.50	52.00
68425	10.50	52.00
68428	59.50	302.00
68430	10.40	52.00
68432	10.40	52.00
68435	10.50	52.00
68437	10.50	66.00
68439	57.70	50.00
68441	10.60	52.00
68444	10.40	52.00
68446	10.50	52.00
68448	14.50	72.00
68451	10.60	52.00
68453	10.40	52.00
68455	10.60	52.00
68458	10.70	56.00
68460	15.90	272.00
68462	10.60	52.00
68464	10.20	52.00
68467	10.40	52.00
68469	10.10	52.00
68471	50.50	256.00
68474	10.60	52.00
68476	10.70	56.00
68478	10.50	52.00
68480	10.50	52.00
68483	48.90	250.00
68485	10.60	52.00
68487	10.50	52.00
68490	10.70	52.00
68492	10.70	102.00
68494	45.70	52.00
68496	10.40	52.00
68499	10.70	52.00
68501	10.60	52.00
68503	21.00	104.00
68506	10.60	52.00
68508	10.40	52.00
68510	10.20	52.00
68513	10.30	52.00
68515	23.40	118.00
68517	10.20	52.00
68519	10.70	52.00
68522	10.30	52.00
68524	10.40	52.00
68526	29.00	268.00
68529	10.40	52.00
68531	10.20	52.00
68533	10.60	52.00
68535	10.40	52.00
68538	36.50	184.00
68540	10.50	52.00
68542	10.40	52.00
68545	10.50	52.00
68547	10.50	184.00
68549	30.80	52.00
68551	10.10	52.00
68554	10.50	52.00
68556	10.50	52.00
68558	36.00	180.00
68561	10.50	52.00
68563	10.50	52.00
68565	10.40	52.00
68568	10.10	52.00
68570	40.80	206.00
68572	10.50	52.00
68574	10.40	52.00
68577	10.60	52.00
68579	10.40	52.00
68581	45.00	112.00
68584	10.60	52.00
68586	10.30	52.00
68588	10.40	52.00
68590	10.50	52.00
68593	21.30	108.00
68595	10.50	52.00
68597	10.60	52.00
68600	10.40	52.00
68602	10.70	56.00
68604	19.30	52.00
68606	10.40	52.00
68609	10.70	52.00
68611	10.40	52.00
68613	10.60	268.00
68616	10.40	52.00
68618	10.50	52.00
68620	10.20	52.00
68623	10.60	52.00
68625	55.40	278.00
68627	10.30	52.00
68629	10.50	52.00
68632	10.40	52.00
68634	10.50	52.00
68636	57.70	66.00
68639	10.50	52.00
68641	10.60	52.00
68643	10.40	52.00
68645	10.50	52.00
68648	14.00	72.00
68650	10.40	52.00
68652	10.70	56.00
68655	10.20	52.00
68657	10.30	52.00
68659	13.10	66.00
68661	10.60	52.00
68664	10.50	52.00
68666	10.50	52.00
68668	10.20	328.00
68671	10.00	52.00
68673	10.10	52.00
68675	10.40	52.00
68678	10.50	52.00
68680	64.90	328.00
68682	10.60	52.00
68684	10.10	52.00
68687	10.50	52.00
68689	10.40	52.00
68691	68.70	50.00
68694	10.50	52.00
68696	10.60	52.00
68698	10.60	52.00
68700	10.60	52.00
68703	10.20	52.00
68705	10.60	52.00
68707	10.40	52.00
68710	10.60	52.00
68712	10.80	56.00
68714	10.40	52.00
68716	10.50	52.00
68719	10.70	56.00
68721	10.40	52.00
68723	11.50	340.00
68726	10.00	52.00
68728	10.40	52.00
68730	10.10	52.00
68733	10.30	52.00
68735	66.10	334.00
68737	10.20	52.00
68739	10.30	52.00
68742	10.50	52.00
68744	10.50	52.00
68746	61.80	314.00
68749	10.40	52.00
68751	10.20	52.00
68753	10.60	52.00
68755	10.40	62.00
68758	60.90	56.00
68760	10.70	56.00
68762	10.50	52.00
68765	10.60	52.00
68767	12.80	66.00
68769	10.50	52.00
68771	10.40	52.00
68774	10.60	52.00
68776	10.20	52.00
68778	13.20	66.00
68781	10.40	52.00
68783	10.50	50.00
68785	10.50	52.00
68788	10.20	52.00
68790	53.10	268.00
68792	10.30	52.00
68794	10.50	52.00
68797	10.60	52.00
68799	10.50	52.00
68801	51.70	262.00
68804	10.50	52.00
68806	10.50	52.00
68808	10.20	52.00
68810	10.40	96.00
68813	47.30	52.00
68815	10.70	52.00
68817	10.70	52.00
68820	10.50	52.00
68822	19.80	102.00
68824	10.70	56.00
68826	10.40	52.00
68829	10.50	52.00
68831	10.30	52.00
68833	21.20	108.00
68836	10.50	52.00
68838	10.80	52.00
68840	10.50	52.00
68843	10.40	52.00
68845	22.60	206.00
68847	10.70	52.00
68849	10.60	52.00
68852	10.30	52.00
68854	10.40	52.00
68856	32.90	168.00
68859	10.40	52.00
68861	10.60	52.00
68863	10.20	52.00
68865	10.60	164.00
68868	28.30	52.00
68870	10.40	52.00
68872	10.40	52.00
68875	10.40	52.00
68877	10.20	184.00
68879	10.20	52.00
68881	10.40	52.00
68884	10.30	52.00
68886	10.50	52.00
68888	40.30	204.00
68891	10.20	52.00
68893	10.50	52.00
68895	10.60	52.00
68898	10.10	52.00
68900	42.60	104.00
68902	10.20	52.00
68904	10.10	52.00
68907	10.50	52.00
68909	10.20	52.00
68911	19.10	98.00
68914	10.40	52.00
68916	10.40	52.00
68918	10.40	52.00
68920	10.20	52.00
68923	18.00	92.00
68925	10.60	52.00
68927	10.40	52.00
68930	10.60	52.00
68932	10.70	266.00
68934	16.40	52.00
68936	10.50	52.00
68939	10.40	52.00
68941	10.20	52.00
68943	55.10	278.00
68946	10.20	52.00
68948	10.80	56.00
68950	10.40	52.00
68953	10.50	52.00
68955	56.90	72.00
68957	10.50	56.00
68959	10.60	52.00
68962	10.40	52.00
68964	10.50	52.00
68966	12.50	62.00
68969	10.60	52.00
68971	10.10	52.00
68973	10.20	52.00
68975	10.40	52.00
68978	11.70	58.00
68980	10.60	52.00
68982	10.40	52.00
68985	10.50	52.00
68987	10.50	324.00
68989	10.50	52.00
68991	10.70	52.00
68994	10.60	52.00
68996	10.30	52.00
68998	66.00	334.00
69001	10.50	52.00
69003	10.20	52.00
69005	10.50	52.00
69008	10.50	52.00
69010	66.20	334.00
69012	10.30	52.00
69014	10.40	52.00
69017	10.60	52.00
69019	10.50	56.00
69021	65.80	52.00
69024	10.50	52.00
69026	10.10	52.00
69028	10.50	52.00
69030	11.30	56.00
69033	10.70	56.00
69035	10.20	52.00
69037	10.50	52.00
69040	10.50	52.00
69042	11.50	344.00
69044	10.50	52.00
69046	10.50	52.00
69049	10.50	52.00
69051	10.40	52.00
69053	64.10	324.00
69056	10.50	52.00
69058	10.30	52.00
69060	10.50	52.00
69063	10.40	52.00
69065	62.70	318.00
69067	10.50	52.00
69069	10.60	52.00
69072	10.50	52.00
69074	10.40	62.00
69076	62.10	52.00
69079	10.40	56.00
69081	10.40	52.00
69083	10.50	52.00
69085	12.50	62.00
69088	10.50	52.00
69090	10.60	52.00
69092	10.50	52.00
69095	10.10	52.00
69097	15.30	78.00
69099	10.40	52.00
69101	10.60	52.00
69104	10.20	52.00
69106	10.50	52.00
69108	16.70	262.00
69111	10.20	52.00
69113	10.60	52.00
69115	10.40	52.00
69118	10.40	52.00
69120	48.60	246.00
69122	10.30	52.00
69124	10.60	52.00
69127	10.40	52.00
69129	10.40	102.00
69131	46.10	56.00
69134	10.60	52.00
69136	10.50	52.00
69138	10.50	52.00
69140	21.10	104.00
69143	10.60	52.00
69145	10.50	52.00
69147	10.40	52.00
69150	10.20	52.00
69152	22.10	112.00
69154	10.70	56.00
69156	10.40	52.00
69159	10.20	52.00
69161	10.40	52.00
69163	25.60	180.00
69166	10.50	52.00
69168	10.20	52.00
69170	10.50	52.00
69173	10.50	52.00
69175	30.90	158.00
69177	10.40	52.00
69179	10.30	52.00
69182	10.70	56.00
69184	10.50	52.00
69186	23.90	52.00
69189	10.30	52.00
69191	10.40	52.00
69193	10.40	52.00
69195	10.90	196.00
69198	10.50	52.00
69200	10.40	52.00
69202	10.70	56.00
69205	10.60	52.00
69207	43.10	216.00
69209	10.30	52.00
69211	10.50	52.00
69214	10.30	52.00
69216	10.60	52.00
69218	45.90	98.00
69221	10.60	52.00
69223	10.70	52.00
69225	10.50	52.00
69228	10.20	52.00
69230	17.60	88.00
69232	10.50	52.00
69234	10.50	52.00
69237	10.30	52.00
69239	10.40	52.00
69241	16.60	86.00
69244	10.60	52.00
69246	10.60	52.00
69248	10.60	52.00
69250	10.60	276.00
69253	15.40	52.00
69255	10.50	52.00
69257	10.60	52.00
69260	10.60	52.00
69262	56.40	286.00
69264	10.60	52.00
69266	10.60	52.00
69269	10.50	52.00
69271	10.70	56.00
69273	57.90	292.00
69276	10.70	52.00
69278	10.40	52.00
69280	10.40	52.00
69283	10.50	52.00
69285	12.30	62.00
69287	10.50	52.00
69289	10.10	52.00
69292	10.60	52.00
69294	10.40	52.00
69296	10.90	56.00
69299	10.20	52.00
69301	10.50	52.00
69303	10.40	52.00
69305	10.00	330.00
69308	10.10	52.00
69310	10.40	52.00
69312	10.40	52.00
69315	10.30	52.00
69317	65.60	330.00
69319	10.60	52.00
69321	10.30	52.00
69324	10.10	52.00
69326	10.40	52.00
69328	65.20	330.00
69331	10.60	52.00
69333	10.30	52.00
69335	10.30	52.00
69338	10.40	52.00
69340	66.10	52.00
69342	10.40	52.00
69344	10.40	52.00
69347	10.30	52.00
69349	11.10	56.00
69351	10.10	52.00
69354	10.50	52.00
69356	10.20	52.00
69358	10.50	52.00
69360	11.50	340.00
69363	10.50	52.00
69365	10.20	52.00
69367	10.40	52.00
69370	10.60	52.00
69372	11.70	328.00
69374	10.40	52.00
69376	10.70	56.00
69379	10.50	52.00
69381	10.30	52.00
69383	61.50	312.00
69386	10.20	52.00
69388	10.40	52.00
69390	10.20	52.00
69393	10.50	62.00
69395	59.70	52.00
69397	10.40	52.00
69399	10.50	52.00
69402	10.50	52.00
69404	13.20	66.00
69406	10.40	52.00
69409	10.60	52.00
69411	10.40	52.00
69413	10.50	52.00
69415	15.40	78.00
69418	10.50	52.00
69420	10.60	52.00
69422	10.40	52.00
69425	10.50	52.00
69427	17.00	256.00
69429	10.50	52.00
69431	10.40	52.00
69434	10.20	52.00
69436	10.50	52.00
69438	48.20	246.00
69441	10.20	52.00
69443	10.50	52.00
69445	10.10	52.00
69448	10.50	52.00
69450	44.70	56.00
69452	10.50	52.00
69454	10.50	52.00
69457	10.50	52.00
69459	10.50	108.00
69461	10.30	52.00
69464	10.50	52.00
69466	10.30	52.00
69468	10.50	52.00
69470	24.90	124.00
69473	10.40	52.00
69475	10.40	52.00
69477	10.20	52.00
69480	10.50	52.00
69482	29.40	164.00
69484	10.50	52.00
69486	10.20	52.00
69489	10.40	52.00
69491	10.50	52.00
69493	25.60	132.00
69496	10.20	52.00
69498	10.50	52.00
69500	10.40	52.00
69503	10.60	52.00
69505	22.80	114.00
69507	10.30	56.00
69509	10.30	52.00
69512	10.20	52.00
69514	10.60	204.00
69516	21.40	52.00
69519	10.20	52.00
69521	10.40	52.00
69523	10.40	52.00
69525	43.50	220.00
69528	10.30	52.00
69530	10.40	52.00
69532	10.00	50.00
69535	10.20	52.00
69537	47.00	98.00
69539	10.40	52.00
69541	10.40	52.00
69544	10.80	52.00
69546	10.30	52.00
69548	18.10	92.00
69551	10.40	52.00
69553	10.30	52.00
69555	10.30	52.00
69558	10.20	52.00
69560	16.80	86.00
69562	10.30	52.00
69564	10.70	56.00
69567	10.40	52.00
69569	10.50	276.00
69571	16.10	52.00
69574	10.30	52.00
69576	10.50	52.00
69578	10.50	52.00
69580	55.60	282.00
69583	10.40	52.00
69585	10.50	52.00
69587	10.50	52.00
69590	10.40	52.00
69592	57.30	288.00
69594	10.60	52.00
69596	10.40	52.00
69599	10.20	52.00
69601	10.50	52.00
69603	60.40	62.00
69606	10.50	52.00
69608	10.70	56.00
69610	10.10	52.00
69613	10.50	52.00
69615	11.60	58.00
69617	10.10	52.00
69619	10.50	52.00
69622	10.50	52.00
69624	10.20	324.00
69626	10.30	52.00
69629	10.60	52.00
69631	10.50	52.00
69633	10.50	52.00
69635	66.60	338.00
69638	10.70	56.00
69640	10.60	52.00
69642	10.40	52.00
69645	10.80	56.00
69647	65.10	330.00
69649	10.70	56.00
69651	10.40	52.00
69654	10.50	52.00
69656	10.80	52.00
69658	65.30	50.00
69661	10.40	56.00
69663	10.20	52.00
69665	10.50	52.00
69668	10.80	56.00
69670	10.50	52.00
69672	10.20	52.00
69674	10.50	52.00
69677	10.50	52.00
69679	11.20	56.00
69681	10.40	52.00
69684	10.60	52.00
69686	10.50	52.00
69688	10.50	52.00
69690	11.50	328.00
69693	10.70	56.00
69695	10.20	52.00
69697	10.60	52.00
69700	10.40	52.00
69702	64.00	324.00
69704	10.30	52.00
69706	10.30	52.00
69709	10.40	52.00
69711	10.50	62.00
69713	60.50	56.00
69716	10.40	52.00
69718	10.40	52.00
69720	10.30	52.00
69723	12.50	62.00
69725	10.40	52.00
69727	10.40	52.00
69729	10.50	52.00
69732	10.50	52.00
69734	13.80	68.00
69736	10.40	52.00
69739	10.60	52.00
69741	10.60	52.00
69743	10.60	52.00
69745	14.90	276.00
69748	10.30	52.00
69750	10.60	52.00
69752	10.40	52.00
69755	10.50	52.00
69757	51.30	258.00
69759	10.50	52.00
69761	10.40	52.00
69764	10.50	52.00
69766	10.50	52.00
69768	49.40	250.00
69771	10.30	52.00
69773	10.30	56.00
69775	10.50	52.00
69778	10.10	96.00
69780	10.50	52.00
69782	10.40	52.00
69784	10.40	52.00
69787	10.60	52.00
69789	20.30	102.00
69791	10.50	52.00
69794	10.20	52.00
69796	10.20	52.00
69798	10.20	52.00
69800	21.50	212.00
69803	10.60	52.00
69805	10.40	52.00
69807	10.50	52.00
69810	10.50	52.00
69812	39.00	196.00
69814	10.30	52.00
69816	10.50	52.00
69819	10.40	52.00
69821	10.50	52.00
69823	32.10	164.00
69826	10.40	52.00
69828	10.40	52.00
69830	10.50	52.00
69833	10.30	174.00
69835	26.70	52.00
69837	10.30	52.00
69839	10.40	52.00
69842	10.60	52.00
69844	37.20	186.00
69846	10.40	52.00
69849	10.60	52.00
69851	10.30	52.00
69853	10.50	52.00
69855	41.00	112.00
69858	10.40	52.00
69860	10.40	52.00
69862	10.30	52.00
69865	10.30	52.00
69867	43.90	102.00
69869	10.60	52.00
69871	10.40	52.00
69874	10.40	52.00
69876	10.50	52.00
69878	19.10	98.00
69881	10.40	52.00
69883	10.40	52.00
69885	10.20	52.00
69888	10.50	256.00
69890	17.50	52.00
69892	10.40	52.00
69894	10.50	52.00
69897	10.60	52.00
69899	52.90	266.00
69901	10.30	52.00
69904	10.30	52.00
69906	10.30	52.00
69908	10.60	52.00
69910	55.40	278.00
69913	10.60	52.00
69915	10.30	52.00
69917	10.40	52.00
69920	10.60	56.00
69922	58.60	68.00
69924	10.40	52.00
69926	10.60	52.00
69929	10.20	52.00
69931	10.20	52.00
69933	11.90	58.00
69936	10.60	52.00
69938	10.40	52.00
69940	10.50	52.00
69943	10.50	52.00
69945	10.80	52.00
69947	10.50	52.00
69949	10.50	52.00
69952	10.30	52.00
69954	10.50	330.00
69956	10.60	52.00
69959	10.60	52.00
69961	10.30	52.00
69963	10.60	52.00
69965	65.90	334.00
69968	10.70	56.00
69970	10.50	52.00
69972	10.60	52.00
69975	10.50	52.00
69977	64.70	52.00
69979	10.60	52.00
69981	10.50	52.00
69984	10.60	52.00
69986	10.50	52.00
69988	10.40	52.00
69991	10.40	52.00
69993	10.70	56.00
69995	10.40	52.00
69998	10.70	56.00
70000	10.30	52.00
70002	10.60	52.00
70004	10.60	52.00
70007	10.50	52.00
70009	11.00	344.00
70011	10.40	52.00
70014	10.40	52.00
70016	10.70	56.00
70018	10.50	52.00
70020	66.50	338.00
70023	10.50	52.00
70025	10.30	52.00
70027	10.50	52.00
70030	10.40	52.00
70032	64.00	52.00
70034	10.30	52.00
70036	10.40	52.00
70039	10.80	56.00
70041	10.20	62.00
70043	10.60	52.00
70046	10.50	52.00
70048	10.10	52.00
70050	10.30	52.00
70053	12.30	62.00
70055	10.40	52.00
70057	10.20	52.00
70059	10.30	52.00
70062	10.50	52.00
70064	13.10	288.00
70066	10.30	52.00
70069	10.20	52.00
70071	10.60	52.00
70073	10.40	52.00
70075	55.20	278.00
70078	10.40	52.00
70080	10.50	52.00
70082	10.40	52.00
70085	10.40	52.00
70087	52.90	268.00
70089	10.50	52.00
70091	10.40	52.00
70094	10.60	56.00
70096	10.50	88.00
70098	51.40	52.00
70101	10.30	52.00
70103	10.50	52.00
70105	10.40	52.00
70108	18.10	92.00
70110	10.40	52.00
70112	10.70	56.00
70114	10.60	52.00
70117	10.30	52.00
70119	20.10	236.00
70121	10.40	52.00
70124	10.30	52.00
70126	10.60	52.00
70128	10.60	52.00
70130	42.30	212.00
70133	10.40	52.00
70135	10.50	52.00
70137	10.30	52.00
70140	10.40	52.00
70142	37.90	194.00
70144	10.40	52.00
70146	10.20	52.00
70149	10.60	52.00
70151	10.30	150.00
70153	30.60	52.00
70156	10.50	50.00
70158	10.40	52.00
70160	10.50	52.00
70163	34.00	170.00
70165	10.00	50.00
70167	10.30	52.00
70169	10.20	52.00
70172	10.50	52.00
70174	37.30	186.00
70176	10.60	52.00
70179	10.40	52.00
70181	10.50	52.00
70183	10.40	52.00
70185	41.10	112.00
70188	10.60	52.00
70190	10.60	52.00
70192	10.70	56.00
70195	10.20	52.00
70197	19.90	102.00
70199	10.50	52.00
70201	10.20	52.00
70204	10.40	52.00
70206	10.60	242.00
70208	19.10	52.00
70211	10.60	52.00
70213	10.40	52.00
70215	10.40	52.00
70218	51.00	258.00
70220	10.20	52.00
70222	10.60	52.00
70224	10.50	52.00
70227	10.40	52.00
70229	53.10	268.00
70231	10.40	52.00
70234	10.60	52.00
70236	10.30	52.00
70238	10.30	52.00
70240	55.80	76.00
70243	10.50	52.00
70245	10.60	52.00
70247	10.40	52.00
70250	10.60	52.00
70252	13.30	68.00
70254	10.40	52.00
70256	10.50	52.00
70259	10.60	52.00
70261	10.30	52.00
70263	12.00	62.00
70266	10.60	52.00
70268	10.60	52.00
70270	10.60	52.00
70273	10.40	318.00
70275	10.70	56.00
70277	10.60	52.00
70279	10.40	52.00
70282	10.40	52.00
70284	65.00	328.00
70286	10.50	52.00
70289	10.20	52.00
70291	10.40	52.00
70293	10.60	52.00
70295	66.10	50.00
70298	10.50	52.00
70300	10.60	52.00
70302	10.40	52.00
70305	10.40	52.00
70307	9.80	50.00
70309	10.50	52.00
70311	10.40	52.00
70314	10.50	52.00
70316	10.20	52.00
70318	10.20	52.00
70321	10.50	52.00
70323	10.20	52.00
70325	10.40	52.00
70328	10.90	344.00
70330	10.30	52.00
70332	10.40	52.00
70334	10.80	56.00
70337	10.50	52.00
70339	68.50	348.00
70341	10.70	56.00
70344	10.60	52.00
70346	10.30	52.00
70348	10.30	52.00
70350	65.40	52.00
70353	10.40	52.00
70355	10.20	52.00
70357	10.50	52.00
70360	10.60	62.00
70362	63.10	56.00
70364	10.40	52.00
70366	10.40	52.00
70369	10.50	52.00
70371	12.00	62.00
70373	10.40	52.00
70376	10.40	52.00
70378	10.60	52.00
70380	10.30	52.00
70383	12.50	298.00
70385	10.40	52.00
70387	10.60	52.00
70389	10.30	52.00
70392	10.20	52.00
70394	54.90	278.00
70396	10.60	52.00
70399	10.50	52.00
70401	10.30	52.00
70403	10.70	56.00
70405	52.90	268.00
70408	10.60	52.00
70410	10.50	56.00
70412	10.50	52.00
70415	10.40	88.00
70417	50.00	52.00
70419	10.60	50.00
70421	10.30	52.00
70424	10.60	52.00
70426	18.80	96.00
70428	10.60	52.00
70431	10.30	52.00
70433	10.70	56.00
70435	10.40	52.00
70438	20.10	102.00
70440	10.70	52.00
70442	10.40	52.00
70444	10.40	56.00
70447	10.40	52.00
70449	21.90	220.00
70451	10.50	52.00
70454	10.50	52.00
70456	10.50	52.00
70458	10.70	56.00
70460	38.00	194.00
70463	10.40	52.00
70465	10.60	52.00
70467	10.50	52.00
70470	10.50	158.00
70472	31.80	52.00
70474	10.40	52.00
70476	10.50	52.00
70479	10.30	52.00
70481	35.00	176.00
70483	10.30	52.00
70486	10.70	56.00
70488	10.30	52.00
70490	10.20	52.00
70493	38.10	194.00
70495	10.40	52.00
70497	10.40	52.00
70499	10.40	52.00
70502	10.40	52.00
70504	42.20	104.00
70506	10.50	52.00
70509	10.60	52.00
70511	10.30	52.00
70513	10.10	52.00
70515	20.10	102.00
70518	10.40	52.00
70520	10.40	52.00
70522	10.70	56.00
70525	10.20	52.00
70527	18.40	52.00
70529	10.40	52.00
70531	10.30	52.00
70534	10.40	52.00
70536	10.60	258.00
70538	10.60	52.00
70541	10.30	52.00
70543	10.50	52.00
70545	10.40	52.00
70548	54.20	276.00
70550	10.70	56.00
70552	10.70	56.00
70554	10.30	52.00
70557	10.40	52.00
70559	55.50	76.00
70561	10.30	52.00
70564	10.20	52.00
70566	10.50	52.00
70568	10.60	52.00
70570	13.00	66.00
70573	10.40	52.00
70575	10.60	52.00
70577	10.40	52.00
70580	10.40	52.00
70582	12.10	62.00
70584	10.70	52.00
70586	10.60	52.00
70589	10.30	52.00
70591	10.30	318.00
70593	11.30	52.00
70596	10.50	52.00
70598	10.50	52.00
70600	10.70	56.00
70603	65.70	330.00
70605	10.80	56.00
70607	10.50	52.00
70609	10.50	52.00
70612	10.50	52.00
70614	66.30	52.00
70616	10.40	52.00
70619	10.60	52.00
70621	10.60	52.00
70623	10.30	52.00
70625	10.00	50.00
70628	10.50	52.00
70630	10.50	52.00
70632	10.50	52.00
70635	10.60	52.00
70637	10.40	52.00
70639	10.50	52.00
70641	10.30	52.00
70644	10.40	52.00
70646	10.60	344.00
70648	10.40	52.00
70651	10.50	52.00
70653	10.60	52.00
70655	10.70	56.00
70658	67.30	340.00
70660	10.40	52.00
70662	10.50	52.00
70664	10.30	52.00
70667	10.30	52.00
70669	65.20	330.00
70671	10.50	52.00
70674	10.40	52.00
70676	10.60	52.00
70678	10.70	62.00
70680	63.10	56.00
70683	10.20	52.00
70685	10.40	52.00
70687	10.40	52.00
70690	12.30	62.00
70692	10.50	52.00
70694	10.40	52.00
70696	10.20	52.00
70699	10.50	52.00
70701	12.40	294.00
70703	10.40	52.00
70706	10.50	52.00
70708	10.40	52.00
70710	10.30	52.00
70713	55.80	282.00
70715	10.60	52.00
70717	10.10	52.00
70719	10.40	52.00
70722	10.60	52.00
70724	52.70	268.00
70726	10.40	52.00
70729	10.50	52.00
70731	10.20	52.00
70733	10.60	88.00
70735	50.20	56.00
70738	10.60	52.00
70740	10.60	52.00
70742	10.50	52.00
70745	19.00	96.00
70747	10.70	56.00
70749	10.20	52.00
70751	10.60	52.00
70754	10.20	52.00
70756	20.00	102.00
70758	10.40	52.00
70761	10.60	52.00
70763	10.30	52.00
70765	10.30	52.00
70768	21.60	212.00
70770	10.20	52.00
70772	10.50	52.00
70774	10.60	52.00
70777	10.30	52.00
70779	38.20	194.00
70781	10.60	52.00
70784	10.30	52.00
70786	10.60	52.00
70788	10.40	144.00
70790	31.10	52.00
70793	10.60	56.00
70795	10.50	52.00
70797	10.50	52.00
70800	34.70	174.00
70802	10.40	52.00
70804	10.40	52.00
70806	10.40	52.00
70809	10.20	52.00
70811	38.40	194.00
70813	10.40	52.00
70816	10.10	52.00
70818	10.30	52.00
70820	10.40	52.00
70823	40.60	108.00
70825	10.50	52.00
70827	10.40	52.00
70829	10.20	52.00
70832	10.50	52.00
70834	19.50	98.00
70836	10.50	52.00
70839	10.70	56.00
70841	10.40	52.00
70843	10.50	52.00
70845	18.20	52.00
70848	10.70	52.00
70850	10.60	52.00
70852	10.50	56.00
70855	10.10	262.00
70857	17.20	52.00
70859	10.60	52.00
70861	10.80	56.00
70864	10.60	52.00
70866	53.90	272.00
70868	10.40	52.00
70871	10.80	56.00
70873	10.60	52.00
70875	10.60	52.00
70878	56.00	76.00
70880	10.70	52.00
70882	10.20	52.00
70884	10.80	50.00
70887	10.30	52.00
70889	13.30	68.00
70891	10.20	52.00
70894	10.70	56.00
70896	10.10	52.00
70898	10.60	52.00
70900	12.20	62.00
70903	10.60	52.00
70905	10.50	52.00
70907	10.40	52.00
70910	10.30	314.00
70912	11.00	52.00
70914	10.50	52.00
70916	10.40	52.00
70919	10.10	52.00
70921	64.90	328.00
70923	10.10	52.00
70926	10.50	52.00
70928	10.60	52.00
70930	10.30	52.00
70933	66.50	338.00
70935	10.20	52.00
70937	10.50	52.00
70939	10.40	52.00
70942	10.40	52.00
70944	65.40	52.00
70946	10.10	52.00
70949	10.50	52.00
70951	10.50	52.00
70953	10.40	52.00
70955	10.00	50.00
70958	10.40	52.00
70960	10.40	52.00
70962	10.70	56.00
70965	10.90	344.00
70967	10.40	56.00
70969	10.50	52.00
70971	10.60	52.00
70974	10.40	52.00
70976	66.20	334.00
70978	10.30	52.00
70981	10.70	56.00
70983	10.40	52.00
70985	10.50	52.00
70988	63.20	322.00
70990	10.40	52.00
70992	10.20	52.00
70994	10.50	52.00
70997	10.40	62.00
70999	61.00	56.00
71001	10.50	52.00
71004	10.40	52.00
71006	10.50	52.00
71008	12.50	62.00
71010	10.60	52.00
71013	10.60	52.00
71015	10.80	56.00
71017	10.40	52.00
71020	13.90	68.00
71022	10.70	50.00
71024	10.50	52.00
71026	10.40	56.00
71029	10.30	52.00
71031	15.60	272.00
71033	10.10	52.00
71036	10.60	52.00
71038	10.30	52.00
71040	10.50	52.00
71043	51.70	262.00
71045	10.20	52.00
71047	10.00	50.00
71049	10.50	52.00
71052	10.50	92.00
71054	49.20	52.00
71056	10.50	52.00
71059	10.10	52.00
71061	10.40	52.00
71063	19.40	98.00
71065	10.60	52.00
71068	10.50	52.00
71070	10.50	52.00
71072	10.30	52.00
71075	20.80	104.00
71077	10.50	52.00
71079	10.60	56.00
71081	10.60	52.00
71084	10.40	52.00
71086	22.20	212.00
71088	10.10	52.00
71091	10.20	52.00
71093	10.20	52.00
71095	10.20	52.00
71098	34.80	176.00
71100	10.20	52.00
71102	10.40	52.00
71104	10.70	56.00
71107	10.50	52.00
71109	28.60	50.00
71111	10.40	52.00
71114	10.40	52.00
71116	10.30	52.00
71118	10.40	186.00
71120	10.70	56.00
71123	10.60	52.00
71125	10.10	52.00
71127	10.20	52.00
71130	40.10	204.00
71132	10.30	52.00
71134	10.20	52.00
71136	10.30	52.00
71139	10.50	52.00
71141	42.00	104.00
71143	10.60	52.00
71146	10.10	52.00
71148	10.50	52.00
71150	10.40	52.00
71153	19.00	96.00
71155	10.70	56.00
71157	10.30	52.00
71159	10.60	52.00
71162	10.20	52.00
71164	18.00	92.00
71166	10.50	52.00
71169	10.30	52.00
71171	10.40	52.00
71173	10.30	262.00
71175	16.70	52.00
71178	10.20	52.00
71180	10.50	52.00
71182	10.70	56.00
71185	54.30	276.00
71187	10.50	52.00
71189	10.40	52.00
71191	10.30	52.00
71194	10.70	56.00
71196	56.40	72.00
71198	10.70	52.00
71201	10.60	52.00
71203	10.30	52.00
71205	10.40	52.00
71208	13.10	66.00
71210	10.50	52.00
71212	10.40	52.00
71214	10.50	52.00
71217	10.30	52.00
71219	11.70	58.00
71221	10.40	52.00
71224	10.60	52.00
71226	10.40	52.00
71228	10.50	322.00
71230	10.50	52.00
71233	10.50	52.00
71235	10.40	52.00
71237	10.50	52.00
71240	66.00	334.00
71242	10.40	52.00
71244	10.60	52.00
71246	10.40	52.00
71249	10.80	56.00
71251	66.50	338.00
71253	10.60	52.00
71256	10.20	52.00
71258	10.10	52.00
71260	10.30	52.00
71263	65.20	52.00
71265	10.30	52.00
71267	10.10	52.00
71269	10.50	52.00
71272	10.90	56.00
71274	10.30	52.00
71276	10.40	52.00
71279	10.40	52.00
71281	10.40	52.00
71283	11.10	348.00
71285	10.40	52.00
71288	10.40	52.00
71290	10.30	52.00
71292	10.50	52.00
71295	65.40	330.00
71297	10.40	52.00
71299	10.40	52.00
71301	10.50	52.00
71304	10.20	52.00
71306	62.40	318.00
71308	10.20	52.00
71311	10.50	52.00
71313	10.20	52.00
71315	10.30	62.00
71318	61.20	52.00
71320	10.40	52.00
71322	10.10	52.00
71324	10.50	52.00
71327	12.60	62.00
71329	10.40	52.00
71331	10.40	52.00
71334	10.40	52.00
71336	10.80	56.00
71338	13.40	68.00
71340	10.30	52.00
71343	10.20	52.00
71345	10.30	52.00
71347	10.40	52.00
71350	16.40	266.00
71352	10.50	52.00
71354	10.60	52.00
71356	10.40	52.00
71359	10.60	52.00
71361	49.60	252.00
71363	10.20	52.00
71366	10.60	52.00
71368	10.50	52.00
71370	10.30	52.00
71373	46.90	52.00
71375	10.30	52.00
71377	10.30	52.00
71379	10.40	52.00
71382	21.10	104.00
71384	10.30	52.00
71386	10.60	52.00
71389	10.20	52.00
71391	10.10	52.00
71393	22.20	112.00
71395	10.40	52.00
71398	10.40	52.00
71400	10.60	52.00
71402	10.20	52.00
71405	25.40	176.00
71407	10.50	52.00
71409	10.60	52.00
71411	10.50	52.00
71414	10.40	52.00
71416	29.40	150.00
71418	10.40	52.00
71421	10.10	52.00
71423	10.50	52.00
71425	10.70	56.00
71428	24.80	124.00
71430	10.60	52.00
71432	10.40	52.00
71434	10.20	52.00
71437	10.40	186.00
71439	22.90	52.00
71441	10.30	52.00
71444	10.40	52.00
71446	10.30	52.00
71448	41.00	206.00
71450	10.60	52.00
71453	10.30	52.00
71455	10.80	56.00
71457	10.60	52.00
71460	44.00	102.00
71462	10.80	52.00
71464	10.40	52.00
71466	10.40	52.00
71469	10.20	52.00
71471	18.40	92.00
71473	10.20	52.00
71476	10.20	52.00
71478	10.50	52.00
71480	10.40	52.00
71483	17.30	88.00
71485	10.40	52.00
71487	10.50	52.00
71489	10.50	52.00
71492	10.10	272.00
71494	16.00	52.00
71496	10.60	56.00
71499	10.50	52.00
71501	10.50	52.00
71503	55.70	282.00
71505	10.30	52.00
71508	10.40	52.00
71510	10.60	52.00
71512	10.50	52.00
71515	58.00	292.00
71517	10.60	56.00
71519	10.60	56.00
71521	10.70	52.00
71524	10.10	52.00
71526	60.70	62.00
71528	10.40	52.00
71531	10.60	52.00
71533	10.40	52.00
71535	10.60	52.00
71538	10.80	56.00
71540	10.20	52.00
71542	10.60	52.00
71544	10.30	52.00
71547	10.50	328.00
71549	10.00	52.00
71551	10.40	52.00
71554	10.40	52.00
71556	10.60	52.00
71558	65.80	334.00
71560	10.40	52.00
71563	10.30	52.00
71565	10.50	52.00
71567	10.40	52.00
71570	65.90	334.00
71572	10.50	52.00
71574	10.60	52.00
71576	10.60	52.00
71579	10.50	52.00
71581	65.50	52.00
71583	10.40	52.00
71586	10.30	52.00
71588	10.50	52.00
71590	10.80	56.00
71593	10.40	52.00
71595	10.50	52.00
71597	10.60	52.00
71599	10.70	56.00
71602	11.30	56.00
71604	10.60	52.00
71606	10.50	52.00
71609	10.40	52.00
71611	10.50	56.00
71613	11.60	328.00
71615	10.50	52.00
71618	10.50	52.00
71620	10.30	52.00
71622	10.50	52.00
71625	62.50	318.00
71627	10.70	56.00
71629	10.40	52.00
71631	10.30	52.00
71634	10.70	62.00
71636	60.20	52.00
71638	10.20	52.00
71641	10.40	52.00
71643	10.20	52.00
71645	12.50	62.00
71648	10.40	52.00
71650	10.50	52.00
71652	10.40	52.00
71654	10.30	52.00
71657	14.00	72.00
71659	10.40	52.00
71661	10.40	52.00
71664	10.70	52.00
71666	10.50	52.00
71668	15.80	272.00
71670	10.10	52.00
71673	10.40	52.00
71675	10.20	52.00
71677	10.50	52.00
71680	50.40	256.00
71682	10.50	52.00
71684	10.60	52.00
71686	10.20	52.00
71689	10.50	52.00
71691	47.70	52.00
71693	10.50	52.00
71696	10.20	52.00
71698	10.50	52.00
71700	10.40	104.00
71703	10.70	56.00
71705	10.50	52.00
71707	10.40	52.00
71709	10.60	52.00
71712	21.90	112.00
71714	10.30	52.00
71716	10.40	52.00
71719	10.40	52.00
71721	10.40	52.00
71723	24.10	186.00
71725	10.20	52.00
71728	10.30	52.00
71730	10.40	52.00
71732	10.20	52.00
71735	31.00	158.00
71737	10.30	52.00
71739	10.40	52.00
71741	10.40	52.00
71744	10.30	52.00
71746	25.80	132.00
71748	10.50	52.00
71751	10.40	52.00
71753	10.30	52.00
71755	10.50	190.00
71758	22.80	52.00
71760	10.30	56.00
71762	10.50	52.00
71764	10.50	52.00
71767	41.40	210.00
71769	10.40	52.00
71771	10.30	52.00
71774	10.40	52.00
71776	10.50	52.00
71778	43.90	102.00
71780	10.50	56.00
71783	10.50	52.00
71785	10.60	56.00
71787	10.30	52.00
71790	19.00	96.00
71792	10.70	56.00
71794	10.20	52.00
71796	10.40	52.00
71799	10.40	52.00
71801	17.50	88.00
71803	10.40	52.00
71806	10.40	52.00
71808	10.40	52.00
71810	10.50	268.00
71813	16.40	52.00
71815	10.40	52.00
71817	10.50	52.00
71819	10.60	52.00
71822	55.10	278.00
71824	10.70	56.00
71826	10.50	52.00
71829	10.20	52.00
71831	10.20	52.00
71833	57.90	292.00
71835	10.60	52.00
71838	10.20	52.00
71840	10.60	52.00
71842	10.40	52.00
71845	60.70	62.00
71847	10.50	52.00
71849	10.20	52.00
71851	10.40	52.00
71854	10.10	52.00
71856	11.10	56.00
71858	10.40	52.00
71861	10.40	52.00
71863	10.40	52.00
71865	10.40	52.00
71868	9.90	52.00
71870	10.40	52.00
71872	10.40	52.00
71874	10.50	52.00
71877	65.60	330.00
71879	10.40	52.00
71881	10.40	52.00
71884	10.50	52.00
71886	10.60	52.00
71888	65.90	334.00
71890	10.40	52.00
71893	10.60	52.00
71895	10.60	52.00
71897	10.40	52.00
71900	65.30	52.00
71902	10.40	52.00
71904	10.60	52.00
71906	10.40	52.00
71909	10.70	56.00
71911	10.10	52.00
71913	10.40	52.00
71916	10.10	52.00
71918	10.40	52.00
71920	11.30	56.00
71923	10.70	56.00
71925	10.10	52.00
71927	10.40	52.00
71929	10.60	52.00
71932	12.00	328.00
71934	10.30	52.00
71936	10.40	52.00
71939	10.20	52.00
71941	10.50	52.00
71943	62.20	314.00
71945	10.60	52.00
71948	10.40	52.00
71950	10.40	52.00
71952	10.20	52.00
71955	60.10	52.00
71957	10.40	52.00
71959	10.40	52.00
71961	10.10	52.00
71964	10.40	66.00
71966	10.60	52.00
71968	10.50	52.00
71971	10.20	52.00
71973	10.40	52.00
71975	14.40	72.00
71978	10.30	52.00
71980	10.40	52.00
71982	10.50	52.00
71984	10.70	52.00
71987	16.80	266.00
71989	10.40	56.00
71991	10.20	52.00
71994	10.30	52.00
71996	10.50	52.00
71998	49.50	252.00
72000	10.60	52.00
72003	10.40	52.00
72005	10.40	52.00
72007	10.50	52.00
72010	47.20	240.00
72012	10.50	52.00
72014	10.20	52.00
72016	10.40	52.00
72019	10.30	102.00
72021	45.70	56.00
72023	10.40	52.00
72026	10.60	52.00
72028	10.50	52.00
72030	21.60	108.00
72033	10.40	52.00
72035	10.20	52.00
72037	10.50	52.00
72039	10.40	52.00
72042	24.60	184.00
72044	10.40	52.00
72046	10.20	52.00
72049	10.60	52.00
72051	10.50	52.00
72053	31.20	158.00
72055	10.50	52.00
72058	10.40	52.00
72060	10.20	52.00
72062	10.30	52.00
72065	25.50	128.00
72067	10.70	56.00
72069	10.10	52.00
72071	10.40	52.00
72074	10.50	190.00
72076	22.60	52.00
72078	10.40	52.00
72081	10.20	52.00
72083	10.40	52.00
72085	40.70	206.00
72088	10.40	52.00
72090	10.40	52.00
72092	10.40	52.00
72094	10.50	52.00
72097	43.90	222.00
72099	10.50	52.00
72101	10.30	52.00
72104	10.30	52.00
72106	10.50	52.00
72108	48.70	96.00
72110	10.20	52.00
72113	10.40	52.00
72115	10.40	52.00
72117	10.20	52.00
72120	17.40	88.00
72122	10.60	52.00
72124	10.40	52.00
72126	10.40	52.00
72129	10.60	272.00
72131	16.30	52.00
72133	10.50	52.00
72136	10.60	52.00
72138	10.40	52.00
72140	55.90	282.00
72143	10.30	52.00
72145	10.50	52.00
72147	10.60	52.00
72149	10.20	52.00
72152	57.50	292.00
72154	10.20	52.00
72156	10.40	52.00
72159	10.40	52.00
72161	10.40	52.00
72163	60.00	62.00
72165	10.40	52.00
72168	10.40	52.00
72170	10.40	52.00
72172	10.50	52.00
72175	11.50	58.00
72177	10.40	52.00
72179	10.20	52.00
72181	10.40	52.00
72184	10.50	52.00
72186	10.30	52.00
72188	10.50	52.00
72191	10.60	52.00
72193	10.40	52.00
72195	10.50	334.00
72198	10.20	52.00
72200	10.60	52.00
72202	10.50	52.00
72204	10.40	52.00
72207	65.50	330.00
72209	10.40	52.00
72211	10.40	52.00
72214	10.30	52.00
72216	10.40	52.00
72218	65.70	52.00
72220	10.60	52.00
72223	10.30	52.00
72225	10.20	52.00
72227	10.70	56.00
72230	10.40	52.00
72232	10.20	52.00
72234	10.40	52.00
72236	10.60	52.00
72239	11.10	56.00
72241	10.50	52.00
72243	10.40	52.00
72246	10.50	52.00
72248	10.50	52.00
72250	11.70	338.00
72253	10.10	52.00
72255	10.10	52.00
72257	10.20	52.00
72259	10.40	52.00
72262	63.40	322.00
72264	10.50	52.00
72266	10.30	52.00
72269	10.50	52.00
72271	10.40	52.00
72273	61.50	52.00
72275	10.40	52.00
72278	10.80	52.00
72280	10.50	52.00
72282	10.60	62.00
72285	10.70	56.00
72287	10.20	52.00
72289	10.40	52.00
72291	10.40	52.00
72294	13.10	66.00
72296	10.40	52.00
72298	10.10	52.00
72301	10.40	52.00
72303	10.40	52.00
72305	14.40	278.00
72308	10.50	52.00
72310	10.30	52.00
72312	10.20	56.00
72314	10.40	52.00
72317	51.40	258.00
72319	10.40	52.00
72321	10.30	52.00
72324	10.30	52.00
72326	10.50	52.00
72328	49.40	250.00
72330	10.40	52.00
72333	10.50	52.00
72335	10.30	52.00
72337	10.20	98.00
72340	47.40	52.00
72342	10.50	52.00
72344	10.20	52.00
72346	10.30	52.00
72349	20.70	104.00
72351	10.50	52.00
72353	10.20	52.00
72356	10.40	52.00
72358	10.50	52.00
72360	22.00	112.00
72363	10.60	52.00
72365	10.60	52.00
72367	10.30	52.00
72369	10.60	52.00
72372	36.20	184.00
72374	10.40	52.00
72376	10.40	52.00
72379	10.70	56.00
72381	10.40	52.00
72383	30.80	158.00
72385	10.20	52.00
72388	10.60	52.00
72390	10.50	52.00
72392	10.60	174.00
72395	26.00	52.00
72397	10.10	52.00
72399	10.40	52.00
72401	10.40	52.00
72404	38.20	194.00
72406	10.50	52.00
72408	10.20	52.00
72411	10.40	52.00
72413	10.30	52.00
72415	41.10	206.00
72418	10.20	52.00
72420	10.70	52.00
72422	10.50	52.00
72424	10.50	52.00
72427	44.90	104.00
72429	10.30	52.00
72431	10.30	52.00
72434	10.20	52.00
72436	10.30	52.00
72438	19.10	98.00
72440	10.60	52.00
72443	10.60	52.00
72445	10.60	52.00
72447	10.50	52.00
72450	17.60	52.00
72452	10.30	52.00
72454	10.50	52.00
72456	10.40	52.00
72459	10.20	268.00
72461	10.40	52.00
72463	10.50	52.00
72466	10.50	52.00
72468	10.40	52.00
72470	54.80	276.00
72473	10.20	52.00
72475	10.30	52.00
72477	10.30	52.00
72479	10.30	52.00
72482	57.00	72.00
72484	10.50	52.00
72486	10.70	52.00
72489	10.70	56.00
72491	10.60	52.00
72493	12.70	66.00
72495	10.40	52.00
72498	10.50	52.00
72500	10.70	56.00
72502	10.50	52.00
72505	11.60	58.00
72507	10.40	52.00
72509	10.50	52.00
72511	10.20	52.00
72514	10.60	322.00
72516	10.40	52.00
72518	10.60	52.00
72521	10.30	52.00
72523	10.20	52.00
72525	65.30	330.00
72528	10.20	52.00
72530	10.50	52.00
72532	10.40	52.00
72534	10.60	52.00
72537	65.70	50.00
72539	10.50	52.00
72541	10.60	52.00
72544	10.30	52.00
72546	10.30	52.00
72548	10.30	52.00
72550	10.30	52.00
72553	10.30	52.00
72555	10.70	56.00
72557	10.50	52.00
72560	10.40	52.00
72562	10.50	52.00
72564	10.50	52.00
72566	10.50	52.00
72569	11.50	344.00
72571	13.30	96.00
72573	10.60	52.00
72576	10.60	52.00
72578	10.20	52.00
72580	65.60	330.00
72583	10.30	52.00
72585	10.50	52.00
72587	10.50	52.00
72589	10.60	52.00
72592	62.80	318.00
72594	10.10	52.00
72596	10.20	52.00
72599	10.40	52.00
72601	10.20	62.00
72603	60.40	56.00
72605	10.20	52.00
72608	10.20	52.00
72610	10.50	52.00
72612	12.50	62.00
72615	10.50	52.00
72617	10.40	52.00
72619	10.50	52.00
72621	10.50	52.00
72624	13.70	282.00
72626	10.50	52.00
72628	10.60	52.00
72631	10.30	52.00
72633	10.60	52.00
72635	53.20	268.00
72638	10.50	52.00
72640	10.40	52.00
72642	10.40	52.00
72644	10.50	52.00
72647	51.90	262.00
72649	10.30	52.00
72651	10.40	52.00
72654	10.50	52.00
72656	10.10	88.00
72658	49.00	52.00
72660	10.20	52.00
72663	10.50	52.00
72665	10.60	52.00
72667	19.50	98.00
72670	10.40	52.00
72672	10.60	52.00
72674	10.90	56.00
72676	10.40	52.00
72679	21.20	108.00
72681	10.50	52.00
72683	10.40	52.00
72686	10.60	52.00
72688	10.60	52.00
72690	22.10	212.00
72693	10.50	52.00
72695	10.40	52.00
72697	10.30	52.00
72699	10.50	52.00
72702	37.50	190.00
72704	10.60	52.00
72706	10.60	52.00
72709	10.30	52.00
72711	10.40	148.00
72713	34.20	52.00
72715	10.40	52.00
72718	10.50	52.00
72720	10.50	52.00
72722	32.50	164.00
72725	10.40	52.00
72727	10.40	52.00
72729	10.60	52.00
72731	10.50	52.00
72734	37.30	186.00
72736	10.50	52.00
72738	10.50	52.00
72741	10.40	52.00
72743	10.70	52.00
72745	39.30	112.00
72748	10.20	50.00
72750	10.70	52.00
72752	10.30	52.00
72754	10.40	52.00
72757	21.20	108.00
72759	10.20	52.00
72761	10.50	52.00
72764	10.40	52.00
72766	10.40	52.00
72768	19.60	52.00
72770	10.40	52.00
72773	10.70	52.00
72775	10.30	52.00
72777	10.40	250.00
72780	10.20	52.00
72782	10.40	52.00
72784	10.50	52.00
72786	10.60	52.00
72789	51.90	262.00
72791	10.40	52.00
72793	10.70	56.00
72796	10.50	52.00
72798	10.20	52.00
72800	55.10	82.00
72803	10.40	52.00
72805	10.40	52.00
72807	10.50	52.00
72809	10.70	56.00
72812	14.30	72.00
72814	10.60	52.00
72816	10.60	52.00
72819	10.40	52.00
72821	10.40	52.00
72823	13.30	68.00
72825	10.60	52.00
72828	10.50	52.00
72830	10.50	52.00
72832	10.60	308.00
72835	12.50	52.00
72837	10.30	52.00
72839	10.60	52.00
72841	10.40	52.00
72844	62.40	314.00
72846	10.50	52.00
72848	10.50	52.00
72851	10.40	52.00
72853	10.60	52.00
72855	65.00	328.00
72858	10.30	52.00
72860	10.20	52.00
72862	10.80	52.00
72864	10.60	52.00
72867	9.90	50.00
72869	10.40	52.00
72871	10.40	52.00
72874	10.30	52.00
72876	10.40	52.00
72878	10.10	52.00
72880	10.40	52.00
72883	10.50	52.00
72885	10.60	52.00
72887	10.60	330.00
72890	10.50	52.00
72892	10.50	52.00
72894	10.60	52.00
72896	10.20	52.00
72899	67.60	340.00
72901	10.30	52.00
72903	10.50	52.00
72906	10.50	52.00
72908	10.60	52.00
72910	67.90	344.00
72913	10.40	52.00
72915	10.60	52.00
72917	10.20	52.00
72919	10.60	62.00
72922	66.20	56.00
72924	10.30	52.00
72926	10.50	52.00
72929	10.50	52.00
72931	11.80	58.00
72933	10.50	52.00
72935	10.40	52.00
72938	10.40	52.00
72940	10.10	52.00
72942	12.30	62.00
72945	10.60	52.00
72947	10.70	52.00
72949	10.40	52.00
72951	10.60	52.00
72954	12.50	308.00
72956	10.40	52.00
72958	10.40	52.00
72961	10.30	52.00
72963	10.50	52.00
72965	58.30	294.00
72968	10.40	52.00
72970	10.40	52.00
72972	10.60	52.00
72974	10.50	68.00
72977	55.60	52.00
72979	10.40	52.00
72981	10.50	52.00
72984	10.50	52.00
72986	16.10	82.00
72988	10.50	52.00
72990	10.50	52.00
72993	10.60	52.00
72995	10.20	52.00
72997	17.40	88.00
73000	10.50	52.00
73002	10.60	52.00
73004	10.60	52.00
73006	10.40	52.00
73009	19.20	236.00
73011	10.60	52.00
73013	10.40	52.00
73016	10.60	52.00
73018	10.60	52.00
73020	44.70	226.00
73023	10.40	52.00
73025	10.20	52.00
73027	10.40	52.00
73029	10.40	52.00
73032	39.60	52.00
73034	10.50	52.00
73036	10.50	52.00
73039	10.20	52.00
73041	24.70	124.00
73043	10.30	52.00
73045	10.30	52.00
73048	10.40	52.00
73050	10.30	52.00
73052	33.30	168.00
73055	10.60	52.00
73057	10.40	52.00
73059	10.40	56.00
73061	10.60	52.00
73064	36.80	118.00
73066	10.60	56.00
73068	10.40	56.00
73071	10.60	52.00
73073	10.50	52.00
73075	21.60	108.00
73078	10.50	52.00
73080	10.00	50.00
73082	10.60	52.00
73084	10.50	52.00
73087	20.80	104.00
73089	10.60	52.00
73091	10.50	52.00
73094	10.00	52.00
73096	10.50	232.00
73098	19.20	52.00
73100	10.20	52.00
73103	10.50	52.00
73105	10.30	52.00
73107	48.90	246.00
73110	10.60	52.00
73112	10.50	52.00
73114	10.50	52.00
73116	10.60	52.00
73119	52.80	86.00
73121	10.60	52.00
73123	10.50	52.00
73126	10.80	52.00
73128	10.50	52.00
73130	15.50	78.00
73133	10.50	52.00
73135	10.70	56.00
73137	10.60	52.00
73139	10.50	52.00
73142	13.50	68.00
73144	10.60	52.00
73146	10.40	52.00
73149	10.50	52.00
73151	10.50	304.00
73153	12.70	52.00
73155	10.30	52.00
73158	10.40	52.00
73160	10.20	52.00
73162	61.50	312.00
73165	10.60	52.00
73167	10.50	52.00
73169	10.50	52.00
73171	10.20	52.00
73174	64.00	324.00
73176	10.40	56.00
73178	10.30	52.00
73181	10.70	52.00
73183	10.50	52.00
73185	66.20	50.00
73188	10.40	52.00
73190	10.50	52.00
73192	10.40	52.00
73194	10.50	52.00
73197	10.00	50.00
73199	10.70	56.00
73201	10.80	56.00
73204	10.20	52.00
73206	10.50	328.00
73208	10.20	52.00
73210	10.60	52.00
73213	10.00	52.00
73215	10.50	52.00
73217	67.00	340.00
73220	10.60	52.00
73222	10.60	52.00
73224	10.20	52.00
73226	10.30	52.00
73229	68.00	344.00
73231	10.30	52.00
73233	10.40	52.00
73236	10.30	52.00
73238	10.50	58.00
73240	66.90	52.00
73243	10.50	52.00
73245	10.50	52.00
73247	10.40	52.00
73249	11.60	58.00
73252	10.20	52.00
73254	10.70	56.00
73256	10.60	52.00
73259	10.30	52.00
73261	12.20	62.00
73263	10.60	52.00
73265	10.40	52.00
73268	10.70	52.00
73270	10.60	52.00
73272	12.20	318.00
73275	10.10	52.00
73277	10.40	52.00
73279	10.40	52.00
73281	10.70	56.00
73284	62.20	314.00
73286	10.20	52.00
73288	10.60	52.00
73291	10.20	52.00
73293	10.40	62.00
73295	59.30	52.00
73298	10.50	52.00
73300	10.50	52.00
73302	10.60	52.00
73304	13.30	68.00
73307	10.50	52.00
73309	10.60	52.00
73311	10.20	52.00
73314	10.40	52.00
73316	13.90	68.00
73318	10.40	52.00
73320	10.40	52.00
73323	10.50	52.00
73325	10.60	52.00
73327	16.40	272.00
73330	10.00	52.00
73332	10.50	52.00
73334	10.40	52.00
73336	10.50	52.00
73339	49.20	250.00
73341	10.50	52.00
73343	10.40	52.00
73346	10.40	52.00
73348	10.40	52.00
73350	47.30	240.00
73353	10.50	52.00
73355	10.30	52.00
73357	10.40	52.00
73359	10.40	102.00
73362	10.50	52.00
73364	10.70	56.00
73366	10.50	52.00
73369	10.50	52.00
73371	22.00	112.00
73373	10.30	52.00
73375	10.20	52.00
73378	10.40	52.00
73380	10.50	52.00
73382	25.30	184.00
73385	10.30	52.00
73387	10.30	52.00
73389	10.60	52.00
73391	10.60	52.00
73394	32.70	168.00
73396	10.70	56.00
73398	10.80	56.00
73401	10.60	52.00
73403	10.80	56.00
73405	27.20	138.00
73408	10.20	52.00
73410	10.40	52.00
73412	10.50	52.00
73414	10.50	186.00
73417	23.20	52.00
73419	10.10	52.00
73421	10.50	52.00
73424	10.50	52.00
73426	39.70	200.00
73428	10.50	52.00
73430	10.30	52.00
73433	10.30	52.00
73435	10.40	52.00
73437	45.60	230.00
73440	10.40	56.00
73442	10.40	52.00
73444	10.50	52.00
73446	10.50	56.00
73449	47.80	92.00
73451	10.10	52.00
73453	10.20	52.00
73456	10.60	52.00
73458	10.60	52.00
73460	17.20	88.00
73463	10.30	52.00
73465	10.60	52.00
73467	10.30	52.00
73469	10.60	272.00
73472	15.90	52.00
73474	10.40	52.00
73476	10.40	52.00
73479	10.40	52.00
73481	55.90	282.00
73483	10.80	56.00
73485	10.40	52.00
73488	10.20	52.00
73490	10.20	52.00
73492	57.80	292.00
73495	10.20	52.00
73497	10.80	52.00
73499	10.10	52.00
73501	10.50	52.00
73504	60.80	62.00
73506	10.50	52.00
73508	10.50	52.00
73511	10.70	56.00
73513	10.10	52.00
73515	10.50	52.00
73518	10.50	52.00
73520	10.40	52.00
73522	10.20	52.00
73524	10.60	52.00
73527	10.10	50.00
73529	10.60	52.00
73531	10.50	52.00
73534	10.30	52.00
73536	65.40	330.00
73538	10.50	52.00
73540	10.40	52.00
73543	10.50	52.00
73545	10.20	52.00
73547	78.10	394.00
73550	10.40	52.00
73552	10.50	52.00
73554	10.50	52.00
73556	10.50	52.00
73559	66.30	52.00
73561	10.50	52.00
73563	10.40	56.00
73566	10.60	52.00
73568	10.80	56.00
73570	10.00	50.00
73573	10.50	52.00
73575	10.20	52.00
73577	10.40	52.00
73579	12.00	62.00
73582	10.40	52.00
73584	10.20	52.00
73586	10.40	56.00
73589	10.50	52.00
73591	12.10	314.00
73593	10.80	52.00
73595	10.30	52.00
73598	10.20	52.00
73600	10.30	52.00
73602	67.80	344.00
73605	10.50	52.00
73607	10.30	52.00
73609	10.60	52.00
73611	10.50	52.00
73614	65.70	52.00
73616	10.40	52.00
73618	10.50	52.00
73621	10.50	52.00
73623	10.70	68.00
73625	10.60	52.00
73628	10.40	52.00
73630	10.40	52.00
73632	10.30	52.00
73634	15.10	76.00
73637	10.50	52.00
73639	10.40	52.00
73641	10.70	52.00
73644	10.70	52.00
73646	17.00	288.00
73648	10.50	52.00
73650	10.50	52.00
73653	10.20	52.00
73655	10.50	52.00
73657	56.60	288.00
73660	10.40	52.00
73662	10.70	56.00
73664	10.40	52.00
73666	10.30	52.00
73669	52.70	268.00
73671	10.30	52.00
73673	10.30	52.00
73676	10.60	52.00
73678	10.50	104.00
73680	51.40	52.00
73683	10.60	52.00
73685	10.20	52.00
73687	10.70	56.00
73689	22.10	112.00
73692	10.50	52.00
73694	10.30	52.00
73696	10.30	52.00
73699	10.20	52.00
73701	27.00	216.00
73703	10.50	52.00
73705	10.30	52.00
73708	10.40	52.00
73710	10.50	52.00
73712	38.10	194.00
73715	10.40	52.00
73717	10.30	52.00
73719	10.70	56.00
73721	10.50	52.00
73724	32.50	164.00
73726	10.50	52.00
73728	10.60	52.00
73731	10.40	52.00
73733	10.30	204.00
73735	26.40	52.00
73738	10.40	52.00
73740	10.40	52.00
73742	10.20	52.00
73744	43.30	220.00
73747	10.40	52.00
73749	10.30	52.00
73751	10.60	52.00
73754	10.60	52.00
73756	47.40	240.00
73758	10.20	52.00
73760	10.60	52.00
73763	10.60	56.00
73765	10.40	52.00
73767	49.60	88.00
73770	10.70	56.00
73772	10.20	52.00
73774	10.10	52.00
73776	10.40	52.00
73779	16.70	86.00
73781	10.40	52.00
73783	10.20	52.00
73786	10.60	52.00
73788	10.50	272.00
73790	15.10	52.00
73793	10.50	52.00
73795	10.60	52.00
73797	10.40	52.00
73799	55.60	282.00
73802	10.70	56.00
73804	10.50	52.00
73806	10.30	52.00
73809	10.40	52.00
73811	58.40	294.00
73813	10.50	52.00
73815	10.30	56.00
73818	10.40	52.00
73820	10.20	52.00
73822	60.50	62.00
73825	10.50	52.00
73827	10.10	52.00
73829	10.90	56.00
73831	10.30	52.00
73834	11.00	56.00
73836	10.60	52.00
73838	10.50	52.00
73841	10.30	52.00
73843	10.40	52.00
73845	10.20	52.00
73848	10.50	52.00
73850	10.40	52.00
73852	10.10	52.00
73854	10.50	330.00
73857	10.40	52.00
73859	10.20	52.00
73861	10.60	52.00
73864	10.20	52.00
73866	65.10	330.00
73868	10.50	52.00
73870	10.40	52.00
73873	10.40	52.00
73875	10.50	52.00
73877	65.50	52.00
73880	10.50	52.00
73882	10.70	52.00
73884	10.40	52.00
73886	10.60	52.00
73889	10.40	52.00
73891	10.40	52.00
73893	10.20	52.00
73896	10.10	52.00
73898	11.10	56.00
73900	10.40	52.00
73903	10.40	52.00
73905	10.50	52.00
73907	10.40	52.00
73909	11.40	334.00
73912	10.50	52.00
73914	10.20	52.00
73916	10.60	52.00
73919	10.40	52.00
73921	63.80	324.00
73923	10.40	52.00
73925	10.30	52.00
73928	10.70	56.00
73930	10.50	52.00
73932	60.90	308.00
73935	10.20	52.00
73937	10.50	52.00
73939	10.60	52.00
73941	10.30	66.00
73944	59.20	56.00
73946	10.50	52.00
73948	10.40	52.00
73951	10.40	52.00
73953	13.30	68.00
73955	10.50	52.00
73958	10.50	52.00
73960	10.60	52.00
73962	10.70	52.00
73964	14.90	278.00
73967	10.50	52.00
73969	10.40	52.00
73971	10.50	52.00
73974	10.40	52.00
73976	51.60	262.00
73978	10.70	56.00
73980	10.40	52.00
73983	10.60	52.00
73985	10.50	52.00
73987	49.30	250.00
73990	10.70	56.00
73992	10.20	52.00
73994	10.60	52.00
73996	10.50	98.00
73999	46.30	56.00
74001	10.40	56.00
74003	10.70	56.00
74006	10.20	52.00
74008	21.00	104.00
74010	10.50	52.00
74013	10.40	52.00
74015	10.60	52.00
74017	10.50	52.00
74019	21.90	112.00
74022	10.50	52.00
74024	10.30	52.00
74026	10.40	52.00
74029	10.30	52.00
74031	36.50	184.00
74033	10.30	52.00
74035	10.60	52.00
74038	10.50	52.00
74040	10.60	52.00
74042	29.30	148.00
74045	10.30	52.00
74047	10.40	52.00
74049	10.40	52.00
74051	10.40	176.00
74054	26.50	52.00
74056	10.40	52.00
74058	10.70	52.00
74061	10.20	52.00
74063	37.30	186.00
74065	10.90	56.00
74068	10.60	52.00
74070	10.60	52.00
74072	10.50	52.00
74074	40.60	206.00
74077	10.20	52.00
74079	10.50	52.00
74081	10.60	52.00
74084	10.40	52.00
74086	42.40	104.00
74088	10.70	52.00
74090	10.40	52.00
74093	10.40	52.00
74095	10.50	52.00
74097	19.90	102.00
74100	10.40	52.00
74102	10.60	52.00
74104	10.10	52.00
74106	10.20	52.00
74109	18.50	52.00
74111	10.20	52.00
74113	10.50	52.00
74116	10.50	52.00
74118	10.30	258.00
74120	10.60	52.00
74123	10.60	52.00
74125	10.50	52.00
74127	10.50	52.00
74129	53.40	268.00
74132	10.20	52.00
74134	10.50	52.00
74136	10.30	52.00
74139	10.50	52.00
74141	56.20	76.00
74143	10.30	52.00
74145	10.60	52.00
74148	10.20	52.00
74150	10.10	52.00
74152	13.90	72.00
74155	10.50	52.00
74157	10.10	52.00
74159	10.40	52.00
74161	10.50	52.00
74164	13.20	66.00
74166	10.40	52.00
74168	10.40	52.00
74171	10.50	52.00
74173	10.40	308.00
74175	11.50	52.00
74178	10.50	52.00
74180	10.50	52.00
74182	10.50	52.00
74184	64.30	324.00
74187	10.40	52.00
74189	10.50	52.00
74191	10.40	52.00
74194	10.30	52.00
74196	65.90	50.00
74198	10.60	52.00
74200	10.30	52.00
74203	10.60	52.00
74205	10.10	52.00
74207	10.40	52.00
74210	10.40	52.00
74212	10.50	52.00
74214	10.40	52.00
74216	10.50	52.00
74219	10.00	50.00
74221	10.50	52.00
74223	10.50	52.00
74226	10.50	52.00
74228	10.80	344.00
74230	10.30	52.00
74233	10.10	52.00
74235	10.40	52.00
74237	10.50	52.00
74239	67.40	340.00
74242	10.50	52.00
74244	10.40	52.00
74246	10.20	52.00
74249	10.60	52.00
74251	68.50	348.00
74253	10.50	52.00
74255	10.20	52.00
74258	10.50	52.00
74260	10.40	62.00
74262	66.70	52.00
74265	10.30	52.00
74267	10.30	52.00
74269	10.70	56.00
74271	12.20	62.00
74274	10.40	52.00
74276	10.60	52.00
74278	10.50	52.00
74281	10.40	52.00
74283	12.00	304.00
74285	10.50	52.00
74288	10.70	52.00
74290	10.30	52.00
74292	10.30	52.00
74294	58.90	298.00
74297	10.50	52.00
74299	10.40	52.00
74301	10.80	56.00
74304	10.60	52.00
74306	55.00	278.00
74308	10.40	52.00
74310	10.40	52.00
74313	10.60	52.00
74315	10.30	78.00
74317	53.30	52.00
74320	10.50	52.00
74322	10.70	52.00
74324	10.40	52.00
74326	17.10	86.00
74329	10.60	52.00
74331	10.70	56.00
74333	10.60	52.00
74336	10.30	52.00
74338	19.10	96.00
74340	10.50	52.00
74343	10.50	52.00
74345	10.50	52.00
74347	10.50	52.00
74349	20.70	226.00
74352	10.50	52.00
74354	10.50	52.00
74356	10.40	52.00
74359	10.30	52.00
74361	43.60	220.00
74363	10.40	52.00
74365	10.50	52.00
74368	10.30	52.00
74370	10.60	118.00
74372	38.60	52.00
74375	10.60	52.00
74377	10.20	52.00
74379	10.60	52.00
74381	27.70	140.00
74384	10.40	52.00
74386	10.30	52.00
74388	10.50	52.00
74391	10.70	56.00
74393	28.60	144.00
74395	10.40	52.00
74398	10.30	52.00
74400	10.50	52.00
74402	10.40	52.00
74404	33.10	140.00
74407	10.30	52.00
74409	10.60	52.00
74411	10.60	52.00
74414	10.20	52.00
74416	23.40	118.00
74418	10.20	52.00
74420	10.50	52.00
74423	10.50	52.00
74425	10.40	52.00
74427	22.20	112.00
74430	10.40	52.00
74432	10.40	52.00
74434	10.20	50.00
74436	10.30	210.00
74439	21.00	52.00
74441	10.70	56.00
74443	10.40	52.00
74446	10.50	52.00
74448	45.60	230.00
74450	10.60	52.00
74453	10.40	52.00
74455	10.50	52.00
74457	10.20	52.00
74459	49.00	92.00
74462	10.30	52.00
74464	10.20	52.00
74466	10.60	50.00
74469	10.30	52.00
74471	17.40	88.00
74473	10.50	52.00
74475	10.20	52.00
74478	10.60	52.00
74480	10.60	52.00
74482	15.90	82.00
74485	10.60	52.00
74487	10.60	52.00
74489	10.50	52.00
74491	10.10	282.00
74494	14.70	52.00
74496	10.40	52.00
74498	10.60	52.00
74501	10.40	52.00
74503	57.90	292.00
74505	10.40	52.00
74508	10.50	52.00
74510	10.30	52.00
74512	10.70	56.00
74514	60.60	304.00
74517	10.40	52.00
74519	10.20	52.00
74521	10.20	52.00
74524	10.50	52.00
74526	11.10	56.00
74528	10.60	52.00
74530	10.70	56.00
74533	10.30	52.00
74535	10.30	52.00
74537	10.50	52.00
74540	10.60	52.00
74542	10.30	52.00
74544	10.50	52.00
74546	10.50	334.00
74549	10.20	52.00
74551	10.50	52.00
74553	10.50	52.00
74556	10.40	52.00
74558	65.00	328.00
74560	10.70	56.00
74563	10.10	52.00
74565	10.20	52.00
74567	10.40	52.00
74569	66.10	334.00
74572	10.40	52.00
74574	10.50	52.00
74576	10.50	52.00
74579	10.40	52.00
74581	67.90	50.00
74583	10.10	52.00
74585	10.60	52.00
74588	10.50	52.00
74590	11.50	58.00
74592	10.50	52.00
74595	10.40	52.00
74597	10.40	52.00
74599	10.50	52.00
74601	12.10	62.00
74604	10.80	52.00
74606	10.60	52.00
74608	10.40	52.00
74611	10.50	52.00
74613	12.20	318.00
74615	10.50	52.00
74618	10.40	52.00
74620	10.70	56.00
74622	10.60	52.00
74624	60.90	308.00
74627	10.20	52.00
74629	10.40	52.00
74631	10.40	52.00
74634	10.40	62.00
74636	57.80	52.00
74638	10.20	52.00
74640	10.70	52.00
74643	10.60	52.00
74645	13.20	66.00
74647	10.40	52.00
74650	10.40	52.00
74652	10.50	52.00
74654	10.40	52.00
74656	15.80	78.00
74659	10.50	52.00
74661	10.20	52.00
74663	10.40	52.00
74666	10.30	52.00
74668	17.00	262.00
74670	10.20	52.00
74673	10.50	52.00
74675	10.40	52.00
74677	10.60	52.00
74679	49.00	250.00
74682	10.50	52.00
74684	10.50	52.00
74686	10.50	52.00
74689	10.40	52.00
74691	47.20	52.00
74693	10.20	52.00
74695	10.40	52.00
74698	10.50	52.00
74700	10.70	104.00
74702	10.70	56.00
74705	10.50	52.00
74707	10.50	52.00
74709	10.60	52.00
74711	21.90	112.00
74714	10.40	52.00
74716	10.40	52.00
74718	10.40	52.00
74721	10.40	52.00
74723	27.10	176.00
74725	10.30	52.00
74728	10.40	52.00
74730	10.40	52.00
74732	10.30	52.00
74734	30.70	154.00
74737	10.50	52.00
74739	10.50	52.00
74741	10.50	52.00
74744	10.60	52.00
74746	24.60	124.00
74748	10.20	52.00
74750	10.50	52.00
74753	10.60	52.00
74755	10.40	190.00
74757	22.70	52.00
74760	10.30	52.00
74762	10.40	52.00
74764	10.30	52.00
74766	41.80	210.00
74769	10.20	52.00
74771	10.40	52.00
74773	10.50	52.00
74776	10.30	52.00
74778	45.80	98.00
74780	10.40	52.00
74783	10.40	52.00
74785	10.40	52.00
74787	10.40	52.00
74789	18.10	92.00
74792	10.60	52.00
74794	10.50	52.00
74796	10.60	52.00
74799	10.20	52.00
74801	17.60	88.00
74803	10.40	52.00
74805	10.60	52.00
74808	10.40	52.00
74810	10.50	268.00
74812	16.10	52.00
74815	10.40	52.00
74817	10.60	52.00
74819	10.60	52.00
74821	55.40	278.00
74824	10.40	52.00
74826	10.50	52.00
74828	10.60	52.00
74831	10.30	52.00
74833	56.80	288.00
74835	10.50	52.00
74838	10.50	52.00
74840	10.30	52.00
74842	10.60	52.00
74844	59.70	66.00
74847	10.20	52.00
74849	10.50	52.00
74851	10.50	52.00
74854	10.40	52.00
74856	11.70	58.00
74858	10.30	52.00
74860	10.40	52.00
74863	10.50	52.00
74865	10.40	322.00
74867	10.70	52.00
74870	10.40	52.00
74872	10.30	52.00
74874	10.40	52.00
74876	65.70	330.00
74879	10.30	52.00
74881	10.30	52.00
74883	10.30	52.00
74886	10.40	52.00
74888	66.10	334.00
74890	10.60	52.00
74893	10.20	52.00
74895	10.40	52.00
74897	10.50	52.00
74899	66.10	52.00
74902	10.40	52.00
74904	10.40	52.00
74906	10.40	52.00
74909	11.00	56.00
74911	10.30	52.00
74913	10.30	52.00
74915	10.30	52.00
74918	10.10	52.00
74920	11.40	58.00
74922	10.60	52.00
74925	10.70	52.00
74927	10.50	52.00
74929	10.40	52.00
74931	11.70	330.00
74934	10.60	52.00
74936	10.40	52.00
74938	10.50	52.00
74941	10.60	52.00
74943	62.80	318.00
74945	10.20	52.00
74948	10.40	52.00
74950	10.50	52.00
74952	10.30	62.00
74954	62.40	52.00
74957	10.30	52.00
74959	10.40	52.00
74961	10.30	52.00
74964	12.60	62.00
74966	10.60	52.00
74968	10.50	52.00
74970	10.60	52.00
74973	10.20	52.00
74975	13.60	68.00
74977	10.10	52.00
74980	10.40	52.00
74982	10.60	52.00
74984	10.40	52.00
74986	15.10	272.00
74989	10.40	52.00
74991	10.50	52.00
74993	10.40	52.00
74996	10.40	52.00
74998	52.00	262.00
75000	10.30	52.00
75003	10.40	52.00
75005	10.60	52.00
75007	10.50	52.00
75009	49.20	250.00
75012	10.40	52.00
75014	10.50	52.00
75016	10.50	52.00
75019	10.20	98.00
75021	10.70	56.00
75023	10.50	52.00
75025	10.60	52.00
75028	10.50	52.00
75030	20.80	104.00
75032	10.10	52.00
75035	10.50	52.00
75037	10.10	52.00
75039	10.20	52.00
75041	22.30	210.00
75044	10.40	52.00
75046	10.50	52.00
75048	10.40	52.00
75051	10.50	52.00
75053	35.00	176.00
75055	10.40	52.00
75058	10.50	52.00
75060	10.20	52.00
75062	10.40	52.00
75064	30.30	154.00
75067	10.50	52.00
75069	10.70	52.00
75071	10.40	52.00
75074	10.20	174.00
75076	25.00	52.00
75078	10.70	52.00
75080	10.40	52.00
75083	10.50	52.00
75085	38.70	196.00
75087	10.40	52.00
75090	10.50	52.00
75092	10.10	52.00
75094	10.30	52.00
75096	41.60	210.00
75099	10.60	52.00
75101	10.30	52.00
75103	10.30	52.00
75106	10.20	52.00
75108	45.90	102.00
75110	10.50	52.00
75113	10.40	52.00
75115	10.50	52.00
75117	10.30	52.00
75119	18.30	92.00
75122	10.60	52.00
75124	10.30	52.00
75126	10.60	52.00
75129	10.60	262.00
75131	17.40	52.00
75133	10.40	52.00
75135	10.40	52.00
75138	10.60	52.00
75140	53.70	272.00
75142	10.60	52.00
75145	10.30	52.00
75147	10.40	52.00
75149	10.40	52.00
75151	55.50	278.00
75154	10.40	52.00
75156	10.50	52.00
75158	10.70	52.00
75161	10.40	52.00
75163	56.90	68.00
75165	10.50	52.00
75168	10.50	52.00
75170	10.50	52.00
75172	10.40	52.00
75174	12.60	66.00
75177	10.60	52.00
75179	10.00	50.00
75181	10.40	52.00
75184	10.30	52.00
75186	11.20	52.00
75188	10.60	52.00
75190	10.50	52.00
75193	10.40	52.00
75195	10.30	328.00
75197	10.30	52.00
75200	10.20	52.00
75202	10.40	52.00
75204	10.50	52.00
75206	66.20	334.00
75209	10.40	52.00
75211	10.20	52.00
75213	10.70	56.00
75216	10.60	52.00
75218	65.60	52.00
75220	10.30	52.00
75223	10.40	52.00
75225	10.50	52.00
75227	10.40	52.00
75229	10.20	52.00
75232	10.50	52.00
75234	10.70	56.00
75236	10.10	52.00
75239	11.00	56.00
75241	10.50	52.00
75243	10.60	52.00
75245	10.70	52.00
75248	10.50	52.00
75250	11.40	338.00
75252	10.40	52.00
75255	10.20	52.00
75257	10.10	52.00
75259	10.30	52.00
75261	64.60	328.00
75264	10.60	52.00
75266	10.80	56.00
75268	10.30	52.00
75271	10.60	52.00
75273	62.00	52.00
75275	10.30	52.00
75278	10.50	52.00
75280	10.40	56.00
75282	10.30	62.00
75284	10.60	52.00
75287	10.20	52.00
75289	10.50	52.00
75291	10.70	56.00
75294	13.00	66.00
75296	10.00	50.00
75298	10.30	52.00
75300	10.30	56.00
75303	10.30	52.00
75305	15.20	278.00
75307	10.30	52.00
75310	10.40	52.00
75312	10.20	52.00
75314	10.20	52.00
75316	54.10	276.00
75319	10.50	52.00
75321	10.50	52.00
75323	10.70	56.00
75326	10.60	52.00
75328	52.90	268.00
75330	10.60	52.00
75333	10.40	52.00
75335	10.50	52.00
75337	10.50	92.00
75339	49.80	52.00
75342	10.50	52.00
75344	10.30	52.00
75346	10.20	52.00
75349	18.90	96.00
75351	10.40	52.00
75353	10.60	52.00
75355	10.40	52.00
75358	10.60	52.00
75360	22.50	196.00
75362	10.50	52.00
75365	10.70	52.00
75367	10.60	56.00
75369	10.40	52.00
75371	34.60	176.00
75374	10.30	52.00
75376	10.50	52.00
75378	10.60	52.00
75381	10.10	52.00
75383	27.70	140.00
75385	10.40	52.00
75388	10.40	52.00
75390	10.40	52.00
75392	10.50	186.00
75394	23.70	52.00
75397	10.40	52.00
75399	10.40	52.00
75401	10.50	52.00
75404	38.70	196.00
75406	10.40	52.00
75408	10.40	52.00
75410	10.60	52.00
75413	10.60	52.00
75415	42.80	216.00
75417	10.40	52.00
75420	10.60	52.00
75422	10.70	52.00
75424	10.40	52.00
75426	45.80	96.00
75429	10.20	52.00
75431	10.50	52.00
75433	10.60	52.00
75436	10.30	52.00
75438	17.90	92.00
75440	10.50	52.00
75443	10.30	52.00
75445	10.40	52.00
75447	10.40	266.00
75449	16.50	52.00
75452	10.30	52.00
75454	10.50	52.00
75456	10.40	52.00
75459	55.00	278.00
75461	10.60	52.00
75463	10.60	52.00
75465	10.50	52.00
75468	10.70	56.00
75470	56.30	286.00
75472	10.50	52.00
75475	10.50	52.00
75477	10.40	52.00
75479	10.50	52.00
75481	60.10	66.00
75484	10.40	52.00
75486	10.30	52.00
75488	10.70	56.00
75491	10.50	52.00
75493	10.90	56.00
75495	10.60	52.00
75498	10.40	52.00
75500	10.20	52.00
75502	10.50	52.00
75504	10.10	52.00
75507	10.50	52.00
75509	10.40	52.00
75511	10.20	52.00
75514	10.70	330.00
75516	10.50	52.00
75518	10.60	52.00
75520	10.70	56.00
75523	10.60	52.00
75525	66.20	334.00
75527	10.40	52.00
75530	10.40	52.00
75532	10.40	52.00
75534	10.50	52.00
75536	65.20	52.00
75539	10.30	52.00
75541	10.50	52.00
75543	10.50	52.00
75546	10.90	56.00
75548	10.40	52.00
75550	10.40	52.00
75553	10.40	52.00
75555	10.10	52.00
75557	11.40	58.00
75559	10.50	52.00
75562	10.40	52.00
75564	10.50	52.00
75566	10.50	52.00
75569	11.70	330.00
75571	10.60	52.00
75573	10.40	52.00
75575	10.70	56.00
75578	10.30	52.00
75580	62.20	314.00
75582	10.50	52.00
75585	10.20	52.00
75587	10.50	52.00
75589	10.40	52.00
75591	60.80	308.00
75594	10.40	52.00
75596	10.20	52.00
75598	10.20	56.00
75601	10.40	62.00
75603	57.10	52.00
75605	10.50	52.00
75608	10.60	52.00
75610	10.60	52.00
75612	14.10	72.00
75614	10.50	52.00
75617	10.70	56.00
75619	10.50	52.00
75621	10.30	52.00
75624	15.80	266.00
75626	10.50	52.00
75628	10.50	56.00
75630	10.40	52.00
75633	10.50	52.00
75635	50.80	258.00
75637	10.60	52.00
75640	10.30	52.00
75642	10.10	52.00
75644	10.50	52.00
75646	48.70	246.00
75649	10.40	52.00
75651	10.50	52.00
75653	10.50	52.00
75656	10.50	98.00
75658	46.50	52.00
75660	10.30	52.00
75663	10.80	56.00
75665	10.20	52.00
75667	20.40	102.00
75669	10.70	56.00
75672	10.40	52.00
75674	10.50	52.00
75676	10.70	56.00
75679	22.20	112.00
75681	10.50	52.00
75683	10.30	56.00
75685	10.50	52.00
75688	10.40	52.00
75690	27.30	176.00
75692	10.40	52.00
75695	10.40	52.00
75697	10.30	52.00
75699	10.50	52.00
75701	30.30	154.00
75704	10.50	52.00
75706	10.20	52.00
75708	10.50	52.00
75711	10.20	176.00
75713	25.90	52.00
75715	10.40	52.00
75718	10.40	52.00
75720	10.50	52.00
75722	38.00	190.00
75724	10.30	52.00
75727	10.70	56.00
75729	10.50	52.00
75731	10.40	52.00
75734	39.30	196.00
75736	10.50	52.00
75738	10.20	52.00
75740	10.60	52.00
75743	10.50	56.00
75745	44.70	102.00
75747	10.20	52.00
75750	10.30	52.00
75752	10.50	52.00
75754	10.20	52.00
75756	19.10	98.00
75759	10.50	52.00
75761	10.30	52.00
75763	10.50	52.00
75766	10.40	52.00
75768	17.90	52.00
75770	10.50	52.00
75773	10.40	52.00
75775	10.60	52.00
75777	10.30	268.00
75779	10.50	52.00
75782	10.40	52.00
75784	10.50	52.00
75786	10.30	52.00
75789	55.10	278.00
75791	10.30	52.00
75793	10.60	52.00
75795	10.10	52.00
75798	10.20	52.00
75800	57.50	68.00
75802	10.60	56.00
75805	10.20	52.00
75807	10.40	52.00
75809	10.70	56.00
75811	12.40	62.00
75814	10.30	52.00
75816	10.20	52.00
75818	10.60	52.00
75821	10.50	52.00
75823	10.80	56.00
75825	10.50	52.00
75828	10.70	52.00
75830	10.50	52.00
75832	10.50	328.00
75834	10.50	52.00
75837	10.40	52.00
75839	10.10	52.00
75841	10.50	52.00
75844	66.30	334.00
75846	10.40	52.00
75848	10.30	52.00
75850	10.80	56.00
75853	10.40	52.00
75855	65.00	50.00
75857	10.50	52.00
75860	10.50	52.00
75862	10.40	52.00
75864	10.50	52.00
75866	10.10	52.00
75869	10.20	52.00
75871	10.50	52.00
75873	10.20	52.00
75876	10.90	56.00
75878	10.10	52.00
75880	10.20	52.00
75883	10.20	52.00
75885	10.60	52.00
75887	11.10	340.00
75889	10.60	56.00
75892	10.60	52.00
75894	10.30	52.00
75896	10.40	52.00
75899	66.10	334.00
75901	10.40	52.00
75903	10.50	52.00
75905	10.50	52.00
75908	10.20	52.00
75910	63.00	318.00
75912	10.40	52.00
75915	10.40	56.00
75917	10.30	52.00
75919	10.50	62.00
75921	60.60	52.00
75924	10.40	52.00
75926	10.30	52.00
75928	10.60	52.00
75931	12.40	62.00
75933	10.40	52.00
75935	10.40	52.00
75938	10.50	52.00
75940	10.20	52.00
75942	14.30	286.00
75944	10.40	52.00
75947	10.50	52.00
75949	10.50	52.00
75951	10.70	52.00
75954	52.10	266.00
75956	10.50	52.00
75958	10.50	52.00
75960	10.40	52.00
75963	10.70	56.00
75965	50.50	256.00
75967	10.50	52.00
75970	10.30	52.00
75972	10.30	52.00
75974	10.40	96.00
75976	47.40	52.00
75979	10.40	52.00
75981	10.60	50.00
75983	10.20	52.00
75986	20.20	102.00
75988	10.50	52.00
75990	10.40	52.00
75993	10.40	52.00
75995	10.40	52.00
75997	21.50	108.00
75999	10.50	52.00
76002	10.50	52.00
76004	10.60	52.00
76006	10.70	52.00
76009	23.60	194.00
76011	10.50	52.00
76013	10.60	52.00
76015	10.50	52.00
76018	10.60	52.00
76020	32.00	164.00
76022	10.20	52.00
76025	10.40	52.00
76027	10.50	52.00
76029	10.50	168.00
76031	28.30	56.00
76034	10.50	52.00
76036	10.10	52.00
76038	10.50	52.00
76041	36.90	186.00
76043	10.40	52.00
76045	10.50	52.00
76048	10.20	52.00
76050	10.20	52.00
76052	39.80	200.00
76054	10.30	52.00
76057	10.40	52.00
76059	10.10	52.00
76061	10.10	52.00
76064	45.10	102.00
76066	10.50	52.00
76068	10.50	52.00
76070	10.30	52.00
76073	10.20	52.00
76075	18.60	96.00
76077	10.40	52.00
76080	10.20	52.00
76082	10.40	52.00
76084	10.20	52.00
76086	17.60	88.00
76089	10.50	52.00
76091	10.70	52.00
76093	10.50	52.00
76096	10.40	272.00
76098	16.10	52.00
76100	10.70	56.00
76103	10.40	52.00
76105	10.50	52.00
76107	54.90	278.00
76109	10.60	52.00
76112	10.10	52.00
76114	10.40	52.00
76116	10.30	52.00
76119	57.80	68.00
76121	10.20	52.00
76123	10.50	56.00
76125	10.50	52.00
76128	10.40	52.00
76130	12.30	62.00
76132	10.40	52.00
76135	10.50	52.00
76137	10.40	52.00
76139	10.50	52.00
76141	11.40	58.00
76144	10.60	52.00
76146	10.20	52.00
76148	10.60	52.00
76151	10.40	322.00
76153	10.60	52.00
76155	10.60	52.00
76158	10.40	52.00
76160	10.40	52.00
76162	66.80	338.00
76164	10.70	56.00
76167	10.20	52.00
76169	10.60	52.00
76171	10.30	52.00
76174	65.10	330.00
76176	10.40	52.00
76178	10.40	52.00
76180	10.20	52.00
76183	10.60	52.00
76185	65.50	52.00
76187	10.40	52.00
76190	10.10	52.00
76192	10.50	52.00
76194	10.70	56.00
76196	10.50	52.00
76199	10.60	52.00
76201	10.40	52.00
76203	10.30	52.00
76206	11.30	344.00
76208	10.40	52.00
76210	10.30	52.00
76213	10.50	52.00
76215	10.40	52.00
76217	65.50	330.00
76219	10.20	52.00
76222	10.40	52.00
76224	10.40	52.00
76226	10.20	52.00
76229	64.80	328.00
76231	10.20	52.00
76233	10.40	52.00
76235	10.30	52.00
76238	10.40	62.00
76240	61.10	52.00
76242	10.60	52.00
76245	10.70	56.00
76247	10.40	52.00
76249	12.40	62.00
76251	10.50	52.00
76254	10.20	52.00
76256	10.80	56.00
76258	10.50	52.00
76261	13.00	66.00
76263	10.40	52.00
76265	10.30	52.00
76268	10.40	52.00
76270	10.30	52.00
76272	14.90	276.00
76274	10.30	52.00
76277	10.30	52.00
76279	10.20	52.00
76281	10.20	52.00
76284	50.80	258.00
76286	10.50	52.00
76288	10.70	56.00
76290	10.40	52.00
76293	10.30	92.00
76295	49.40	52.00
76297	10.20	52.00
76300	10.40	52.00
76302	10.20	52.00
76304	19.60	98.00
76306	10.40	52.00
76309	10.60	52.00
76311	10.10	52.00
76313	10.20	52.00
76316	21.60	108.00
76318	10.60	52.00
76320	10.30	52.00
76323	10.60	52.00
76325	10.20	52.00
76327	22.40	204.00
76329	10.40	52.00
76332	10.20	52.00
76334	10.60	52.00
76336	10.40	52.00
76339	34.80	176.00
76341	10.50	52.00
76343	10.60	52.00
76345	10.60	52.00
76348	10.50	52.00
76350	28.10	52.00
76352	10.30	52.00
76355	10.40	52.00
76357	10.20	52.00
76359	10.60	184.00
76361	10.40	52.00
76364	10.40	52.00
76366	10.50	52.00
76368	10.40	52.00
76371	37.80	190.00
76373	10.50	52.00
76375	10.60	52.00
76378	10.50	52.00
76380	10.20	52.00
76382	42.60	108.00
76384	10.60	56.00
76387	10.50	56.00
76389	10.20	52.00
76391	10.40	52.00
76394	19.00	96.00
76396	10.20	52.00
76398	10.60	52.00
76400	10.20	52.00
76403	10.60	52.00
76405	18.10	92.00
76407	10.20	52.00
76410	10.60	52.00
76412	10.30	52.00
76414	10.60	266.00
76416	16.40	52.00
76419	10.30	52.00
76421	10.30	52.00
76423	10.10	52.00
76426	54.80	276.00
76428	10.70	56.00
76430	10.50	52.00
76433	10.20	52.00
76435	10.40	52.00
76437	56.80	72.00
76439	10.20	52.00
76442	10.40	52.00
76444	10.40	52.00
76446	10.60	52.00
76449	12.80	66.00
76451	10.50	52.00
76453	10.70	56.00
76455	10.50	52.00
76458	10.40	52.00
76460	11.00	56.00
76462	10.50	52.00
76465	10.60	52.00
76467	10.60	52.00
76469	10.60	324.00
76471	10.40	52.00
76474	10.30	52.00
76476	10.40	52.00
76478	10.40	52.00
76481	66.40	334.00
76483	10.40	52.00
76485	10.20	52.00
76488	10.60	52.00
76490	10.50	52.00
76492	65.60	330.00
76494	10.60	52.00
76497	10.60	52.00
76499	10.70	52.00
76501	10.30	52.00
76504	65.80	52.00
76506	10.40	52.00
76508	10.60	52.00
76510	10.50	52.00
76513	10.70	56.00
76515	10.40	52.00
76517	10.40	52.00
76520	10.60	52.00
76522	10.20	52.00
76524	11.00	344.00
76526	10.50	52.00
76529	10.50	52.00
76531	10.40	52.00
76533	10.20	52.00
76536	65.70	334.00
76538	10.20	52.00
76540	10.40	52.00
76543	10.60	52.00
76545	10.60	52.00
76547	63.00	318.00
76549	10.70	56.00
76552	10.40	52.00
76554	10.40	52.00
76556	10.40	62.00
76559	60.90	56.00
76561	10.40	52.00
76563	10.30	52.00
76565	10.40	52.00
76568	12.50	62.00
76570	10.60	52.00
76572	10.30	52.00
76575	10.60	52.00
76577	10.30	52.00
76579	13.40	68.00
76581	10.20	52.00
76584	10.40	52.00
76586	10.20	52.00
76588	10.40	52.00
76591	14.90	272.00
76593	10.40	52.00
76595	10.50	52.00
76598	10.40	52.00
76600	10.40	52.00
76602	52.80	268.00
76604	10.30	52.00
76607	10.60	52.00
76609	10.40	52.00
76611	10.20	92.00
76614	50.20	56.00
76616	10.30	52.00
76618	10.50	52.00
76620	10.40	52.00
76623	19.50	98.00
76625	10.70	56.00
76627	10.40	52.00
76630	10.40	52.00
76632	10.20	52.00
76634	21.00	104.00
76636	10.60	52.00
76639	10.60	52.00
76641	10.50	52.00
76643	10.60	52.00
76646	22.40	206.00
76648	10.40	52.00
76650	10.70	52.00
76653	10.30	52.00
76655	10.40	52.00
76657	34.40	174.00
76659	10.30	52.00
76662	10.50	52.00
76664	10.50	52.00
76666	10.50	52.00
76669	26.50	134.00
76671	10.70	50.00
76673	10.20	52.00
76675	10.50	52.00
76678	10.50	184.00
76680	23.70	52.00
76682	10.40	52.00
76685	10.40	52.00
76687	10.60	52.00
76689	38.90	196.00
76691	10.50	52.00
76694	9.90	50.00
76696	10.60	52.00
76698	10.50	52.00
76701	43.00	104.00
76703	10.40	52.00
76705	10.70	52.00
76708	10.50	52.00
76710	10.40	52.00
76712	19.00	96.00
76714	10.60	52.00
76717	10.60	52.00
76719	10.50	52.00
76721	10.50	52.00
76724	17.80	92.00
76726	10.70	56.00
76728	10.50	56.00
76730	10.60	52.00
76733	10.50	266.00
76735	16.50	52.00
76737	10.40	52.00
76740	10.40	52.00
76742	10.50	52.00
76744	55.20	278.00
76746	10.50	52.00
76749	10.60	52.00
76751	10.40	52.00
76753	10.50	52.00
76756	56.60	286.00
76758	10.50	52.00
76760	10.50	52.00
76763	10.50	56.00
76765	10.40	52.00
76767	59.10	68.00
76769	10.40	52.00
76772	10.50	52.00
76774	10.50	52.00
76776	10.50	52.00
76779	11.20	56.00
76781	10.30	52.00
76783	10.80	56.00
76785	10.30	52.00
76788	10.50	322.00
76790	10.70	52.00
76792	10.50	52.00
76795	10.40	52.00
76797	10.40	52.00
76799	65.70	330.00
76801	10.50	52.00
76804	10.60	52.00
76806	10.30	52.00
76808	10.40	52.00
76811	65.30	330.00
76813	10.40	52.00
76815	10.50	52.00
76818	10.60	52.00
76820	10.20	52.00
76822	65.30	52.00
76824	10.50	52.00
76827	10.50	52.00
76829	10.50	52.00
76831	10.70	56.00
76834	10.30	52.00
76836	10.60	52.00
76838	10.60	52.00
76840	10.70	56.00
76843	11.30	56.00
76845	10.40	52.00
76847	10.50	52.00
76850	10.40	52.00
76852	10.30	52.00
76854	11.80	338.00
76856	10.40	52.00
76859	10.40	52.00
76861	10.20	52.00
76863	10.40	52.00
76866	63.80	324.00
76868	10.50	52.00
76870	10.60	52.00
76873	10.50	52.00
76875	10.50	62.00
76877	61.90	52.00
76879	10.40	52.00
76882	10.20	52.00
76884	10.60	52.00
76886	12.10	62.00
76889	10.40	52.00
76891	10.50	52.00
76893	10.10	52.00
76895	10.50	52.00
76898	12.90	66.00
76900	10.30	52.00
76902	10.40	52.00
76905	10.40	56.00
76907	10.50	52.00
76909	13.80	276.00
76911	10.10	52.00
76914	10.20	56.00
76916	10.50	52.00
76918	10.50	52.00
76921	53.70	272.00
76923	10.20	52.00
76925	10.40	52.00
76928	10.40	52.00
76930	10.40	52.00
76932	50.20	52.00
76934	10.40	52.00
76937	10.50	52.00
76939	10.40	56.00
76941	10.40	96.00
76944	10.40	52.00
76946	10.50	52.00
76948	10.50	52.00
76950	10.20	52.00
76953	19.30	98.00
76955	10.70	56.00
76957	10.40	52.00
76960	10.30	52.00
76962	10.40	52.00
76964	21.20	222.00
76966	10.30	56.00
76969	10.20	52.00
76971	10.40	52.00
76973	10.40	52.00
76976	38.60	196.00
76978	10.70	56.00
76980	10.50	52.00
76983	10.20	52.00
76985	10.60	52.00
76987	33.90	170.00
76989	10.20	52.00
76992	10.60	52.00
76994	10.40	52.00
76996	10.20	164.00
76999	26.70	52.00
77001	10.60	52.00
77003	10.40	52.00
77005	10.40	52.00
77008	36.90	186.00
77010	10.50	52.00
77012	10.50	52.00
77015	10.60	52.00
77017	10.50	52.00
77019	39.60	108.00
77021	10.60	50.00
77024	10.50	52.00
77026	10.50	52.00
77028	10.30	52.00
77031	20.50	104.00
77033	10.10	52.00
77035	10.60	52.00
77038	10.40	52.00
77040	10.40	52.00
77042	18.80	96.00
77044	10.30	52.00
77047	10.40	52.00
77049	10.50	52.00
77051	10.40	256.00
77054	17.80	52.00
77056	10.30	52.00
77058	10.50	52.00
77060	10.60	52.00
77063	52.50	266.00
77065	10.50	52.00
77067	10.40	52.00
77070	10.50	52.00
77072	10.40	52.00
77074	55.40	278.00
77076	10.50	52.00
77079	10.50	52.00
77081	10.40	52.00
77083	10.60	52.00
77086	57.40	68.00
77088	10.60	52.00
77090	10.60	52.00
77093	10.20	52.00
77095	10.40	52.00
77097	12.20	62.00
77099	10.50	52.00
77102	10.40	52.00
77104	10.40	52.00
77106	10.40	314.00
77109	10.80	52.00
77111	10.10	52.00
77113	10.50	52.00
77115	10.70	52.00
77118	65.10	328.00
77120	10.40	52.00
77122	10.50	52.00
77125	10.70	56.00
77127	10.80	56.00
77129	65.60	330.00
77131	10.50	52.00
77134	10.40	52.00
77136	10.40	52.00
77138	10.40	52.00
77141	65.20	52.00
77143	10.30	52.00
77145	10.50	52.00
77148	10.50	52.00
77150	10.40	52.00
77152	10.20	52.00
77154	10.50	52.00
77157	10.60	52.00
77159	10.40	52.00
77161	10.70	56.00
77164	10.20	52.00
77166	10.50	52.00
77168	10.40	52.00
77170	10.50	52.00
77173	11.30	340.00
77175	10.60	52.00
77177	10.50	52.00
77180	10.40	52.00
77182	10.70	56.00
77184	66.70	338.00
77186	10.50	52.00
77189	10.40	52.00
77191	10.60	52.00
77193	10.70	56.00
77196	62.60	56.00
77198	10.30	52.00
77200	10.30	52.00
77203	10.60	52.00
77205	12.20	62.00
77207	10.70	56.00
77209	10.50	52.00
77212	10.40	52.00
77214	10.50	52.00
77216	12.10	62.00
77219	10.50	52.00
77221	10.40	52.00
77223	10.50	52.00
77225	10.30	52.00
77228	12.70	294.00
77230	10.80	52.00
77232	10.60	52.00
77235	10.40	52.00
77237	10.60	52.00
77239	55.00	278.00
77241	10.60	52.00
77244	10.50	52.00
77246	10.30	52.00
77248	10.50	52.00
77251	53.60	272.00
77253	10.20	52.00
77255	10.30	52.00
77258	10.40	52.00
77260	10.70	86.00
77262	50.40	52.00
77264	10.50	52.00
77267	10.40	52.00
77269	10.60	52.00
77271	18.30	92.00
77274	10.40	52.00
77276	10.40	52.00
77278	10.60	52.00
77280	10.50	52.00
77283	19.60	232.00
77285	10.30	52.00
77287	10.40	52.00
77290	10.50	52.00
77292	10.80	52.00
77294	45.40	230.00
77296	10.40	52.00
77299	10.60	52.00
77301	10.40	52.00
77303	10.40	52.00
77306	41.70	212.00
77308	10.60	52.00
77310	10.40	52.00
77313	10.50	52.00
77315	10.40	148.00
77317	32.60	52.00
77319	10.70	52.00
77322	10.30	52.00
77324	10.60	52.00
77326	33.60	170.00
77329	10.40	52.00
77331	10.50	52.00
77333	10.40	52.00
77335	10.20	52.00
77338	37.80	190.00
77340	10.60	52.00
77342	10.60	52.00
77345	10.50	52.00
77347	10.50	52.00
77349	39.60	108.00
77351	10.40	52.00
77354	10.50	52.00
77356	10.20	52.00
77358	10.80	56.00
77361	20.80	104.00
77363	10.50	52.00
77365	10.40	52.00
77368	10.60	52.00
77370	10.40	230.00
77372	19.30	52.00
77374	10.40	52.00
77377	10.20	52.00
77379	10.70	52.00
77381	50.00	252.00
77384	10.30	52.00
77386	10.40	52.00
77388	10.40	52.00
77390	10.60	52.00
77393	52.60	266.00
77395	10.40	52.00
77397	10.40	52.00
77400	10.30	52.00
77402	10.20	52.00
77404	55.00	78.00
77406	10.70	52.00
77409	10.40	52.00
77411	10.70	56.00
77413	10.40	52.00
77416	13.80	68.00
77418	10.50	52.00
77420	10.00	50.00
77423	10.40	52.00
77425	10.60	52.00
77427	12.60	56.00
77429	10.60	52.00
77432	10.30	52.00
77434	10.40	52.00
77436	10.30	308.00
77439	10.60	52.00
77441	10.30	52.00
77443	10.50	52.00
77445	10.20	52.00
77448	63.40	322.00
77450	10.40	52.00
77452	10.40	52.00
77455	10.40	52.00
77457	10.60	52.00
77459	65.60	50.00
77461	10.30	52.00
77464	10.40	52.00
77466	10.10	52.00
77468	10.80	56.00
77471	9.80	50.00
77473	10.50	52.00
77475	10.30	52.00
77478	10.50	52.00
77480	10.40	52.00
77482	10.20	52.00
77484	10.50	52.00
77487	10.50	52.00
77489	10.40	52.00
77491	10.70	334.00
77494	10.40	52.00
77496	10.50	52.00
77498	10.60	52.00
77500	10.50	52.00
77503	68.10	344.00
77505	10.30	52.00
77507	10.20	52.00
77510	10.40	52.00
77512	10.30	52.00
77514	66.70	52.00
77516	10.50	52.00
77519	10.10	52.00
77521	10.60	52.00
77523	10.50	58.00
77526	10.40	52.00
77528	10.40	52.00
77530	10.50	52.00
77533	10.20	52.00
77535	12.20	62.00
77537	10.40	52.00
77539	10.50	52.00
77542	10.40	52.00
77544	10.40	56.00
77546	12.40	294.00
77549	10.60	52.00
77551	10.40	52.00
77553	10.50	52.00
77555	10.20	52.00
77558	56.10	286.00
77560	10.60	52.00
77562	10.50	52.00
77565	10.60	52.00
77567	10.70	56.00
77569	52.70	268.00
77571	10.60	52.00
77574	10.30	52.00
77576	10.30	52.00
77578	10.20	82.00
77581	51.80	52.00
77583	10.20	52.00
77585	10.60	52.00
77588	10.70	56.00
77590	18.10	92.00
77592	10.30	52.00
77594	10.50	52.00
77597	10.40	52.00
77599	10.50	52.00
77601	19.60	236.00
77604	10.60	52.00
77606	10.50	52.00
77608	10.40	52.00
77610	10.30	52.00
77613	43.70	222.00
77615	10.80	56.00
77617	10.50	52.00
77620	10.60	52.00
77622	10.40	52.00
77624	42.10	212.00
77626	10.50	52.00
77629	10.50	52.00
77631	10.40	52.00
77633	10.40	128.00
77636	34.20	52.00
77638	10.20	52.00
77640	10.60	52.00
77643	10.50	52.00
77645	30.30	154.00
77647	10.20	52.00
77649	10.20	52.00
77652	10.30	52.00
77654	10.30	52.00
77656	34.40	174.00
77659	10.50	52.00
77661	10.50	52.00
77663	10.50	52.00
77665	10.50	52.00
77668	37.40	114.00
77670	10.50	52.00
77672	10.50	52.00
77675	10.50	52.00
77677	10.50	52.00
77679	21.30	108.00
77681	10.60	52.00
77684	10.50	52.00
77686	10.50	52.00
77688	10.50	52.00
77691	20.30	52.00
77693	10.40	52.00
77695	10.60	52.00
77698	10.50	52.00
77700	47.60	240.00
77702	10.40	52.00
77704	10.60	52.00
77707	10.40	52.00
77709	10.60	52.00
77711	51.90	262.00
77714	10.70	56.00
77716	10.40	52.00
77718	10.60	52.00
77720	10.00	52.00
77723	53.80	78.00
77725	10.40	52.00
77727	10.50	52.00
77730	10.50	52.00
77732	10.50	52.00
77734	14.90	76.00
77736	10.60	52.00
77739	10.20	52.00
77741	10.20	52.00
77743	10.40	52.00
77746	12.70	66.00
77748	10.20	56.00
77750	10.40	52.00
77753	10.50	52.00
77755	10.60	312.00
77757	11.60	52.00
77759	10.40	52.00
77762	10.40	52.00
77764	10.40	52.00
77766	63.30	322.00
77769	10.50	52.00
77771	10.70	56.00
77773	10.40	52.00
77775	10.50	52.00
77778	65.70	52.00
77780	10.40	52.00
77782	10.50	52.00
77785	10.40	52.00
77787	10.50	52.00
77789	9.90	50.00
77791	10.50	52.00
77794	10.70	56.00
77796	10.30	52.00
77798	10.50	52.00
77801	10.30	52.00
77803	10.60	52.00
77805	10.60	52.00
77808	10.50	52.00
77810	10.60	338.00
77812	10.40	52.00
77814	10.40	52.00
77817	10.60	52.00
77819	10.60	52.00
77821	68.40	348.00
77824	10.10	52.00
77826	10.40	52.00
77828	10.40	52.00
77830	10.40	52.00
77833	65.80	334.00
77835	10.70	52.00
77837	10.50	52.00
77840	10.50	52.00
77842	10.50	58.00
77844	64.10	52.00
77846	10.40	52.00
77849	10.50	52.00
77851	10.80	56.00
77853	12.20	62.00
77856	10.60	52.00
77858	10.30	52.00
77860	10.10	52.00
77863	10.20	52.00
77865	12.50	304.00
77867	10.20	52.00
77869	10.60	52.00
77872	10.60	52.00
77874	10.20	52.00
77876	56.70	288.00
77879	10.60	52.00
77881	10.50	52.00
77883	10.20	52.00
77885	10.50	52.00
77888	55.00	278.00
77890	10.70	56.00
77892	10.20	52.00
77895	10.40	52.00
77897	10.40	78.00
77899	52.00	52.00
77901	10.20	52.00
77904	10.50	52.00
77906	10.60	52.00
77908	17.50	88.00
77911	10.40	52.00
77913	10.20	52.00
77915	10.10	52.00
77918	10.60	52.00
77920	18.90	96.00
77922	10.10	52.00
77924	10.40	52.00
77927	10.30	52.00
77929	10.40	52.00
77931	20.50	232.00
77934	10.30	52.00
77936	10.40	52.00
77938	10.40	52.00
77940	10.50	52.00
77943	40.40	206.00
77945	10.50	52.00
77947	10.30	52.00
77950	10.40	52.00
77952	10.60	124.00
77954	37.40	52.00
77956	10.30	56.00
77959	10.20	52.00
77961	10.20	52.00
77963	30.40	154.00
77966	10.30	52.00
77968	10.30	52.00
77970	10.20	52.00
77973	10.40	52.00
77975	35.60	180.00
77977	10.00	50.00
77979	10.50	52.00
77982	10.60	52.00
77984	10.40	52.00
77986	38.00	112.00
77989	10.30	52.00
77991	10.70	56.00
77993	10.40	52.00
77995	10.30	52.00
77998	21.50	108.00
78000	10.50	52.00
78002	10.40	52.00
78005	10.70	56.00
78007	10.50	52.00
78009	19.40	52.00
78011	10.20	52.00
78014	10.20	52.00
78016	10.70	52.00
78018	10.40	242.00
78021	10.50	52.00
78023	10.70	56.00
78025	10.40	52.00
78028	10.70	56.00
78030	51.40	258.00
78032	10.40	52.00
78034	10.40	52.00
78037	10.40	52.00
78039	10.50	52.00
78041	53.10	82.00
78044	10.20	52.00
78046	10.50	52.00
78048	10.50	56.00
78050	10.40	52.00
78053	14.80	76.00
78055	10.40	52.00
78057	10.30	52.00
78060	10.50	52.00
78062	10.40	52.00
78064	14.30	72.00
78066	10.50	52.00
78069	10.60	52.00
78071	10.60	52.00
78073	10.40	298.00
78076	12.50	52.00
78078	10.50	52.00
78080	10.60	52.00
78083	10.40	52.00
78085	61.20	308.00
78087	10.00	50.00
78089	10.30	52.00
78092	10.20	52.00
78094	10.40	52.00
78096	63.00	52.00
78099	10.30	52.00
78101	10.40	52.00
78103	10.40	52.00
78105	10.50	52.00
78108	10.10	52.00
78110	10.50	52.00
78112	10.30	52.00
78115	10.40	52.00
78117	10.40	52.00
78119	10.10	52.00
78121	12.80	66.00
78124	10.20	52.00
78126	10.40	52.00
78128	10.30	330.00
78131	10.00	52.00
78133	10.50	52.00
78135	10.30	52.00
78138	10.50	52.00
78140	65.80	334.00
78142	10.20	52.00
78144	10.60	52.00
78147	10.20	52.00
78149	10.50	52.00
78151	67.60	340.00
78154	10.60	52.00
78156	10.60	52.00
78158	10.30	52.00
78160	10.50	58.00
78163	66.60	52.00
78165	10.70	56.00
78167	10.50	52.00
78170	10.30	52.00
78172	11.90	58.00
78174	10.50	52.00
78176	10.80	56.00
78179	10.60	52.00
78181	10.50	52.00
78183	12.10	62.00
78186	10.60	52.00
78188	10.40	52.00
78190	10.50	50.00
78193	10.50	52.00
78195	60.10	304.00
78197	10.30	52.00
78199	10.30	52.00
78202	10.60	52.00
78204	10.60	52.00
78206	57.30	292.00
78209	10.50	52.00
78211	10.50	52.00
78213	10.40	52.00
78215	10.40	68.00
78218	56.10	52.00
78220	10.50	52.00
78222	10.40	52.00
78225	10.90	56.00
78227	15.30	78.00
78229	10.30	52.00
78231	10.60	52.00
78234	10.60	52.00
78236	10.50	52.00
78238	17.00	86.00
78241	10.40	52.00
78243	10.40	52.00
78245	10.60	52.00
78248	10.50	52.00
78250	18.40	246.00
78252	10.50	56.00
78254	10.50	52.00
78257	10.50	52.00
78259	10.20	52.00
78261	47.20	240.00
78264	10.60	52.00
78266	10.50	52.00
78268	10.60	52.00
78270	10.40	102.00
78273	43.50	52.00
78275	10.20	52.00
78277	10.50	52.00
78280	10.20	52.00
78282	10.50	108.00
78284	10.60	52.00
78286	10.60	52.00
78289	10.50	52.00
78291	10.30	52.00
78293	22.30	112.00
78296	10.50	52.00
78298	10.20	52.00
78300	10.40	52.00
78303	10.40	52.00
78305	32.50	150.00
78307	10.50	52.00
78309	10.50	56.00
78312	10.60	52.00
78314	10.40	52.00
78316	23.30	118.00
78319	10.70	56.00
78321	10.40	52.00
78323	10.70	56.00
78325	10.40	52.00
78328	22.50	114.00
78330	10.50	52.00
78332	10.60	52.00
78335	10.10	52.00
78337	10.70	212.00
78339	20.60	52.00
78341	10.50	52.00
78344	10.10	52.00
78346	10.20	52.00
78348	45.50	230.00
78351	10.50	52.00
78353	10.40	52.00
78355	10.30	52.00
78358	10.20	52.00
78360	47.10	92.00
78362	10.60	52.00
78364	10.30	52.00
78367	10.40	52.00
78369	10.80	56.00
78371	17.90	92.00
78374	10.50	52.00
78376	10.50	52.00
78378	10.60	52.00
78380	10.30	52.00
78383	16.00	82.00
78385	10.40	52.00
78387	10.20	52.00
78390	10.60	52.00
78392	10.40	282.00
78394	15.30	52.00
78396	10.10	56.00
78399	10.40	52.00
78401	10.40	52.00
78403	57.30	288.00
78406	10.70	56.00
78408	10.50	52.00
78410	10.60	52.00
78413	10.30	52.00
78415	59.30	298.00
78417	10.40	52.00
78419	10.30	52.00
78422	10.40	56.00
78424	10.40	52.00
78426	60.70	56.00
78429	10.50	52.00
78431	10.20	52.00
78433	10.30	52.00
78435	10.50	52.00
78438	10.60	52.00
78440	10.50	52.00
78442	10.50	52.00
78445	10.60	52.00
78447	10.50	330.00
78449	10.30	52.00
78451	10.60	52.00
78454	10.60	52.00
78456	10.30	52.00
78458	65.00	328.00
78461	10.60	52.00
78463	10.50	52.00
78465	10.30	52.00
78468	10.40	52.00
78470	66.00	334.00
78472	10.20	52.00
78474	10.30	52.00
78477	10.50	52.00
78479	10.60	52.00
78481	65.90	52.00
78484	10.40	52.00
78486	10.40	52.00
78488	10.30	52.00
78490	11.00	56.00
78493	10.20	52.00
78495	10.30	52.00
78497	10.50	52.00
78500	10.20	52.00
78502	11.30	56.00
78504	10.40	52.00
78506	10.70	52.00
78509	10.60	52.00
78511	10.50	52.00
78513	11.70	324.00
78516	10.70	56.00
78518	10.60	52.00
78520	10.50	52.00
78523	10.70	56.00
78525	62.50	318.00
78527	10.40	52.00
78529	10.50	52.00
78532	10.50	52.00
78534	10.30	62.00
78536	59.30	52.00
78539	10.30	52.00
78541	10.20	52.00
78543	10.10	52.00
78545	12.80	66.00
78548	10.60	52.00
78550	10.40	52.00
78552	10.50	52.00
78555	10.50	52.00
78557	14.40	72.00
78559	10.20	52.00
78561	10.40	52.00
78564	10.40	52.00
78566	10.30	52.00
78568	16.20	314.00
78571	10.20	52.00
78573	10.40	52.00
78575	10.60	52.00
78578	10.20	52.00
78580	56.30	286.00
78582	10.20	52.00
78584	10.60	52.00
78587	10.70	56.00
78589	10.50	52.00
78591	53.20	52.00
78594	10.20	52.00
78596	10.40	52.00
78598	10.60	52.00
78600	10.50	104.00
78603	10.60	52.00
78605	10.40	52.00
78607	10.40	52.00
78610	10.20	52.00
78612	21.70	108.00
78614	10.80	56.00
78616	10.20	52.00
78619	10.70	56.00
78621	10.50	52.00
78623	24.80	226.00
78626	10.40	52.00
78628	10.40	52.00
78630	10.50	52.00
78633	10.30	52.00
78635	41.50	210.00
78637	10.40	52.00
78639	10.30	52.00
78642	10.40	52.00
78644	10.40	52.00
78646	35.30	180.00
78649	10.40	52.00
78651	10.30	52.00
78653	10.50	52.00
78655	10.50	186.00
78658	30.80	52.00
78660	10.20	52.00
78662	10.30	52.00
78665	10.20	52.00
78667	40.40	204.00
78669	10.40	52.00
78671	10.50	52.00
78674	10.40	52.00
78676	10.20	52.00
78678	43.70	220.00
78681	10.40	52.00
78683	10.30	52.00
78685	10.40	52.00
78688	10.10	52.00
78690	20.80	104.00
78692	10.50	52.00
78694	10.50	52.00
78697	10.40	52.00
78699	10.30	52.00
78701	19.50	98.00
78704	10.60	52.00
78706	10.40	52.00
78708	10.60	52.00
78710	10.60	268.00
78713	18.00	52.00
78715	10.60	52.00
78717	10.40	52.00
78720	10.50	52.00
78722	55.20	278.00
78724	10.50	52.00
78726	10.50	52.00
78729	10.70	56.00
78731	10.40	52.00
78733	62.00	314.00
78736	10.70	56.00
78738	10.30	52.00
78740	10.50	52.00
78743	10.50	52.00
78745	60.90	72.00
78747	10.40	52.00
78749	10.60	52.00
78752	10.40	52.00
78754	10.60	52.00
78756	13.20	66.00
78759	10.30	52.00
78761	10.50	52.00
78763	10.50	52.00
78765	10.60	330.00
78768	10.00	52.00
78770	10.30	52.00
78772	10.50	52.00
78775	10.60	52.00
78777	66.40	338.00
78779	10.40	52.00
78781	10.40	52.00
78784	10.40	52.00
78786	10.40	52.00
78788	64.60	328.00
78791	10.60	52.00
78793	10.40	52.00
78795	10.40	52.00
78798	10.50	52.00
78800	65.30	52.00
78802	10.50	52.00
78804	10.60	52.00
78807	10.30	52.00
78809	10.30	52.00
78811	10.40	52.00
78814	10.20	52.00
78816	10.40	52.00
78818	10.60	52.00
78820	10.80	56.00
78823	10.30	52.00
78825	10.30	52.00
78827	10.60	56.00
78830	10.40	52.00
78832	11.70	328.00
78834	10.30	52.00
78836	10.40	52.00
78839	10.30	52.00
78841	10.40	52.00
78843	63.60	322.00
78846	10.50	52.00
78848	10.20	52.00
78850	10.50	52.00
78853	10.30	52.00
78855	60.50	52.00
78857	10.50	52.00
78859	10.50	52.00
78862	10.40	52.00
78864	12.50	62.00
78866	10.40	52.00
78869	10.30	52.00
78871	10.40	52.00
78873	10.50	52.00
78875	13.40	68.00
78878	10.20	52.00
78880	10.50	52.00
78882	10.30	52.00
78885	10.60	52.00
78887	15.00	276.00
78889	10.50	52.00
78891	10.30	52.00
78894	10.40	52.00
78896	10.50	52.00
78898	51.10	258.00
78901	10.70	56.00
78903	10.50	52.00
78905	10.20	52.00
78908	10.40	52.00
78910	50.40	256.00
78912	10.40	52.00
78914	10.20	52.00
78917	10.40	52.00
78919	10.60	96.00
78921	46.60	52.00
78924	10.30	52.00
78926	10.60	52.00
78928	10.30	52.00
78930	20.30	102.00
78933	10.50	52.00
78935	10.60	52.00
78937	10.60	52.00
78940	10.50	52.00
78942	21.60	206.00
78944	10.30	52.00
78946	10.20	52.00
78949	10.50	52.00
78951	10.70	52.00
78953	39.10	200.00
78956	10.20	52.00
78958	10.30	52.00
78960	10.60	52.00
78963	10.50	52.00
78965	29.60	150.00
78967	10.50	52.00
78969	10.50	52.00
78972	10.50	52.00
78974	10.60	176.00
78976	25.60	52.00
78979	10.50	52.00
78981	10.50	52.00
78983	10.40	52.00
78985	37.60	190.00
78988	10.40	52.00
78990	10.40	52.00
78992	10.50	52.00
78995	10.40	52.00
78997	41.50	210.00
78999	10.50	52.00
79001	10.30	52.00
79004	10.30	56.00
79006	10.20	52.00
79008	43.40	102.00
79011	10.50	52.00
79013	10.20	52.00
79015	10.20	52.00
79018	10.40	52.00
79020	18.80	96.00
79022	10.30	52.00
79024	10.20	52.00
79027	10.30	52.00
79029	10.60	258.00
79031	17.40	52.00
79034	10.50	56.00
79036	10.20	52.00
79038	10.40	52.00
79040	54.20	272.00
79043	10.60	52.00
79045	10.60	52.00
79047	10.40	52.00
79050	10.20	52.00
79052	55.90	282.00
79054	10.30	52.00
79056	10.70	56.00
79059	10.40	52.00
79061	10.70	52.00
79063	59.10	68.00
79066	10.50	56.00
79068	10.60	56.00
79070	10.60	52.00
79073	10.50	52.00
79075	11.40	58.00
79077	10.40	52.00
79079	10.80	56.00
79082	10.40	52.00
79084	10.20	52.00
79086	10.70	52.00
79089	10.30	52.00
79091	10.40	52.00
79093	10.50	52.00
79095	10.40	330.00
79098	10.30	52.00
79100	10.40	52.00
79102	10.40	52.00
79105	10.50	52.00
79107	64.60	328.00
79109	10.50	52.00
79111	10.20	52.00
79114	10.20	52.00
79116	10.70	52.00
79118	65.20	50.00
79121	10.20	52.00
79123	10.40	52.00
79125	10.40	52.00
79128	10.70	56.00
79130	10.30	52.00
79132	10.40	52.00
79134	10.40	52.00
79137	10.60	52.00
79139	11.00	56.00
79141	10.20	52.00
79144	10.50	52.00
79146	10.40	52.00
79148	10.40	52.00
79150	11.60	340.00
79153	10.50	52.00
79155	10.40	52.00
79157	10.60	52.00
79160	10.60	52.00
79162	64.50	328.00
79164	10.60	52.00
79166	10.70	56.00
79169	10.50	52.00
79171	10.30	52.00
79173	62.00	314.00
79176	10.40	52.00
79178	10.40	52.00
79180	10.50	52.00
79183	10.70	62.00
79185	10.20	52.00
79187	10.40	52.00
79189	10.50	52.00
79192	10.40	52.00
79194	13.20	66.00
79196	10.40	52.00
79199	10.40	52.00
79201	10.50	52.00
79203	10.40	52.00
79205	15.40	268.00
79208	10.40	52.00
79210	10.40	52.00
79212	10.50	52.00
79215	10.80	56.00
79217	51.50	262.00
79219	10.50	52.00
79221	10.40	52.00
79224	10.40	52.00
79226	10.50	52.00
79228	48.10	242.00
79231	10.20	52.00
79233	10.60	52.00
79235	10.70	52.00
79238	10.40	98.00
79240	46.20	52.00
79242	10.40	52.00
79244	10.20	52.00
79247	10.40	52.00
79249	21.20	108.00
79251	10.30	52.00
79254	10.40	52.00
79256	10.40	52.00
79258	10.40	52.00
79260	22.70	204.00
79263	10.20	52.00
79265	10.50	52.00
79267	10.40	52.00
79270	10.20	52.00
79272	33.70	170.00
79274	10.50	52.00
79276	10.50	52.00
79279	10.50	52.00
79281	10.60	52.00
79283	33.10	168.00
79286	10.60	52.00
79288	10.50	52.00
79290	10.10	52.00
79293	10.50	174.00
79295	24.60	52.00
79297	10.40	52.00
79299	10.50	52.00
79302	10.30	52.00
79304	37.80	190.00
79306	10.60	52.00
79309	10.40	52.00
79311	10.20	52.00
79313	10.40	52.00
79315	40.40	204.00
79318	10.40	52.00
79320	10.70	52.00
79322	10.40	52.00
79325	10.50	56.00
79327	44.50	102.00
79329	10.50	52.00
79331	10.10	52.00
79334	10.50	52.00
79336	10.20	52.00
79338	18.80	96.00
79341	10.20	52.00
79343	10.40	52.00
79345	10.70	56.00
79348	10.50	52.00
79350	18.20	52.00
79352	10.50	56.00
79354	10.40	52.00
79357	10.20	52.00
79359	52.80	266.00
79361	10.20	52.00
79364	10.40	52.00
79366	10.40	52.00
79368	10.40	52.00
79370	55.70	282.00
79373	10.60	52.00
79375	10.10	52.00
79377	10.50	52.00
79380	10.60	52.00
79382	57.40	66.00
79384	10.40	52.00
79386	10.50	52.00
79389	10.40	52.00
79391	10.40	52.00
79393	12.40	62.00
79396	10.40	52.00
79398	10.50	52.00
79400	10.50	52.00
79403	10.60	52.00
79405	10.70	56.00
79407	10.50	52.00
79409	10.10	56.00
79412	10.10	52.00
79414	10.40	328.00
79416	10.20	52.00
79419	10.20	52.00
79421	10.60	52.00
79423	10.40	52.00
79425	65.30	330.00
79428	10.50	52.00
79430	10.30	52.00
79432	10.20	52.00
79435	10.20	52.00
79437	65.50	50.00
79439	10.50	52.00
79441	10.40	52.00
79444	10.50	56.00
79446	10.50	52.00
79448	10.10	52.00
79451	10.60	52.00
79453	10.70	56.00
79455	10.40	52.00
79458	10.50	52.00
79460	10.20	52.00
79462	10.50	52.00
79464	10.20	52.00
79467	10.50	52.00
79469	10.80	340.00
79471	10.60	52.00
79474	10.50	52.00
79476	10.10	52.00
79478	10.40	52.00
79480	68.20	344.00
79483	10.70	56.00
79485	10.70	56.00
79487	10.50	52.00
79490	10.50	52.00
79492	63.60	322.00
79494	10.40	52.00
79496	10.60	52.00
79499	10.60	52.00
79501	10.10	62.00
79503	62.60	56.00
79506	10.50	52.00
79508	10.60	52.00
79510	10.30	52.00
79513	12.40	62.00
79515	10.50	52.00
79517	10.60	52.00
79519	10.50	52.00
79522	10.30	52.00
79524	12.80	292.00
79526	10.00	56.00
79529	10.30	56.00
79531	10.40	52.00
79533	10.60	52.00
79535	54.40	276.00
79538	10.60	52.00
79540	10.70	56.00
79542	10.40	52.00
79545	10.40	52.00
79547	52.70	268.00
79549	10.50	52.00
79551	10.50	52.00
79554	10.20	52.00
79556	10.50	88.00
79558	49.40	52.00
79561	10.40	52.00
79563	10.40	56.00
79565	10.40	52.00
79568	18.40	92.00
79570	10.40	52.00
79572	10.40	52.00
79574	10.70	56.00
79577	10.50	52.00
79579	19.90	102.00
79581	10.50	52.00
79584	10.70	52.00
79586	10.10	52.00
79588	10.50	52.00
79590	21.10	220.00
79593	10.70	56.00
79595	10.20	52.00
79597	10.50	52.00
79600	10.70	56.00
79602	37.10	186.00
79604	10.40	52.00
79606	10.70	56.00
79609	10.40	52.00
79611	10.40	140.00
79613	33.90	52.00
79616	10.70	52.00
79618	10.60	52.00
79620	10.60	52.00
79623	34.00	170.00
79625	10.10	52.00
79627	10.50	52.00
79629	10.60	52.00
79632	10.40	52.00
79634	37.40	190.00
79636	10.60	52.00
79639	10.40	52.00
79641	10.50	52.00
79643	10.40	52.00
79645	41.00	104.00
79648	10.40	56.00
79650	10.50	52.00
79652	10.40	52.00
79655	10.40	52.00
79657	19.90	102.00
79659	10.30	52.00
79661	10.60	52.00
79664	10.40	52.00
79666	10.50	52.00
79668	18.10	92.00
79671	10.40	52.00
79673	10.40	52.00
79675	10.20	52.00
79678	10.40	262.00
79680	10.30	52.00
79682	10.40	52.00
79684	10.30	52.00
79687	10.40	52.00
79689	53.60	272.00
79691	10.30	52.00
79694	10.40	52.00
79696	10.60	52.00
79698	10.60	52.00
79700	56.00	76.00
79703	10.60	52.00
79705	10.70	52.00
79707	10.40	52.00
79710	10.50	52.00
79712	13.00	66.00
79714	10.40	52.00
79716	10.10	52.00
79719	10.30	52.00
79721	10.50	52.00
79723	12.30	62.00
79726	10.50	52.00
79728	10.40	52.00
79730	10.40	52.00
79733	10.30	314.00
79735	10.80	52.00
79737	10.50	52.00
79739	10.20	52.00
79742	10.30	52.00
79744	65.70	330.00
79746	10.40	52.00
79749	10.50	52.00
79751	10.40	52.00
79753	10.50	52.00
79755	65.30	50.00
79758	10.40	56.00
79760	10.50	52.00
79762	10.40	52.00
79765	10.40	52.00
79767	10.50	52.00
79769	10.50	52.00
79771	10.40	52.00
79774	10.50	52.00
79776	10.60	52.00
79778	10.30	52.00
79781	10.50	52.00
79783	10.40	52.00
79785	10.60	52.00
79788	11.20	344.00
79790	10.40	52.00
79792	10.40	52.00
79794	10.50	52.00
79797	10.40	52.00
79799	65.00	330.00
79801	10.60	52.00
79804	10.40	52.00
79806	10.30	52.00
79808	10.50	52.00
79810	62.70	318.00
79813	10.40	52.00
79815	10.20	52.00
79817	10.30	52.00
79820	10.50	62.00
79822	59.60	52.00
79824	10.30	52.00
79826	10.30	52.00
79829	10.40	52.00
79831	12.70	66.00
79833	10.30	52.00
79836	10.60	52.00
79838	10.40	52.00
79840	10.60	52.00
79843	13.30	66.00
79845	10.50	52.00
79847	10.60	52.00
79849	10.40	52.00
79852	10.40	52.00
79854	53.50	272.00
79856	10.50	52.00
79859	10.40	52.00
79861	10.30	52.00
79863	10.50	52.00
79865	50.80	258.00
79868	10.30	52.00
79870	10.50	52.00
79872	10.50	52.00
79875	10.50	92.00
79877	49.80	52.00
79879	10.40	52.00
79881	10.40	52.00
79884	10.40	52.00
79886	20.00	102.00
79888	10.40	52.00
79891	10.20	52.00
79893	10.30	52.00
79895	10.70	56.00
79898	21.00	104.00
79900	10.50	52.00
79902	10.60	52.00
79904	10.40	56.00
79907	10.20	52.00
79909	22.40	190.00
79911	10.30	52.00
79914	10.40	52.00
79916	10.70	56.00
79918	10.40	52.00
79920	33.90	170.00
79923	10.10	52.00
79925	10.50	52.00
79927	10.60	52.00
79930	10.50	52.00
79932	25.80	52.00
79934	10.50	52.00
79936	10.50	52.00
79939	10.70	52.00
79941	10.70	186.00
79943	10.40	52.00
79946	10.40	52.00
79948	10.30	52.00
79950	10.20	52.00
79953	40.00	204.00
79955	10.30	52.00
79957	10.50	52.00
79959	10.20	52.00
79962	10.30	56.00
79964	44.10	102.00
79966	10.50	52.00
79969	10.40	52.00
79971	10.50	52.00
79973	10.40	52.00
79975	18.90	96.00
79978	10.60	52.00
79980	10.40	52.00
79982	10.40	52.00
79985	10.30	52.00
79987	17.60	88.00
79989	10.40	52.00
79991	10.80	52.00
79994	10.40	56.00
79996	10.40	272.00
79998	15.70	56.00
80001	10.40	52.00
80003	10.40	52.00
80005	10.80	56.00
80008	55.90	282.00
80010	10.70	56.00
80012	10.40	52.00
80014	10.40	52.00
80017	10.50	52.00
80019	57.40	68.00
80021	10.20	52.00
80024	10.30	52.00
80026	10.50	52.00
80028	10.50	52.00
80030	12.00	62.00
80033	10.60	52.00
80035	10.30	52.00
80037	10.20	52.00
80040	10.50	52.00
80042	10.50	52.00
80044	10.20	52.00
80046	10.30	52.00
80049	10.40	52.00
80051	10.60	330.00
80053	9.90	52.00
80056	10.40	52.00
80058	10.50	52.00
80060	10.60	52.00
80063	65.70	330.00
80065	10.20	52.00
80067	10.40	52.00
80069	10.40	52.00
80072	10.40	52.00
80074	65.40	330.00
80076	10.30	52.00
80079	10.30	52.00
80081	10.50	52.00
80083	10.40	52.00
80085	66.50	52.00
80088	10.60	52.00
80090	10.50	52.00
80092	10.50	52.00
80095	11.00	56.00
80097	10.40	52.00
80099	10.20	52.00
80101	10.40	52.00
80104	10.50	52.00
80106	11.80	334.00
80108	10.90	52.00
80111	10.60	52.00
80113	10.40	52.00
80115	10.30	52.00
80118	64.40	328.00
80120	10.60	52.00
80122	10.70	56.00
80124	10.60	52.00
80127	10.50	52.00
80129	61.00	308.00
80131	10.50	52.00
80134	10.40	52.00
80136	10.20	52.00
80138	10.40	62.00
80140	59.20	56.00
80143	10.50	52.00
80145	10.50	52.00
80147	10.40	52.00
80150	13.10	66.00
80152	10.50	52.00
80154	10.10	52.00
80156	10.40	52.00
80159	10.30	52.00
80161	13.80	68.00
80163	10.40	52.00
80166	10.40	56.00
80168	10.60	52.00
80170	10.30	52.00
80173	16.30	258.00
80175	10.30	52.00
80177	10.40	52.00
80179	10.20	52.00
80182	10.50	52.00
80184	49.70	252.00
80186	10.40	52.00
80189	10.20	52.00
80191	10.20	52.00
80193	10.20	96.00
80195	46.60	52.00
80198	10.30	52.00
80200	10.40	52.00
80202	10.40	52.00
80205	20.50	104.00
80207	10.80	56.00
80209	10.50	52.00
80211	10.40	52.00
80214	10.60	52.00
80216	22.10	112.00
80218	10.20	52.00
80221	10.70	56.00
80223	10.60	52.00
80225	10.40	52.00
80228	24.20	186.00
80230	10.60	52.00
80232	10.50	52.00
80234	10.20	52.00
80237	10.50	52.00
80239	29.00	148.00
80241	10.50	52.00
80244	10.40	52.00
80246	10.50	52.00
80248	10.60	52.00
80250	25.80	52.00
80253	10.50	52.00
80255	10.40	52.00
80257	10.60	52.00
80260	10.40	194.00
80262	10.60	52.00
80264	10.70	56.00
80266	10.20	52.00
80269	10.20	52.00
80271	40.90	206.00
80273	10.50	52.00
80276	10.20	52.00
80278	10.50	52.00
80280	10.30	52.00
80283	44.40	102.00
80285	10.80	52.00
80287	10.60	52.00
80289	10.20	52.00
80292	10.60	52.00
80294	18.80	96.00
80296	10.60	52.00
80299	10.60	52.00
80301	10.30	52.00
80303	10.40	52.00
80305	17.10	86.00
80308	10.20	52.00
80310	10.40	52.00
80312	10.20	52.00
80315	10.50	268.00
80317	16.80	52.00
80319	10.40	52.00
80321	10.20	52.00
80324	10.30	52.00
80326	55.50	282.00
80328	10.40	52.00
80331	10.40	52.00
80333	10.50	52.00
80335	10.40	52.00
80338	58.50	294.00
80340	10.60	52.00
80342	10.40	52.00
80344	10.60	52.00
80347	10.60	56.00
80349	12.10	62.00
80351	10.40	52.00
80354	10.30	52.00
80356	10.20	52.00
80358	10.40	52.00
80360	11.00	56.00
80363	10.30	52.00
80365	10.30	52.00
80367	10.50	52.00
80370	10.40	328.00
80372	10.40	52.00
80374	10.40	52.00
80376	10.50	52.00
80379	10.40	52.00
80381	66.20	334.00
80383	10.60	52.00
80386	10.50	52.00
80388	10.40	52.00
80390	10.40	52.00
80393	65.30	330.00
80395	10.40	52.00
80397	10.10	52.00
80399	10.50	52.00
80402	10.40	52.00
80404	66.60	52.00
80406	10.40	52.00
80409	10.70	56.00
80411	10.40	52.00
80413	11.20	56.00
80415	10.60	52.00
80418	10.40	52.00
80420	10.50	52.00
80422	10.70	56.00
80425	11.70	58.00
80427	10.70	52.00
80429	10.50	52.00
80431	10.50	52.00
80434	10.40	52.00
80436	12.10	324.00
80438	10.40	52.00
80441	10.10	52.00
80443	10.30	52.00
80445	10.50	52.00
80448	61.00	308.00
80450	10.60	52.00
80452	10.20	52.00
80454	10.00	50.00
80457	10.10	66.00
80459	57.40	52.00
80461	10.40	52.00
80464	10.20	52.00
80466	10.70	56.00
80468	13.70	68.00
80470	10.00	50.00
80473	10.60	52.00
80475	10.40	52.00
80477	10.50	52.00
80480	15.40	78.00
80482	10.10	52.00
80484	10.20	52.00
80486	10.20	52.00
80489	10.40	52.00
80491	17.20	258.00
80493	10.70	52.00
80496	10.60	52.00
80498	10.30	52.00
80500	10.40	52.00
80503	47.40	240.00
80505	10.60	52.00
80507	10.40	52.00
80509	10.30	52.00
80512	10.40	52.00
80514	46.10	56.00
80516	10.40	52.00
80519	10.50	52.00
80521	10.40	52.00
80523	10.40	108.00
80525	10.20	52.00
80528	10.30	52.00
80530	10.50	52.00
80532	10.30	52.00
80535	23.00	114.00
80537	9.90	50.00
80539	10.40	52.00
80541	10.40	52.00
80544	10.20	52.00
80546	28.00	154.00
80548	10.40	52.00
80551	10.40	52.00
80553	10.20	52.00
80555	10.30	52.00
80558	27.00	138.00
80560	10.50	52.00
80562	10.30	52.00
80564	10.50	52.00
80567	10.50	52.00
80569	22.80	114.00
80571	10.50	52.00
80574	10.40	52.00
80576	10.30	52.00
80578	10.50	204.00
80580	21.70	52.00
80583	10.50	52.00
80585	10.80	56.00
80587	10.40	52.00
80590	43.00	216.00
80592	10.50	52.00
80594	10.60	52.00
80596	10.50	52.00
80599	10.40	52.00
80601	47.30	96.00
80603	10.50	52.00
80606	10.40	52.00
80608	10.40	52.00
80610	10.30	52.00
80613	17.40	88.00
80615	10.70	56.00
80617	10.50	52.00
80619	10.40	52.00
80622	10.20	52.00
80624	16.60	86.00
80626	10.50	52.00
80629	10.60	52.00
80631	10.60	52.00
80633	10.40	282.00
80635	14.80	52.00
80638	10.60	52.00
80640	10.60	52.00
80642	10.80	56.00
80645	58.30	294.00
80647	10.50	52.00
80649	10.50	52.00
80651	10.30	52.00
80654	10.30	52.00
80656	60.50	304.00
80658	10.30	52.00
80661	10.40	52.00
80663	10.50	52.00
80665	10.60	52.00
80668	63.20	56.00
80670	10.20	52.00
80672	10.20	52.00
80674	10.40	52.00
80677	10.50	52.00
80679	10.20	52.00
80681	10.40	52.00
80684	10.40	52.00
80686	10.10	52.00
80688	10.40	338.00
80690	10.00	52.00
80693	10.30	52.00
80695	10.40	52.00
80697	10.10	52.00
80700	65.60	330.00
80702	10.40	52.00
80704	10.40	52.00
80706	10.60	52.00
80709	10.20	52.00
80711	66.20	334.00
80713	10.50	52.00
80716	10.40	52.00
80718	10.40	52.00
80720	10.20	58.00
80723	68.20	52.00
80725	10.30	52.00
80727	10.40	56.00
80729	10.30	52.00
80732	11.50	58.00
80734	10.40	52.00
80736	10.10	52.00
80739	10.50	52.00
80741	10.60	52.00
80743	11.80	58.00
80745	10.70	52.00
80748	10.10	52.00
80750	10.40	52.00
80752	10.20	52.00
80755	12.10	314.00
80757	10.50	52.00
80759	10.40	52.00
80761	10.20	52.00
80764	10.20	52.00
80766	58.70	298.00
80768	10.40	52.00
80771	10.40	52.00
80773	10.40	52.00
80775	10.50	66.00
80778	57.50	52.00
80780	10.40	52.00
80782	10.20	52.00
80784	10.60	52.00
80787	14.50	72.00
80789	10.50	52.00
80791	10.50	52.00
80794	10.30	52.00
80796	10.40	52.00
80798	16.40	82.00
80800	10.70	56.00
80803	10.40	52.00
80805	10.20	56.00
80807	10.20	52.00
80810	18.20	246.00
80812	10.20	52.00
80814	10.40	52.00
80816	10.50	52.00
80819	10.40	52.00
80821	46.90	240.00
80823	10.20	52.00
80826	10.20	52.00
80828	10.60	52.00
80830	10.70	56.00
80833	43.00	220.00
80835	10.60	52.00
80837	10.50	52.00
80839	10.30	52.00
80842	10.50	112.00
80844	10.40	52.00
80846	10.50	52.00
80849	10.30	52.00
80851	10.50	52.00
80853	26.20	132.00
80855	10.10	52.00
80858	10.50	52.00
80860	10.50	52.00
80862	10.60	56.00
80865	31.80	150.00
80867	10.50	52.00
80869	10.40	52.00
80871	10.60	52.00
80874	10.50	52.00
80876	22.80	114.00
80878	10.30	52.00
80881	10.20	52.00
80883	10.20	52.00
80885	10.40	52.00
80888	21.60	108.00
80890	10.40	52.00
80892	10.40	52.00
80894	10.30	52.00
80897	10.30	220.00
80899	19.50	52.00
80901	10.50	52.00
80904	10.50	52.00
80906	10.50	52.00
80908	47.70	240.00
80910	10.50	52.00
80913	10.70	56.00
80915	10.50	52.00
80917	10.60	52.00
80920	51.40	258.00
80922	10.40	52.00
80924	10.50	52.00
80926	10.50	52.00
80929	10.30	52.00
80931	54.30	82.00
80933	10.60	52.00
80936	10.60	52.00
80938	10.20	52.00
80940	10.20	52.00
80943	14.50	72.00
80945	10.10	52.00
80947	10.50	52.00
80949	10.50	52.00
80952	10.50	294.00
80954	13.70	52.00
80956	10.60	52.00
80959	10.20	52.00
80961	10.40	52.00
80963	60.30	304.00
80965	10.50	52.00
80968	10.30	52.00
80970	10.10	52.00
80972	10.60	52.00
80975	62.60	318.00
80977	10.40	52.00
80979	10.60	52.00
80981	10.30	52.00
80984	10.40	52.00
80986	64.30	52.00
80988	10.60	52.00
80991	10.70	56.00
80993	10.60	52.00
80995	10.40	52.00
80998	10.10	52.00
81000	10.60	52.00
81002	10.60	52.00
81004	10.70	56.00
81007	10.60	52.00
81009	10.20	52.00
81011	10.20	52.00
81014	10.50	52.00
81016	10.60	52.00
81018	10.40	330.00
81020	10.50	52.00
81023	10.50	52.00
81025	10.30	52.00
81027	10.40	52.00
81030	67.00	340.00
81032	10.70	56.00
81034	10.20	52.00
81036	10.30	52.00
81039	10.00	56.00
81041	68.50	52.00
81043	10.00	52.00
81046	10.40	52.00
81048	10.20	52.00
81050	12.00	62.00
81053	10.90	56.00
81055	10.20	52.00
81057	10.40	52.00
81059	10.60	52.00
81062	12.10	62.00
81064	10.60	52.00
81066	10.50	52.00
81069	10.70	52.00
81071	10.40	52.00
81073	12.00	302.00
81075	10.40	52.00
81078	10.20	52.00
81080	10.30	52.00
81082	10.60	52.00
81085	58.30	294.00
81087	10.50	52.00
81089	10.30	52.00
81091	10.40	52.00
81094	10.60	52.00
81096	54.70	52.00
81098	10.00	52.00
81101	10.20	52.00
81103	10.50	52.00
81105	10.60	78.00
81108	10.20	52.00
81110	10.80	56.00
81112	10.20	52.00
81114	10.30	52.00
81117	16.70	86.00
81119	10.50	52.00
81121	10.40	52.00
81124	10.50	52.00
81126	10.50	52.00
81128	18.80	246.00
81130	10.60	52.00
81133	10.60	52.00
81135	10.20	52.00
81137	10.50	52.00
81140	43.80	222.00
81142	10.40	52.00
81144	10.40	52.00
81146	10.30	52.00
81149	10.40	52.00
81151	41.50	210.00
81153	10.50	52.00
81156	10.60	52.00
81158	10.20	52.00
81160	10.40	128.00
81163	34.10	52.00
81165	10.40	52.00
81167	10.60	52.00
81169	10.20	52.00
81172	31.40	158.00
81174	10.30	52.00
81176	10.60	52.00
81179	10.40	52.00
81181	10.60	52.00
81183	34.90	122.00
81185	10.50	52.00
81188	10.50	52.00
81190	10.50	56.00
81192	10.40	52.00
81195	22.30	112.00
81197	10.10	52.00
81199	10.30	52.00
81201	10.20	52.00
81204	10.40	52.00
81206	20.90	104.00
81208	10.40	52.00
81211	10.50	52.00
81213	10.30	52.00
81215	10.40	230.00
81218	19.80	52.00
81220	10.50	52.00
81222	10.20	52.00
81224	10.60	52.00
81227	48.10	242.00
81229	10.60	52.00
81231	10.50	52.00
81234	10.20	52.00
81236	10.50	52.00
81238	52.30	266.00
81240	10.20	52.00
81243	10.30	52.00
81245	10.50	52.00
81247	10.40	52.00
81250	53.80	78.00
81252	10.50	52.00
81254	10.60	52.00
81256	10.20	52.00
81259	10.60	52.00
81261	14.40	72.00
81263	10.60	52.00
81266	10.40	52.00
81268	10.40	52.00
81270	10.60	294.00
81273	13.00	52.00
81275	10.60	52.00
81277	10.30	52.00
81279	10.50	52.00
81282	60.90	308.00
81284	10.40	52.00
81286	10.50	52.00
81289	10.60	52.00
81291	10.70	56.00
81293	63.00	318.00
81295	10.60	52.00
81298	10.70	56.00
81300	10.50	52.00
81302	10.40	52.00
81305	65.60	52.00
81307	10.50	52.00
81309	10.40	52.00
81311	10.40	52.00
81314	10.50	52.00
81316	10.20	52.00
81318	10.10	52.00
81321	10.50	52.00
81323	10.50	52.00
81325	10.50	52.00
81328	10.00	50.00
81330	10.40	52.00
81332	10.50	52.00
81334	10.40	52.00
81337	10.50	340.00
81339	10.30	52.00
81341	10.60	52.00
81344	10.30	52.00
81346	10.40	52.00
81348	68.00	344.00
81350	10.60	52.00
81353	10.30	52.00
81355	10.50	52.00
81357	10.20	58.00
81360	66.50	52.00
81362	10.40	52.00
81364	10.40	52.00
81366	10.40	52.00
81369	12.20	62.00
81371	10.40	52.00
81373	10.50	52.00
81376	10.60	52.00
81378	10.50	52.00
81380	12.20	62.00
81383	10.40	52.00
81385	10.40	52.00
81387	10.60	52.00
81389	10.50	52.00
81392	12.40	298.00
81394	10.30	52.00
81396	10.10	52.00
81399	10.60	52.00
81401	10.50	52.00
81403	55.90	282.00
81405	10.50	52.00
81408	10.10	52.00
81410	10.50	52.00
81412	10.50	52.00
81415	54.40	276.00
81417	10.40	52.00
81419	10.40	52.00
81421	10.50	52.00
81424	10.40	86.00
81426	51.30	52.00
81428	10.40	52.00
81431	10.50	52.00
81433	10.50	52.00
81435	17.90	92.00
81438	10.40	52.00
81440	10.50	52.00
81442	10.50	52.00
81444	10.60	52.00
81447	19.70	236.00
81449	10.20	52.00
81451	10.50	52.00
81454	10.40	52.00
81456	10.20	52.00
81458	44.00	222.00
81460	10.60	52.00
81463	10.40	52.00
81465	10.50	52.00
81467	10.70	56.00
81470	37.70	190.00
81472	10.40	52.00
81474	10.80	52.00
81476	10.40	52.00
81479	10.50	150.00
81481	32.10	52.00
81483	10.50	52.00
81486	10.40	52.00
81488	10.10	52.00
81490	34.50	174.00
81493	10.10	52.00
81495	10.40	52.00
81497	10.40	52.00
81499	10.50	52.00
81502	38.00	190.00
81504	10.50	52.00
81506	10.60	52.00
81509	10.50	52.00
81511	10.40	52.00
81513	40.30	108.00
81515	10.60	52.00
81518	10.50	52.00
81520	10.40	52.00
81522	10.40	52.00
81525	20.50	104.00
81527	10.50	52.00
81529	10.40	52.00
81531	10.40	52.00
81534	10.40	240.00
81536	19.20	52.00
81538	10.40	52.00
81541	10.60	52.00
81543	10.60	52.00
81545	50.50	256.00
81548	10.50	52.00
81550	10.50	52.00
81552	10.40	52.00
81554	10.20	52.00
81557	52.10	262.00
81559	10.40	52.00
81561	10.60	52.00
81564	10.60	52.00
81566	10.40	52.00
81568	55.00	78.00
81570	10.50	52.00
81573	10.30	52.00
81575	10.20	52.00
81577	10.40	52.00
81580	14.00	72.00
81582	10.40	52.00
81584	10.40	52.00
81586	10.50	52.00
81589	10.30	52.00
81591	12.80	52.00
81593	10.50	52.00
81596	10.40	52.00
81598	10.60	52.00
81600	10.30	308.00
81603	10.20	52.00
81605	10.40	52.00
81607	10.40	52.00
81609	10.40	52.00
81612	63.80	322.00
81614	10.40	52.00
81616	10.10	52.00
81619	10.60	52.00
81621	10.40	52.00
81623	65.70	52.00
81625	10.40	52.00
81628	10.00	52.00
81630	10.20	52.00
81632	10.50	52.00
81635	10.20	52.00
81637	10.30	52.00
81639	10.30	52.00
81641	10.50	52.00
81644	10.80	56.00
81646	10.10	52.00
81648	10.50	52.00
81651	10.20	52.00
81653	10.40	52.00
81655	10.30	334.00
81658	10.10	52.00
81660	10.50	52.00
81662	10.60	52.00
81664	10.50	52.00
81667	67.40	340.00
81669	10.70	56.00
81671	10.50	52.00
81674	10.40	52.00
81676	10.30	52.00
81678	68.20	52.00
81680	10.50	52.00
81683	10.60	52.00
81685	10.20	52.00
81687	10.60	58.00
81690	10.80	56.00
81692	10.30	52.00
81694	10.70	56.00
81696	10.30	52.00
81699	12.10	62.00
81701	10.70	56.00
81703	10.20	52.00
81706	10.60	52.00
81708	10.30	52.00
81710	12.30	308.00
81713	10.70	52.00
81715	10.50	52.00
81717	10.30	52.00
81719	10.60	52.00
81722	58.70	298.00
81724	10.60	52.00
81726	10.60	52.00
81729	10.20	52.00
81731	10.40	52.00
81733	55.10	278.00
81735	10.40	52.00
81738	10.20	52.00
81740	10.70	52.00
81742	10.40	78.00
81745	53.20	52.00
81747	10.20	52.00
81749	10.30	52.00
81751	10.50	52.00
81754	16.90	86.00
81756	10.10	52.00
81758	10.30	52.00
81761	10.50	52.00
81763	10.50	52.00
81765	18.40	250.00
81768	10.50	52.00
81770	10.30	52.00
81772	10.40	52.00
81774	10.40	52.00
81777	44.70	226.00
81779	10.40	52.00
81781	10.20	52.00
81784	10.30	52.00
81786	10.50	52.00
81788	42.40	216.00
81790	10.30	52.00
81793	10.40	52.00
81795	10.50	52.00
81797	10.70	124.00
81800	35.90	52.00
81802	10.20	52.00
81804	10.30	52.00
81806	10.60	52.00
81809	31.90	160.00
81811	10.50	52.00
81813	10.50	52.00
81816	10.50	52.00
81818	10.20	52.00
81820	34.10	174.00
81823	10.70	56.00
81825	10.20	52.00
81827	10.20	52.00
81829	10.40	52.00
81832	38.00	114.00
81834	10.50	52.00
81836	10.40	52.00
81839	10.60	52.00
81841	10.20	52.00
81843	21.00	108.00
81845	10.40	52.00
81848	10.20	52.00
81850	10.10	52.00
81852	10.40	230.00
81855	19.80	52.00
81857	10.10	52.00
81859	10.40	52.00
81861	10.40	52.00
81864	48.80	246.00
81866	10.50	52.00
81868	10.50	52.00
81871	10.40	52.00
81873	10.70	56.00
81875	52.30	266.00
81878	10.40	52.00
81880	10.70	56.00
81882	10.50	52.00
81884	10.30	52.00
81887	53.80	78.00
81889	10.50	52.00
81891	10.60	52.00
81894	10.70	56.00
81896	10.60	52.00
81898	14.70	76.00
81900	10.60	52.00
81903	10.30	52.00
81905	10.50	52.00
81907	10.50	52.00
81910	13.20	66.00
81912	10.50	52.00
81914	10.40	52.00
81916	10.60	52.00
81919	10.50	304.00
81921	12.30	52.00
81923	10.20	52.00
81926	10.40	52.00
81928	10.50	52.00
81930	62.80	318.00
81933	10.60	52.00
81935	10.50	52.00
81937	10.50	52.00
81939	10.70	56.00
81942	65.50	52.00
81944	10.70	52.00
81946	10.50	52.00
81949	10.30	52.00
81951	10.40	52.00
81953	10.10	52.00
81955	10.50	52.00
81958	10.40	52.00
81960	10.50	52.00
81962	10.60	52.00
81965	10.00	50.00
81967	10.40	52.00
81969	10.30	52.00
81971	10.50	52.00
81974	10.50	330.00
81976	10.40	52.00
81978	10.60	52.00
81981	10.50	52.00
81983	10.30	52.00
81985	67.30	340.00
81988	10.30	52.00
81990	10.40	52.00
81992	10.40	52.00
81994	10.40	52.00
81997	67.30	340.00
81999	10.40	52.00
82001	10.40	52.00
82004	10.30	52.00
82006	10.60	58.00
82008	64.90	52.00
82010	10.40	52.00
82013	10.10	52.00
82015	10.60	52.00
82017	12.00	62.00
82020	10.60	52.00
82022	10.50	52.00
82024	10.40	52.00
82026	10.60	52.00
82029	12.60	308.00
82031	10.40	52.00
82033	10.40	52.00
82036	10.50	52.00
82038	10.70	56.00
82040	57.60	292.00
82043	10.50	52.00
82045	10.60	52.00
82047	10.50	52.00
82049	10.40	52.00
82052	55.60	282.00
82054	10.30	52.00
82056	10.60	52.00
82059	10.80	52.00
82061	10.50	82.00
82063	52.30	52.00
82065	10.50	52.00
82068	10.20	52.00
82070	10.20	52.00
82072	17.20	86.00
82075	10.30	52.00
82077	10.50	52.00
82079	10.50	52.00
82081	10.40	52.00
82084	18.80	96.00
82086	10.50	52.00
82088	10.40	52.00
82091	10.60	52.00
82093	10.50	52.00
82095	20.20	232.00
82098	10.40	52.00
82100	10.40	52.00
82102	10.50	52.00
82104	10.30	52.00
82107	42.50	216.00
82109	10.20	52.00
82111	10.40	52.00
82114	10.10	52.00
82116	10.40	118.00
82118	38.60	52.00
82120	10.30	52.00
82123	10.40	52.00
82125	10.50	52.00
82127	29.60	150.00
82130	10.50	52.00
82132	10.70	56.00
82134	10.40	52.00
82136	10.40	52.00
82139	33.20	168.00
82141	10.30	52.00
82143	10.20	52.00
82146	10.50	52.00
82148	10.50	56.00
82150	37.00	118.00
82153	10.40	52.00
82155	10.20	52.00
82157	10.60	52.00
82159	10.40	52.00
82162	21.90	112.00
82164	10.60	52.00
82166	10.20	52.00
82169	10.50	52.00
82171	10.50	52.00
82173	20.50	52.00
82175	10.40	56.00
82178	10.40	52.00
82180	10.50	52.00
82182	10.50	232.00
82185	10.20	52.00
82187	10.60	52.00
82189	10.30	52.00
82191	10.60	52.00
82194	49.80	252.00
82196	10.40	52.00
82198	10.50	52.00
82201	10.40	52.00
82203	10.40	52.00
82205	53.20	86.00
82208	10.40	52.00
82210	10.60	52.00
82212	10.30	56.00
82214	10.40	52.00
82217	15.00	76.00
82219	10.50	52.00
82221	10.30	52.00
82224	10.70	56.00
82226	10.70	56.00
82228	13.80	68.00
82230	10.30	52.00
82233	10.60	52.00
82235	10.60	52.00
82237	10.70	304.00
82240	12.00	52.00
82242	10.60	52.00
82244	10.50	52.00
82246	10.30	52.00
82249	62.40	314.00
82251	10.40	52.00
82253	10.40	52.00
82256	10.50	52.00
82258	10.40	52.00
82260	64.50	52.00
82263	10.60	52.00
82265	10.40	56.00
82267	10.40	52.00
82269	10.20	56.00
82272	9.90	50.00
82274	10.30	52.00
82276	10.60	52.00
82279	10.40	52.00
82281	10.50	52.00
82283	10.10	52.00
82285	10.60	52.00
82288	10.40	52.00
82290	10.60	52.00
82292	10.30	330.00
82295	10.10	52.00
82297	10.60	52.00
82299	10.40	52.00
82301	10.20	52.00
82304	67.80	344.00
82306	10.50	52.00
82308	10.50	52.00
82311	10.50	52.00
82313	10.40	52.00
82315	67.40	340.00
82318	10.40	52.00
82320	10.40	52.00
82322	10.60	52.00
82324	10.60	62.00
82327	62.90	56.00
82329	10.40	52.00
82331	10.80	56.00
82334	10.20	52.00
82336	12.30	62.00
82338	10.70	56.00
82340	10.50	52.00
82343	10.60	52.00
82345	10.40	52.00
82347	12.40	298.00
82350	10.40	52.00
82352	10.50	52.00
82354	10.40	52.00
82356	10.50	52.00
82359	56.50	286.00
82361	10.20	52.00
82363	10.20	52.00
82366	10.60	52.00
82368	10.60	52.00
82370	53.80	272.00
82373	10.30	52.00
82375	10.40	52.00
82377	10.10	56.00
82379	10.40	82.00
82382	52.70	52.00
82384	10.50	52.00
82386	10.40	52.00
82389	10.40	52.00
82391	18.30	92.00
82393	10.40	52.00
82395	10.50	52.00
82398	10.30	52.00
82400	10.50	52.00
82402	19.60	98.00
82405	10.40	52.00
82407	10.60	52.00
82409	10.30	52.00
82411	10.40	52.00
82414	21.50	220.00
82416	10.40	52.00
82418	10.30	52.00
82421	10.50	52.00
82423	10.40	52.00
82425	40.20	204.00
82428	10.40	52.00
82430	10.40	52.00
82432	10.40	52.00
82434	10.40	52.00
82437	34.10	52.00
82439	10.60	52.00
82441	10.40	52.00
82444	10.70	52.00
82446	32.60	164.00
82448	10.40	52.00
82450	10.40	52.00
82453	10.50	52.00
82455	10.40	52.00
82457	35.80	180.00
82460	10.50	52.00
82462	10.20	52.00
82464	10.40	52.00
82466	10.60	52.00
82469	39.60	112.00
82471	10.20	52.00
82473	10.20	52.00
82476	10.30	52.00
82478	10.30	52.00
82480	21.00	108.00
82483	10.40	52.00
82485	10.40	52.00
82487	10.20	52.00
82489	10.60	52.00
82492	19.40	98.00
82494	10.70	52.00
82496	10.30	52.00
82499	10.30	52.00
82501	10.60	252.00
82503	17.90	52.00
82505	10.30	52.00
82508	10.40	52.00
82510	10.40	52.00
82512	52.80	266.00
82515	10.20	52.00
82517	10.30	52.00
82519	10.20	52.00
82521	10.00	50.00
82524	53.80	78.00
82526	10.40	52.00
82528	10.50	52.00
82531	10.30	52.00
82533	10.40	52.00
82535	14.50	72.00
82538	10.50	52.00
82540	10.40	52.00
82542	10.30	52.00
82544	10.40	52.00
82547	12.50	62.00
82549	10.50	52.00
82551	10.40	56.00
82554	10.50	52.00
82556	10.40	312.00
82558	11.40	52.00
82560	10.50	52.00
82563	10.30	52.00
82565	10.30	52.00
82567	64.20	324.00
82570	10.10	52.00
82572	10.20	52.00
82574	10.20	52.00
82576	10.50	52.00
82579	65.90	334.00
82581	10.50	52.00
82583	10.10	52.00
82586	10.50	52.00
82588	10.20	52.00
82590	64.80	52.00
82593	10.20	52.00
82595	10.50	52.00
82597	10.40	52.00
82599	10.30	52.00
82602	10.10	52.00
82604	10.40	52.00
82606	10.50	52.00
82609	10.60	52.00
82611	10.80	344.00
82613	10.50	52.00
82615	10.50	56.00
82618	10.50	52.00
82620	10.40	52.00
82622	68.20	344.00
82625	10.50	52.00
82627	10.50	52.00
82629	10.30	52.00
82631	10.40	52.00
82634	66.30	338.00
82636	10.30	52.00
82638	10.40	52.00
82641	10.40	52.00
82643	10.40	62.00
82645	63.90	52.00
82648	10.60	52.00
82650	10.30	52.00
82652	10.30	52.00
82654	12.30	62.00
82657	10.60	52.00
82659	10.40	52.00
82661	10.40	52.00
82664	10.50	52.00
82666	12.50	62.00
82668	10.50	52.00
82670	10.50	52.00
82673	10.40	52.00
82675	10.30	52.00
82677	13.70	286.00
82680	10.40	52.00
82682	10.40	52.00
82684	10.70	56.00
82686	10.30	52.00
82689	54.40	276.00
82691	10.60	52.00
82693	10.20	52.00
82696	10.50	52.00
82698	10.50	86.00
82700	51.00	52.00
82703	10.20	52.00
82705	10.40	52.00
82707	10.30	52.00
82709	18.20	92.00
82712	10.50	52.00
82714	10.30	52.00
82716	10.40	52.00
82719	10.30	52.00
82721	19.60	98.00
82723	10.50	52.00
82725	10.50	56.00
82728	10.50	56.00
82730	10.40	52.00
82732	21.10	226.00
82735	10.50	52.00
82737	10.50	52.00
82739	10.40	52.00
82741	10.20	52.00
82744	40.30	204.00
82746	10.50	52.00
82748	10.60	52.00
82751	10.60	52.00
82753	10.30	52.00
82755	35.80	52.00
82758	10.60	52.00
82760	10.20	52.00
82762	10.40	52.00
82764	10.60	154.00
82767	10.30	52.00
82769	10.40	52.00
82771	10.40	52.00
82774	10.10	52.00
82776	34.80	176.00
82778	10.20	52.00
82780	10.50	52.00
82783	10.50	52.00
82785	10.30	52.00
82787	37.70	114.00
82790	10.30	52.00
82792	10.40	52.00
82794	10.50	52.00
82796	10.30	52.00
82799	21.30	108.00
82801	10.30	52.00
82803	10.30	52.00
82806	10.40	52.00
82808	10.40	52.00
82810	20.10	102.00
82813	10.30	52.00
82815	10.20	52.00
82817	10.40	52.00
82819	10.20	236.00
82822	18.80	52.00
82824	10.40	52.00
82826	10.50	52.00
82829	10.40	52.00
82831	50.60	256.00
82833	10.50	52.00
82835	10.30	52.00
82838	10.20	52.00
82840	10.40	52.00
82842	53.10	86.00
82845	10.50	52.00
82847	10.40	52.00
82849	10.70	52.00
82851	10.40	52.00
82854	15.40	78.00
82856	10.50	52.00
82858	10.50	52.00
82861	10.60	52.00
82863	10.40	52.00
82865	14.10	72.00
82868	10.50	52.00
82870	10.20	52.00
82872	10.40	52.00
82874	10.50	298.00
82877	12.60	52.00
82879	10.60	52.00
82881	10.30	52.00
82884	10.40	52.00
82886	61.30	312.00
82888	10.30	52.00
82890	10.40	52.00
82893	10.50	52.00
82895	10.50	52.00
82897	63.70	322.00
82900	10.50	52.00
82902	10.50	52.00
82904	10.50	52.00
82906	10.60	52.00
82909	66.00	50.00
82911	10.50	52.00
82913	10.40	52.00
82916	10.60	52.00
82918	10.30	52.00
82920	10.20	52.00
82923	10.50	52.00
82925	10.40	52.00
82927	10.50	52.00
82929	10.60	52.00
82932	10.10	52.00
82934	10.20	52.00
82936	10.50	52.00
82939	10.40	52.00
82941	66.80	338.00
82943	10.50	52.00
82945	10.40	52.00
82948	10.40	52.00
82950	10.60	52.00
82952	68.30	348.00
82955	10.40	52.00
82957	10.60	52.00
82959	10.40	52.00
82961	10.30	58.00
82964	66.70	52.00
82966	10.40	52.00
82968	10.20	52.00
82971	10.40	52.00
82973	12.20	62.00
82975	10.70	56.00
82978	10.30	52.00
82980	10.60	52.00
82982	10.40	52.00
82984	12.00	62.00
82987	10.20	52.00
82989	10.50	52.00
82991	10.40	50.00
82994	10.40	52.00
82996	12.50	298.00
82998	10.20	52.00
83000	10.30	52.00
83003	10.40	52.00
83005	10.40	52.00
83007	55.70	282.00
83010	10.60	52.00
83012	10.60	52.00
83014	10.40	52.00
83016	10.30	52.00
83019	54.20	52.00
83021	10.50	52.00
83023	10.50	52.00
83026	10.50	52.00
83028	16.70	86.00
83030	10.40	52.00
83033	10.40	52.00
83035	10.60	52.00
83037	10.60	52.00
83039	18.30	92.00
83042	10.20	52.00
83044	10.40	52.00
83046	10.50	52.00
83049	10.40	52.00
83051	19.80	232.00
83053	10.30	52.00
83055	10.40	52.00
83058	10.50	52.00
83060	10.40	52.00
83062	43.00	220.00
83065	10.50	52.00
83067	10.30	52.00
83069	10.40	52.00
83071	10.50	52.00
83074	38.10	194.00
83076	10.30	56.00
83078	10.30	52.00
83081	10.80	52.00
83083	10.40	144.00
83085	33.20	52.00
83088	10.50	52.00
83090	10.40	52.00
83092	10.20	52.00
83094	34.30	174.00
83097	10.20	52.00
83099	10.10	52.00
83101	10.50	52.00
83104	10.20	52.00
83106	37.00	114.00
83108	10.30	52.00
83110	10.50	52.00
83113	10.40	56.00
83115	10.40	52.00
83117	21.40	108.00
83120	10.40	52.00
83122	10.20	52.00
83124	10.40	52.00
83126	10.50	52.00
83129	20.10	102.00
83131	10.60	52.00
83133	10.50	52.00
83136	10.60	52.00
83138	10.50	236.00
83140	19.30	52.00
83143	10.20	52.00
83145	10.40	52.00
83147	10.50	52.00
83149	49.50	250.00
83152	10.70	56.00
83154	10.50	52.00
83156	10.60	52.00
83159	10.60	52.00
83161	52.10	262.00
83163	10.70	52.00
83165	10.30	52.00
83168	10.60	52.00
83170	10.50	52.00
83172	54.80	78.00
83175	10.50	52.00
83177	10.70	56.00
83179	10.20	52.00
83181	10.30	52.00
83184	13.70	68.00
83186	10.30	52.00
83188	10.40	52.00
83191	10.40	52.00
83193	10.50	298.00
83195	12.70	56.00
83198	10.40	52.00
83200	10.50	52.00
83202	10.30	52.00
83204	61.50	312.00
83207	10.40	52.00
83209	10.50	52.00
83211	10.40	52.00
83214	10.20	52.00
83216	64.00	324.00
83218	10.60	52.00
83220	10.60	52.00
83223	10.40	52.00
83225	10.50	52.00
83227	66.50	52.00
83230	10.50	52.00
83232	10.40	52.00
83234	10.40	52.00
83236	10.40	52.00
83239	9.90	50.00
83241	10.40	52.00
83243	10.40	52.00
83246	10.60	52.00
83248	10.70	56.00
83250	10.20	52.00
83253	10.60	52.00
83255	10.40	52.00
83257	10.50	52.00
83259	10.80	338.00
83262	10.60	52.00
83264	10.50	52.00
83266	10.40	52.00
83269	10.50	52.00
83271	68.10	344.00
83273	10.60	52.00
83275	10.60	52.00
83278	10.40	52.00
83280	10.20	58.00
83282	65.50	56.00
83285	10.70	56.00
83287	10.40	52.00
83289	10.10	52.00
83291	12.00	62.00
83294	10.50	52.00
83296	10.30	52.00
83298	10.50	52.00
83301	10.50	52.00
83303	12.30	62.00
83305	10.80	56.00
83308	10.60	52.00
83310	10.20	52.00
83312	10.30	52.00
83314	12.80	292.00
83317	10.40	52.00
83319	10.80	56.00
83321	10.60	52.00
83324	10.60	52.00
83326	55.10	278.00
83328	10.30	52.00
83330	10.60	52.00
83333	10.60	52.00
83335	10.50	52.00
83337	53.00	52.00
83340	10.60	52.00
83342	10.20	52.00
83344	10.30	52.00
83346	10.50	88.00
83349	10.50	52.00
83351	10.60	52.00
83353	10.40	52.00
83356	10.70	56.00
83358	18.80	96.00
83360	10.60	52.00
83363	10.40	52.00
83365	10.60	52.00
83367	10.50	52.00
83369	20.20	230.00
83372	10.50	52.00
83374	10.50	52.00
83376	10.20	52.00
83379	10.50	52.00
83381	42.10	212.00
83383	10.70	56.00
83385	10.30	52.00
83388	10.40	52.00
83390	10.60	52.00
83392	36.60	186.00
83395	10.50	52.00
83397	10.40	52.00
83399	10.50	52.00
83401	10.30	150.00
83404	31.50	52.00
83406	10.60	52.00
83408	10.60	52.00
83411	10.40	52.00
83413	33.80	170.00
83415	10.60	52.00
83418	10.30	52.00
83420	10.20	52.00
83422	10.40	52.00
83424	37.00	114.00
83427	10.40	52.00
83429	10.50	52.00
83431	10.40	52.00
83434	10.40	52.00
83436	22.10	112.00
83438	10.40	52.00
83440	10.50	52.00
83443	10.50	52.00
83445	10.30	52.00
83447	20.30	102.00
83450	10.60	52.00
83452	10.30	52.00
83454	10.50	52.00
83456	10.70	236.00
83459	19.50	52.00
83461	10.40	52.00
83463	10.40	52.00
83466	10.40	52.00
83468	49.90	252.00
83470	10.50	52.00
83473	10.40	52.00
83475	10.10	52.00
83477	10.40	52.00
83479	53.10	268.00
83482	10.60	52.00
83484	10.40	52.00
83486	10.50	52.00
83489	10.40	52.00
83491	54.90	78.00
83493	10.50	52.00
83495	10.30	52.00
83498	10.40	52.00
83500	10.50	52.00
83502	14.20	72.00
83505	10.50	52.00
83507	10.60	52.00
83509	10.50	52.00
83511	10.20	52.00
83514	13.10	52.00
83516	10.40	52.00
83518	10.50	52.00
83521	10.40	52.00
83523	61.00	308.00
83525	10.30	52.00
83528	10.30	52.00
83530	10.40	52.00
83532	10.40	52.00
83534	62.30	314.00
83537	10.30	52.00
83539	10.40	52.00
83541	10.40	52.00
83544	10.50	52.00
83546	67.00	52.00
83548	10.30	56.00
83550	10.30	52.00
83553	10.20	52.00
83555	10.50	52.00
83557	10.20	52.00
83560	10.50	52.00
83562	10.30	52.00
83564	10.40	52.00
83566	10.40	52.00
83569	10.40	52.00
83571	10.50	52.00
83573	10.20	52.00
83576	10.40	52.00
83578	10.50	340.00
83580	10.30	56.00
83583	10.50	52.00
83585	10.60	52.00
83587	10.40	52.00
83589	78.20	396.00
83592	10.50	52.00
83594	10.20	52.00
83596	10.30	52.00
83599	10.50	58.00
83601	69.60	52.00
83603	10.50	52.00
83605	10.40	52.00
83608	10.50	52.00
83610	12.00	62.00
83612	10.70	56.00
83615	10.50	52.00
83617	10.40	52.00
83619	10.50	52.00
83621	12.20	62.00
83624	10.70	56.00
83626	10.60	52.00
83628	10.40	52.00
83631	10.40	56.00
83633	12.80	324.00
83635	10.50	52.00
83638	10.40	52.00
83640	10.30	52.00
83642	10.50	52.00
83644	61.70	312.00
83647	18.80	96.00
83649	10.40	52.00
83651	10.60	52.00
83654	10.40	52.00
83656	59.60	302.00
83658	10.60	52.00
83660	10.20	52.00
83663	10.60	52.00
83665	10.60	86.00
83667	57.40	52.00
83670	10.30	52.00
83672	10.60	52.00
83674	10.10	52.00
83676	18.30	92.00
83679	10.40	52.00
83681	10.50	52.00
83683	10.20	52.00
83686	10.50	52.00
83688	20.20	216.00
83690	10.50	52.00
83693	10.30	52.00
83695	10.50	52.00
83697	10.30	52.00
83699	49.40	250.00
83702	10.60	52.00
83704	10.60	52.00
83706	10.50	52.00
83709	10.40	52.00
83711	44.50	226.00
83713	10.60	52.00
83715	10.00	52.00
83718	10.50	52.00
83720	10.30	158.00
83722	38.80	52.00
83725	10.20	52.00
83727	10.40	52.00
83729	10.20	52.00
83731	35.40	176.00
83734	10.50	52.00
83736	10.20	52.00
83738	10.30	52.00
83741	10.20	52.00
83743	37.10	186.00
83745	10.40	52.00
83748	10.20	52.00
83750	10.50	52.00
83752	10.30	52.00
83754	40.70	124.00
83757	10.30	52.00
83759	10.20	52.00
83761	10.60	52.00
83764	10.50	52.00
83766	22.40	114.00
83768	10.70	56.00
83770	10.40	52.00
83773	10.70	56.00
83775	10.40	242.00
83777	21.00	52.00
83780	10.30	52.00
83782	10.20	52.00
83784	10.30	52.00
83786	51.60	258.00
83789	10.50	52.00
83791	10.40	52.00
83793	10.50	52.00
83796	10.40	52.00
83798	53.80	272.00
83800	10.40	52.00
83803	10.50	52.00
83805	10.80	52.00
83807	10.50	52.00
83809	55.50	72.00
83812	10.40	52.00
83814	10.50	52.00
83816	10.70	56.00
83819	10.20	52.00
83821	13.40	68.00
83823	10.40	52.00
83825	10.60	52.00
83828	10.20	52.00
83830	10.80	56.00
83832	11.60	52.00
83835	10.50	52.00
83837	10.40	52.00
83839	10.20	52.00
83841	10.10	318.00
83844	10.40	52.00
83846	10.20	52.00
83848	10.20	52.00
83851	10.30	52.00
83853	64.70	328.00
83855	10.50	52.00
83858	10.50	52.00
83860	10.40	52.00
83862	10.60	52.00
83864	66.40	52.00
83867	10.20	52.00
83869	10.20	52.00
83871	10.60	52.00
83874	10.50	52.00
83876	10.30	52.00
83878	10.30	52.00
83880	10.10	52.00
83883	10.70	56.00
83885	10.60	52.00
83887	10.50	52.00
83890	10.50	52.00
83892	10.30	52.00
83894	10.10	52.00
83896	10.90	344.00
83899	10.10	52.00
83901	10.00	52.00
83903	10.50	52.00
83906	10.60	52.00
83908	66.60	338.00
83910	10.10	52.00
83913	10.40	52.00
83915	10.30	52.00
83917	10.50	52.00
83919	63.20	52.00
83922	10.20	52.00
83924	10.50	50.00
83926	10.70	52.00
83929	10.40	62.00
83931	10.60	52.00
83933	10.40	52.00
83935	10.30	52.00
83938	10.50	52.00
83940	12.10	62.00
83942	10.50	52.00
83945	10.50	52.00
83947	10.30	52.00
83949	10.10	52.00
83951	13.00	288.00
83954	10.40	52.00
83956	10.40	56.00
83958	10.40	52.00
83961	10.20	52.00
83963	53.80	272.00
83965	10.60	52.00
83968	10.40	52.00
83970	10.50	52.00
83972	10.60	52.00
83974	52.60	266.00
83977	10.50	52.00
83979	10.20	52.00
83981	10.30	52.00
83984	10.40	88.00
83986	49.00	56.00
83988	10.40	52.00
83990	10.30	52.00
83993	10.50	52.00
83995	19.60	98.00
83997	10.70	56.00
84000	10.40	52.00
84002	10.60	52.00
84004	10.50	52.00
84006	20.30	102.00
84009	10.40	52.00
84011	10.40	52.00
84013	10.30	52.00
84016	10.10	52.00
84018	40.60	206.00
84020	10.20	52.00
84023	10.60	52.00
84025	10.50	52.00
84027	10.30	52.00
84029	33.70	170.00
84032	10.40	52.00
84034	10.40	52.00
84036	10.60	52.00
84039	10.50	160.00
84041	29.10	52.00
84043	10.20	52.00
84045	10.20	52.00
84048	10.60	52.00
84050	35.60	180.00
84052	10.60	52.00
84055	10.40	52.00
84057	10.50	52.00
84059	10.20	52.00
84061	39.80	200.00
84064	10.50	52.00
84066	10.40	52.00
84068	10.50	52.00
84071	10.30	52.00
84073	42.50	102.00
84075	10.30	52.00
84078	10.40	52.00
84080	10.50	52.00
84082	10.40	52.00
84084	19.00	96.00
84087	10.40	52.00
84089	10.00	50.00
84091	10.30	52.00
84094	10.40	250.00
84096	17.50	52.00
84098	10.50	52.00
84100	10.60	52.00
84103	10.60	52.00
84105	53.70	272.00
84107	10.10	52.00
84110	10.60	52.00
84112	10.50	52.00
84114	10.40	52.00
84116	54.70	276.00
84119	10.30	52.00
84121	10.30	52.00
84123	10.10	52.00
84126	10.30	52.00
84128	57.70	72.00
84130	10.20	52.00
84133	10.50	52.00
84135	10.60	52.00
84137	10.40	52.00
84139	12.40	62.00
84142	10.70	56.00
84144	10.40	52.00
84146	10.50	52.00
84149	10.70	56.00
84151	11.30	56.00
84153	10.50	52.00
84155	10.50	52.00
84158	10.00	52.00
84160	10.40	322.00
84162	10.10	52.00
84165	10.10	52.00
84167	10.40	52.00
84169	10.20	52.00
84171	66.10	334.00
84174	10.60	52.00
84176	10.60	52.00
84178	10.40	52.00
84181	10.20	52.00
84183	65.90	50.00
84185	10.20	52.00
84188	10.60	56.00
84190	10.40	52.00
84192	10.50	52.00
84194	10.00	50.00
84197	10.40	52.00
84199	10.20	52.00
84201	10.30	52.00
84204	10.70	56.00
84206	10.20	52.00
84208	10.50	52.00
84210	10.50	52.00
84213	10.30	52.00
84215	11.00	348.00
84217	10.50	52.00
84220	10.40	52.00
84222	10.20	52.00
84224	10.20	52.00
84226	66.00	334.00
84229	10.60	52.00
84231	10.50	52.00
84233	10.80	56.00
84236	10.60	52.00
84238	64.80	328.00
84240	10.60	52.00
84243	10.70	52.00
84245	10.30	52.00
84247	10.40	62.00
84249	61.30	52.00
84252	10.50	52.00
84254	10.40	52.00
84256	10.40	52.00
84259	12.40	62.00
84261	10.60	52.00
84263	10.30	52.00
84265	10.50	52.00
84268	10.50	52.00
84270	12.90	282.00
84272	10.60	52.00
84275	10.40	52.00
84277	10.60	52.00
84279	10.30	52.00
84281	54.70	278.00
84284	10.30	52.00
84286	10.10	52.00
84288	10.40	52.00
84291	10.50	52.00
84293	51.90	262.00
84295	10.20	52.00
84298	10.50	52.00
84300	10.40	52.00
84302	10.50	88.00
84304	50.20	52.00
84307	10.50	52.00
84309	10.60	52.00
84311	10.70	56.00
84314	19.50	98.00
84316	10.40	52.00
84318	10.30	52.00
84320	10.40	52.00
84323	10.20	52.00
84325	20.60	104.00
84327	10.30	52.00
84330	10.60	52.00
84332	10.20	52.00
84334	10.50	52.00
84336	21.90	200.00
84339	10.70	56.00
84341	10.40	52.00
84343	10.50	52.00
84346	10.40	52.00
84348	34.90	176.00
84350	10.60	52.00
84353	10.30	52.00
84355	10.40	52.00
84357	10.30	164.00
84359	26.90	52.00
84362	10.20	52.00
84364	10.40	52.00
84366	10.10	52.00
84369	36.30	184.00
84371	10.40	52.00
84373	10.50	52.00
84375	10.30	52.00
84378	10.40	52.00
84380	39.20	196.00
84382	10.40	52.00
84385	10.50	52.00
84387	10.30	52.00
84389	10.40	52.00
84391	43.50	104.00
84394	10.50	52.00
84396	10.20	52.00
84398	10.70	56.00
84401	10.40	52.00
84403	19.10	98.00
84405	10.60	52.00
84408	10.40	52.00
84410	10.40	52.00
84412	10.40	52.00
84414	17.90	52.00
84417	10.30	52.00
84419	10.40	52.00
84421	10.60	52.00
84424	10.20	266.00
84426	10.40	52.00
84428	10.30	52.00
84430	10.30	52.00
84433	10.40	52.00
84435	55.10	278.00
84437	10.60	52.00
84440	10.60	52.00
84442	10.40	52.00
84444	10.60	52.00
84446	55.90	72.00
84449	10.50	52.00
84451	10.80	52.00
84453	10.30	52.00
84456	10.50	52.00
84458	12.80	66.00
84460	10.40	52.00
84463	10.40	52.00
84465	10.50	52.00
84467	10.20	52.00
84469	11.40	58.00
84472	10.60	52.00
84474	10.60	52.00
84476	10.40	52.00
84479	10.40	322.00
84481	10.50	52.00
84483	10.30	52.00
84485	10.50	52.00
84488	10.50	52.00
84490	65.10	328.00
84492	10.30	52.00
84495	10.40	52.00
84497	10.50	52.00
84499	10.10	52.00
84501	65.80	334.00
84504	10.50	52.00
84506	10.80	52.00
84508	10.60	52.00
84511	10.20	52.00
84513	10.40	52.00
84515	10.50	52.00
84518	10.40	52.00
84520	10.70	56.00
84522	10.50	52.00
84524	10.40	52.00
84527	10.40	52.00
84529	10.50	52.00
84531	10.10	52.00
84534	11.10	344.00
84536	10.50	52.00
84538	10.40	52.00
84540	10.50	52.00
84543	10.40	52.00
84545	66.20	334.00
84547	10.50	52.00
84550	10.50	52.00
84552	10.60	52.00
84554	10.40	52.00
84556	62.10	314.00
84559	10.30	52.00
84561	10.30	52.00
84563	10.60	52.00
84566	10.60	62.00
84568	61.50	52.00
84570	10.40	52.00
84573	10.50	52.00
84575	10.60	52.00
84577	12.40	62.00
84579	10.50	52.00
84582	10.40	52.00
84584	10.40	52.00
84586	10.20	52.00
84589	13.50	286.00
84591	10.30	52.00
84593	10.60	52.00
84595	10.50	52.00
84598	10.70	52.00
84600	52.50	266.00
84602	10.50	52.00
84605	10.50	52.00
84607	10.70	56.00
84609	10.50	52.00
84611	51.10	258.00
84614	10.20	52.00
84616	10.50	52.00
84618	10.50	52.00
84621	10.50	92.00
84623	47.10	52.00
84625	10.20	52.00
84628	10.50	52.00
84630	10.30	52.00
84632	20.00	102.00
84634	10.40	52.00
84637	10.10	52.00
84639	10.20	52.00
84641	10.70	56.00
84644	21.50	108.00
84646	10.70	56.00
84648	10.40	52.00
84650	10.30	52.00
84653	10.10	52.00
84655	23.80	194.00
84657	10.30	52.00
84660	10.40	52.00
84662	10.50	52.00
84664	10.50	52.00
84666	30.40	154.00
84669	10.60	52.00
84671	10.30	52.00
84673	10.50	52.00
84676	10.50	52.00
84678	26.50	52.00
84680	10.20	52.00
84683	10.60	52.00
84685	10.70	52.00
84687	10.30	190.00
84689	10.30	52.00
84692	10.50	52.00
84694	10.40	52.00
84696	10.60	52.00
84699	42.20	212.00
84701	10.40	52.00
84703	10.20	52.00
84705	10.60	52.00
84708	10.30	52.00
84710	45.60	98.00
84712	10.60	52.00
84715	10.60	52.00
84717	10.40	52.00
84719	10.50	52.00
84721	18.30	92.00
84724	10.20	52.00
84726	10.30	52.00
84728	10.50	52.00
84731	10.30	52.00
84733	17.10	86.00
84735	10.40	52.00
84738	10.40	52.00
84740	10.70	52.00
84742	10.40	276.00
84744	15.80	52.00
84747	10.50	52.00
84749	10.40	52.00
84751	10.50	52.00
84754	56.30	286.00
84756	10.50	52.00
84758	10.30	52.00
84760	10.60	52.00
84763	10.60	52.00
84765	58.80	66.00
84767	10.50	52.00
84770	10.40	52.00
84772	10.60	52.00
84774	10.40	52.00
84776	11.40	58.00
84779	10.60	52.00
84781	10.70	56.00
84783	10.30	52.00
84786	10.50	52.00
84788	10.80	56.00
84790	10.40	52.00
84793	10.50	52.00
84795	10.40	52.00
84797	10.50	330.00
84799	9.90	52.00
84802	10.40	52.00
84804	10.50	52.00
84806	10.40	52.00
84809	65.60	330.00
84811	10.20	52.00
84813	10.40	52.00
84815	10.30	52.00
84818	10.60	52.00
84820	65.70	334.00
84822	10.50	52.00
84825	10.60	52.00
84827	10.20	52.00
84829	10.40	56.00
84831	67.00	52.00
84834	10.50	52.00
84836	10.40	52.00
84838	10.50	52.00
84841	11.30	56.00
84843	10.20	52.00
84845	10.70	56.00
84848	10.50	52.00
84850	10.30	52.00
84852	11.60	340.00
84854	10.70	52.00
84857	10.30	52.00
84859	10.40	52.00
84861	10.40	52.00
84864	63.40	322.00
84866	10.40	52.00
84868	10.40	52.00
84870	10.60	52.00
84873	10.50	52.00
84875	61.90	314.00
84877	10.50	52.00
84880	10.40	52.00
84882	10.40	52.00
84884	10.40	66.00
84886	57.70	52.00
84889	10.50	52.00
84891	10.40	52.00
84893	10.20	52.00
84896	13.20	66.00
84898	10.50	52.00
84900	10.50	52.00
84903	10.50	52.00
84905	10.60	52.00
84907	14.50	72.00
84909	10.40	52.00
84912	10.60	52.00
84914	10.60	52.00
84916	10.40	52.00
84919	16.10	268.00
84921	10.50	52.00
84923	10.20	52.00
84925	10.50	52.00
84928	10.50	52.00
84930	49.40	250.00
84932	10.40	52.00
84935	10.60	52.00
84937	10.50	52.00
84939	10.40	96.00
84941	48.80	52.00
84944	10.50	52.00
84946	10.40	52.00
84948	10.40	52.00
84951	20.10	102.00
84953	10.40	52.00
84955	10.20	52.00
84958	10.50	52.00
84960	10.40	52.00
84962	21.60	108.00
84964	10.60	52.00
84967	10.60	52.00
84969	10.30	56.00
84971	10.50	52.00
84974	23.60	180.00
84976	10.30	52.00
84978	10.40	52.00
84980	10.60	52.00
84983	10.50	52.00
84985	32.10	164.00
84987	10.20	52.00
84990	10.60	52.00
84992	10.40	52.00
84994	10.50	52.00
84996	24.00	122.00
84999	10.40	52.00
85001	10.30	52.00
85003	10.50	52.00
85006	10.40	194.00
85008	10.50	52.00
85010	10.30	52.00
85013	10.50	52.00
85015	10.40	52.00
85017	41.20	206.00
85019	10.10	52.00
85022	10.60	52.00
85024	10.30	52.00
85026	10.40	52.00
85029	45.90	98.00
85031	10.40	52.00
85033	10.10	52.00
85035	10.10	52.00
85038	10.40	52.00
85040	17.80	92.00
85042	10.60	52.00
85045	10.50	52.00
85047	10.70	56.00
85049	10.30	52.00
85051	17.40	88.00
85054	10.60	52.00
85056	10.50	52.00
85058	10.40	52.00
85061	10.40	272.00
85063	15.40	52.00
85065	10.50	52.00
85068	10.40	52.00
85070	10.60	52.00
85072	56.60	286.00
85074	10.20	52.00
85077	10.30	52.00
85079	10.30	52.00
85081	10.20	52.00
85084	58.80	66.00
85086	10.40	52.00
85088	10.80	52.00
85090	10.60	52.00
85093	10.60	52.00
85095	11.50	58.00
85097	10.30	52.00
85100	10.20	52.00
85102	10.50	52.00
85104	10.30	52.00
85106	10.40	52.00
85109	10.50	52.00
85111	10.70	56.00
85113	10.60	52.00
85116	10.50	334.00
85118	10.20	52.00
85120	10.40	52.00
85123	10.60	52.00
85125	10.20	52.00
85127	65.50	330.00
85129	10.50	52.00
85132	10.40	52.00
85134	10.10	52.00
85136	10.20	52.00
85139	65.50	330.00
85141	10.60	52.00
85143	10.40	52.00
85145	10.70	56.00
85148	10.50	52.00
85150	67.80	52.00
85152	10.20	52.00
85155	10.40	52.00
85157	10.30	52.00
85159	11.10	56.00
85161	10.50	52.00
85164	10.40	52.00
85166	10.50	52.00
85168	10.60	52.00
85171	11.70	58.00
85173	10.60	52.00
85175	10.40	52.00
85178	10.60	52.00
85180	10.40	52.00
85182	11.90	328.00
85184	10.40	52.00
85187	10.40	52.00
85189	10.50	52.00
85191	10.70	56.00
85194	60.90	308.00
85196	10.20	52.00
85198	10.30	52.00
85200	10.60	52.00
85203	10.40	62.00
85205	59.50	52.00
85207	10.40	52.00
85210	10.40	52.00
85212	10.50	52.00
85214	12.80	66.00
85216	10.50	52.00
85219	10.50	52.00
85221	10.30	52.00
85223	10.60	52.00
85226	14.50	72.00
85228	10.10	52.00
85230	10.50	52.00
85233	10.30	52.00
85235	10.40	52.00
85237	16.30	258.00
85239	10.20	52.00
85242	10.20	52.00
85244	10.50	52.00
85246	10.40	52.00
85249	50.00	252.00
85251	10.40	52.00
85253	10.40	52.00
85255	10.50	52.00
85258	10.40	52.00
85260	46.70	52.00
85262	10.60	52.00
85265	10.50	52.00
85267	10.40	52.00
85269	10.50	104.00
85271	10.70	56.00
85274	10.40	52.00
85276	10.30	52.00
85278	10.50	52.00
85281	22.30	112.00
85283	10.40	52.00
85285	10.40	52.00
85288	10.40	52.00
85290	10.20	52.00
85292	26.70	176.00
85294	10.40	52.00
85297	10.50	52.00
85299	10.10	52.00
85301	10.70	56.00
85304	27.70	140.00
85306	10.50	52.00
85308	10.40	52.00
85310	10.40	52.00
85313	10.40	52.00
85315	24.30	124.00
85317	10.70	52.00
85320	10.30	52.00
85322	10.40	52.00
85324	10.70	196.00
85326	21.40	52.00
85329	10.40	52.00
85331	10.30	52.00
85333	10.60	52.00
85336	43.80	220.00
85338	10.40	52.00
85340	10.40	52.00
85343	10.50	52.00
85345	10.40	52.00
85347	46.40	96.00
85349	10.60	52.00
85352	10.60	52.00
85354	10.40	52.00
85356	10.20	52.00
85359	18.20	92.00
85361	10.10	52.00
85363	10.30	52.00
85365	10.50	52.00
85368	10.60	52.00
85370	16.20	82.00
85372	10.50	52.00
85375	10.70	56.00
85377	10.70	52.00
85379	10.20	278.00
85381	15.50	52.00
85384	10.30	52.00
85386	10.30	52.00
85388	10.20	52.00
85391	56.00	282.00
85393	10.50	52.00
85395	10.40	52.00
85398	10.40	52.00
85400	10.20	52.00
85402	59.30	298.00
85404	10.60	52.00
85407	10.30	52.00
85409	10.40	52.00
85411	10.20	52.00
85414	60.90	56.00
85416	10.50	52.00
85418	10.50	52.00
85420	10.50	52.00
85423	10.40	52.00
85425	10.40	52.00
85427	10.20	52.00
85430	10.30	52.00
85432	10.60	52.00
85434	10.30	334.00
85436	10.10	52.00
85439	10.60	52.00
85441	10.40	52.00
85443	10.40	52.00
85446	64.90	328.00
85448	10.40	52.00
85450	10.30	52.00
85453	10.50	52.00
85455	10.40	52.00
85457	65.30	330.00
85459	10.20	52.00
85462	10.60	52.00
85464	10.60	52.00
85466	10.30	52.00
85469	67.20	52.00
85471	10.40	52.00
85473	10.30	52.00
85475	10.50	52.00
85478	11.40	58.00
85480	10.50	52.00
85482	10.50	52.00
85485	10.10	52.00
85487	10.30	52.00
85489	11.70	58.00
85491	10.60	52.00
85494	10.50	52.00
85496	10.60	52.00
85498	10.50	52.00
85501	12.00	318.00
85503	10.40	52.00
85505	10.50	52.00
85508	10.40	52.00
85510	10.20	52.00
85512	60.90	308.00
85514	10.20	52.00
85517	10.40	52.00
85519	10.80	56.00
85521	10.50	62.00
85524	57.20	52.00
85526	10.60	52.00
85528	10.10	52.00
85530	10.50	50.00
85533	13.30	68.00
85535	10.50	52.00
85537	10.50	52.00
85540	10.50	52.00
85542	10.30	52.00
85544	14.90	76.00
85546	10.20	52.00
85549	10.20	52.00
85551	10.50	52.00
85553	10.50	52.00
85556	16.60	266.00
85558	10.50	52.00
85560	10.40	52.00
85563	10.50	52.00
85565	10.30	52.00
85567	48.80	250.00
85569	10.40	52.00
85572	10.20	52.00
85574	10.50	52.00
85576	10.40	52.00
85579	47.50	52.00
85581	10.10	52.00
85583	10.30	52.00
85585	10.20	52.00
85588	10.50	104.00
85590	10.50	52.00
85592	10.40	52.00
85595	10.40	52.00
85597	10.20	52.00
85599	22.00	112.00
85601	10.30	52.00
85604	10.50	52.00
85606	10.60	52.00
85608	10.50	52.00
85611	24.10	180.00
85613	10.60	52.00
85615	10.20	52.00
85618	10.40	52.00
85620	10.40	52.00
85622	31.60	160.00
85624	10.60	52.00
85627	10.40	52.00
85629	10.70	56.00
85631	10.70	56.00
85634	23.30	118.00
85636	10.50	52.00
85638	10.30	52.00
85640	10.60	52.00
85643	10.40	194.00
85645	22.10	52.00
85647	10.50	56.00
85650	10.50	52.00
85652	10.60	52.00
85654	41.10	206.00
85656	10.20	52.00
85659	10.40	52.00
85661	10.60	52.00
85663	10.40	52.00
85666	45.30	230.00
85668	10.40	52.00
85670	10.50	52.00
85673	10.30	52.00
85675	10.60	52.00
85677	47.40	96.00
85679	10.50	52.00
85682	10.40	52.00
85684	10.20	52.00
85686	10.40	52.00
85689	17.30	88.00
85691	10.60	52.00
85693	10.60	52.00
85695	10.40	52.00
85698	10.70	266.00
85700	15.90	52.00
85702	10.50	52.00
85705	10.30	52.00
85707	10.20	52.00
85709	55.60	282.00
85711	10.40	52.00
85714	10.50	52.00
85716	10.50	52.00
85718	10.40	52.00
85721	58.30	294.00
85723	10.40	52.00
85725	10.50	52.00
85728	10.40	52.00
85730	10.40	52.00
85732	60.30	62.00
85734	10.50	52.00
85737	10.50	52.00
85739	10.40	52.00
85741	10.40	52.00
85744	10.70	56.00
85746	10.30	52.00
85748	10.20	52.00
85750	10.00	50.00
85753	10.50	334.00
85755	9.90	52.00
85757	10.50	52.00
85760	10.60	52.00
85762	10.40	52.00
85764	10.40	330.00
85766	10.20	52.00
85769	10.50	52.00
85771	10.00	50.00
85773	10.40	52.00
85776	65.20	330.00
85778	10.40	52.00
85780	10.30	52.00
85783	10.40	52.00
85785	10.70	52.00
85787	67.70	52.00
85789	10.30	52.00
85792	10.70	52.00
85794	10.50	52.00
85796	11.40	58.00
85799	10.20	52.00
85801	10.40	52.00
85803	10.60	52.00
85805	10.40	52.00
85808	11.70	58.00
85810	10.60	52.00
85812	10.30	56.00
85815	10.40	52.00
85817	10.30	52.00
85819	12.10	324.00
85821	10.50	52.00
85824	10.60	52.00
85826	10.30	52.00
85828	10.40	52.00
85831	60.70	308.00
85833	10.40	52.00
85835	10.30	52.00
85838	10.40	52.00
85840	10.60	52.00
85842	59.40	52.00
85844	10.40	52.00
85847	10.50	52.00
85849	10.20	52.00
85851	10.50	66.00
85854	10.30	52.00
85856	10.40	52.00
85858	10.30	52.00
85860	10.50	52.00
85863	14.80	76.00
85865	10.60	52.00
85867	10.70	56.00
85870	10.60	52.00
85872	10.30	52.00
85874	16.60	256.00
85876	10.40	52.00
85879	10.60	52.00
85881	10.50	52.00
85883	10.30	52.00
85886	49.50	252.00
85888	10.50	52.00
85890	10.50	52.00
85893	10.20	52.00
85895	10.50	52.00
85897	45.70	232.00
85899	10.70	52.00
85902	10.60	52.00
85904	10.50	52.00
85906	10.60	108.00
85909	43.60	52.00
85911	10.60	52.00
85913	10.40	52.00
85915	10.40	52.00
85918	22.60	114.00
85920	10.50	52.00
85922	10.50	52.00
85925	10.20	52.00
85927	10.20	52.00
85929	26.70	174.00
85931	10.20	52.00
85934	10.40	52.00
85936	10.40	52.00
85938	10.40	52.00
85941	26.20	134.00
85943	10.60	52.00
85945	10.30	52.00
85948	10.20	52.00
85950	10.30	52.00
85952	23.70	122.00
85954	10.50	52.00
85957	10.40	52.00
85959	10.40	52.00
85961	10.50	200.00
85964	21.20	52.00
85966	10.30	56.00
85968	10.40	52.00
85970	10.70	56.00
85973	45.20	230.00
85975	10.40	52.00
85977	10.40	52.00
85980	10.70	56.00
85982	10.60	52.00
85984	47.40	240.00
85986	10.50	52.00
85989	10.50	52.00
85991	10.10	52.00
85993	10.30	52.00
85996	50.40	92.00
85998	10.50	52.00
86000	10.50	52.00
86003	10.40	52.00
86005	10.40	52.00
86007	16.20	82.00
86009	10.40	52.00
86012	10.40	52.00
86014	10.50	52.00
86016	10.50	282.00
86019	14.80	56.00
86021	10.70	50.00
86023	10.30	52.00
86025	10.60	56.00
86028	57.80	292.00
86030	10.40	52.00
86032	10.40	52.00
86035	10.60	52.00
86037	10.50	52.00
86039	60.40	304.00
86041	10.50	52.00
86044	10.60	52.00
86046	10.40	52.00
86048	10.50	52.00
86051	62.20	56.00
86053	10.60	52.00
86055	10.40	52.00
86058	10.70	56.00
86060	10.60	52.00
86062	10.00	50.00
86064	10.20	52.00
86067	10.50	52.00
86069	10.50	52.00
86071	10.40	52.00
86074	10.10	56.00
86076	10.70	52.00
86078	10.50	52.00
86080	10.40	52.00
86083	10.60	330.00
86085	10.30	52.00
86087	10.40	52.00
86090	10.40	52.00
86092	10.60	52.00
86094	67.10	340.00
86096	10.50	52.00
86099	10.30	52.00
86101	10.20	52.00
86103	10.40	56.00
86106	68.70	52.00
86108	10.30	52.00
86110	10.60	52.00
86113	10.10	52.00
86115	11.70	58.00
86117	10.50	52.00
86119	10.40	52.00
86122	10.40	52.00
86124	10.30	52.00
86126	12.10	62.00
86129	10.60	52.00
86131	10.60	52.00
86133	10.40	56.00
86135	10.60	52.00
86138	12.50	308.00
86140	10.60	52.00
86142	10.50	52.00
86145	10.70	56.00
86147	10.60	52.00
86149	59.10	298.00
86151	10.10	52.00
86154	10.50	52.00
86156	10.10	52.00
86158	10.40	52.00
86161	54.70	278.00
86163	10.30	52.00
86165	10.40	52.00
86168	10.60	52.00
86170	10.20	82.00
86172	54.20	52.00
86174	10.70	56.00
86177	10.20	52.00
86179	10.40	52.00
86181	17.10	86.00
86184	10.40	52.00
86186	10.40	52.00
86188	10.30	52.00
86190	10.30	52.00
86193	18.70	242.00
86195	10.40	52.00
86197	10.50	52.00
86200	10.50	52.00
86202	10.60	52.00
86204	44.50	226.00
86206	10.30	52.00
86209	10.60	52.00
86211	10.20	52.00
86213	10.30	52.00
86216	42.40	216.00
86218	10.60	52.00
86220	10.50	52.00
86223	10.60	52.00
86225	10.60	118.00
86227	35.70	52.00
86229	10.30	52.00
86232	10.50	52.00
86234	10.50	52.00
86236	29.40	148.00
86239	10.40	52.00
86241	10.50	52.00
86243	10.40	52.00
86245	10.60	52.00
86248	32.70	128.00
86250	10.60	52.00
86252	10.40	52.00
86255	10.30	52.00
86257	10.40	52.00
86259	37.40	118.00
86261	10.20	52.00
86264	10.20	52.00
86266	10.50	52.00
86268	10.60	52.00
86271	21.30	108.00
86273	10.50	52.00
86275	10.30	52.00
86278	10.50	52.00
86280	10.40	220.00
86282	20.10	56.00
86284	10.50	52.00
86287	10.40	52.00
86289	10.60	52.00
86291	47.50	240.00
86294	10.60	52.00
86296	10.60	52.00
86298	10.40	52.00
86300	10.50	52.00
86303	51.90	262.00
86305	10.60	52.00
86307	10.60	52.00
86310	10.20	52.00
86312	10.50	52.00
86314	53.80	78.00
86316	10.60	56.00
86319	10.50	52.00
86321	10.20	52.00
86323	10.60	52.00
86326	14.90	76.00
86328	10.50	52.00
86330	10.30	52.00
86333	10.60	52.00
86335	10.30	52.00
86337	13.30	52.00
86339	10.40	52.00
86342	10.30	52.00
86344	10.30	52.00
86346	10.50	308.00
86349	10.20	52.00
86351	10.30	52.00
86353	10.40	52.00
86355	10.70	56.00
86358	62.60	318.00
86360	10.30	52.00
86362	10.20	52.00
86365	10.70	56.00
86367	10.60	52.00
86369	65.30	52.00
86371	10.20	52.00
86374	10.40	52.00
86376	10.50	56.00
86378	10.40	52.00
86381	10.00	50.00
86383	10.70	56.00
86385	10.30	52.00
86388	10.50	52.00
86390	10.40	52.00
86392	10.20	52.00
86394	10.20	52.00
86397	10.20	52.00
86399	10.50	52.00
86401	10.40	334.00
86404	10.30	52.00
86406	10.40	52.00
86408	10.60	52.00
86410	10.60	52.00
86413	67.70	344.00
86415	10.50	52.00
86417	10.20	52.00
86420	10.20	52.00
86422	10.40	52.00
86424	66.60	52.00
86426	10.60	52.00
86429	10.40	52.00
86431	10.30	52.00
86433	10.20	58.00
86436	10.70	56.00
86438	10.40	52.00
86440	10.00	50.00
86443	10.40	52.00
86445	12.50	62.00
86447	10.70	56.00
86449	10.20	52.00
86452	10.60	52.00
86454	10.30	52.00
86456	12.10	304.00
86459	10.50	52.00
86461	10.60	52.00
86463	10.50	52.00
86465	10.10	52.00
86468	55.50	282.00
86470	10.40	52.00
86472	10.60	52.00
86475	10.30	52.00
86477	10.60	52.00
86479	55.20	278.00
86481	10.40	52.00
86484	10.50	52.00
86486	10.20	52.00
86488	10.20	82.00
86491	51.80	52.00
86493	10.50	52.00
86495	10.60	52.00
86498	10.40	52.00
86500	17.50	88.00
86502	10.60	52.00
86504	10.40	52.00
86507	10.40	52.00
86509	10.20	52.00
86511	19.10	236.00
86514	10.50	52.00
86516	10.30	52.00
86518	10.40	52.00
86520	10.20	52.00
86523	45.40	230.00
86525	10.60	52.00
86527	10.40	52.00
86530	10.50	52.00
86532	10.30	52.00
86534	42.80	216.00
86536	10.30	52.00
86539	10.50	52.00
86541	10.70	52.00
86543	10.40	124.00
86546	34.50	52.00
86548	10.30	52.00
86550	10.30	56.00
86553	10.50	52.00
86555	30.00	150.00
86557	10.60	52.00
86559	10.50	52.00
86562	10.30	52.00
86564	10.60	52.00
86566	33.40	168.00
86569	10.50	52.00
86571	10.40	52.00
86573	10.40	52.00
86575	10.40	52.00
86578	37.90	118.00
86580	10.30	52.00
86582	10.20	52.00
86585	10.70	56.00
86587	10.40	52.00
86589	20.60	104.00
86591	10.40	52.00
86594	10.50	52.00
86596	10.40	52.00
86598	10.30	226.00
86601	20.20	52.00
86603	10.20	52.00
86605	10.60	52.00
86608	10.50	52.00
86610	48.10	242.00
86612	10.50	52.00
86614	10.40	52.00
86617	10.50	52.00
86619	10.60	52.00
86621	51.80	262.00
86624	10.50	52.00
86626	10.30	52.00
86628	10.50	52.00
86630	10.50	52.00
86633	53.50	78.00
86635	10.60	56.00
86637	10.40	52.00
86640	10.20	52.00
86642	10.50	52.00
86644	14.90	76.00
86646	10.50	52.00
86649	10.60	52.00
86651	10.40	52.00
86653	10.20	52.00
86656	12.90	66.00
86658	10.50	52.00
86660	10.60	52.00
86663	10.20	52.00
86665	10.30	308.00
86667	10.40	52.00
86669	10.50	52.00
86672	10.70	56.00
86674	10.40	52.00
86676	63.30	322.00
86679	10.40	52.00
86681	10.50	52.00
86683	10.40	52.00
86685	10.20	52.00
86688	65.80	50.00
86690	10.50	52.00
86692	10.20	52.00
86695	10.40	52.00
86697	10.40	52.00
86699	10.00	50.00
86701	10.60	52.00
86704	10.60	52.00
86706	10.40	52.00
86708	10.40	52.00
86711	10.10	52.00
86713	10.20	52.00
86715	10.30	52.00
86718	10.60	52.00
86720	10.60	338.00
86722	10.30	52.00
86724	10.30	56.00
86727	10.20	52.00
86729	10.50	52.00
86731	68.60	348.00
86734	10.40	52.00
86736	10.30	52.00
86738	10.40	52.00
86740	10.40	52.00
86743	65.70	52.00
86745	10.70	52.00
86747	10.30	52.00
86750	10.60	52.00
86752	10.20	62.00
86754	64.40	56.00
86756	10.20	52.00
86759	10.40	52.00
86761	10.40	52.00
86763	12.30	62.00
86766	10.40	52.00
86768	10.70	56.00
86770	10.70	56.00
86773	10.60	52.00
86775	12.40	304.00
86777	10.60	52.00
86779	10.50	52.00
86782	10.50	52.00
86784	10.40	52.00
86786	55.60	282.00
86789	10.60	52.00
86791	10.40	52.00
86793	10.40	52.00
86795	10.60	52.00
86798	53.80	272.00
86800	10.50	52.00
86802	10.40	52.00
86805	10.20	52.00
86807	10.50	86.00
86809	51.00	52.00
86811	10.60	56.00
86814	10.10	52.00
86816	10.60	52.00
86818	18.70	96.00
86821	10.40	52.00
86823	10.40	52.00
86825	10.40	52.00
86828	10.60	52.00
86830	19.60	98.00
86832	10.50	52.00
86834	10.40	52.00
86837	10.60	52.00
86839	10.60	52.00
86841	21.40	222.00
86844	10.60	52.00
86846	10.50	52.00
86848	10.50	52.00
86850	10.50	52.00
86853	36.80	186.00
86855	10.60	52.00
86857	10.40	52.00
86860	10.40	52.00
86862	10.40	148.00
86864	32.80	52.00
86866	10.20	52.00
86869	10.30	52.00
86871	10.40	52.00
86873	33.60	170.00
86876	10.40	52.00
86878	10.40	52.00
86880	10.30	52.00
86883	10.40	52.00
86885	36.90	186.00
86887	10.50	52.00
86889	10.40	52.00
86892	10.50	52.00
86894	10.30	52.00
86896	40.40	108.00
86899	10.50	52.00
86901	10.60	52.00
86903	10.30	52.00
86905	10.20	52.00
86908	20.10	102.00
86910	10.60	52.00
86912	10.70	56.00
86915	10.40	52.00
86917	10.40	52.00
86919	18.40	52.00
86921	10.40	56.00
86924	10.50	52.00
86926	10.60	52.00
86928	10.70	262.00
86931	10.70	56.00
86933	10.40	52.00
86935	10.20	52.00
86938	10.30	52.00
86940	53.00	268.00
86942	10.60	52.00
86944	10.50	52.00
86947	10.50	52.00
86949	10.40	52.00
86951	56.30	76.00
86954	10.40	52.00
86956	10.60	52.00
86958	10.60	52.00
86960	10.40	52.00
86963	12.80	66.00
86965	10.50	52.00
86967	10.80	56.00
86970	10.30	52.00
86972	10.20	52.00
86974	12.10	62.00
86976	10.60	52.00
86979	10.50	52.00
86981	10.20	52.00
86983	10.40	322.00
86986	10.60	52.00
86988	10.60	52.00
86990	10.40	52.00
86993	10.50	52.00
86995	66.10	334.00
86997	10.50	52.00
86999	10.50	52.00
87002	10.30	52.00
87004	10.70	56.00
87006	65.40	52.00
87009	10.40	52.00
87011	10.10	52.00
87013	10.50	52.00
87015	10.40	52.00
87018	10.00	50.00
87020	10.40	52.00
87022	10.50	52.00
87025	10.50	52.00
87027	10.40	52.00
87029	10.20	52.00
87031	10.70	56.00
87034	10.70	56.00
87036	10.60	52.00
87038	10.90	340.00
87041	10.50	52.00
87043	10.60	52.00
87045	10.20	52.00
87048	10.40	52.00
87050	66.50	338.00
87052	10.50	52.00
87054	10.40	52.00
87057	10.70	56.00
87059	10.60	52.00
87061	64.80	328.00
87064	10.70	52.00
87066	10.40	52.00
87068	10.60	52.00
87070	10.50	62.00
87073	60.70	56.00
87075	10.80	56.00
87077	10.50	52.00
87080	10.40	52.00
87082	12.50	62.00
87084	10.20	52.00
87086	10.60	52.00
87089	10.40	52.00
87091	10.50	52.00
87093	13.40	282.00
87096	10.50	52.00
87098	10.50	52.00
87100	10.40	52.00
87103	10.30	52.00
87105	54.50	276.00
87107	10.60	52.00
87109	10.30	52.00
87112	10.40	52.00
87114	10.30	52.00
87116	50.40	256.00
87119	10.60	52.00
87121	10.40	52.00
87123	10.60	52.00
87125	10.50	92.00
87128	49.90	52.00
87130	10.60	52.00
87132	10.50	52.00
87135	10.60	52.00
87137	19.80	102.00
87139	10.30	52.00
87141	10.20	52.00
87144	9.90	50.00
87146	10.30	52.00
87148	21.50	108.00
87151	10.50	52.00
87153	10.50	52.00
87155	10.70	52.00
87158	10.50	52.00
87160	23.00	190.00
87162	10.40	52.00
87164	10.30	52.00
87167	10.20	52.00
87169	10.30	52.00
87171	34.80	176.00
87174	10.10	52.00
87176	10.60	52.00
87178	10.50	52.00
87180	10.30	158.00
87183	27.90	52.00
87185	10.50	52.00
87187	10.40	52.00
87190	10.40	52.00
87192	36.40	184.00
87194	10.50	52.00
87196	10.40	52.00
87199	10.20	52.00
87201	10.20	52.00
87203	38.10	194.00
87206	10.50	52.00
87208	10.50	52.00
87210	10.50	52.00
87213	10.20	52.00
87215	41.50	108.00
87217	10.60	52.00
87219	10.20	52.00
87222	10.80	56.00
87224	10.50	52.00
87226	19.20	98.00
87229	10.70	56.00
87231	10.40	52.00
87233	10.50	52.00
87235	10.70	56.00
87238	18.30	52.00
87240	10.30	52.00
87242	10.50	52.00
87245	10.30	52.00
87247	10.50	262.00
87249	16.80	52.00
87251	10.30	52.00
87254	10.50	52.00
87256	10.40	52.00
87258	54.30	276.00
87261	10.10	52.00
87263	10.40	52.00
87265	10.20	52.00
87268	10.20	52.00
87270	56.40	72.00
87272	10.70	52.00
87274	10.60	52.00
87277	10.70	52.00
87279	10.20	52.00
87281	13.00	66.00
87284	10.10	52.00
87286	10.50	52.00
87288	10.30	52.00
87290	10.60	52.00
87293	11.40	58.00
87295	10.60	52.00
87297	10.50	52.00
87300	10.30	52.00
87302	10.40	324.00
87304	10.50	52.00
87306	10.60	52.00
87309	10.40	52.00
87311	10.30	52.00
87313	65.90	334.00
87316	10.60	52.00
87318	10.50	52.00
87320	10.50	52.00
87323	10.30	52.00
87325	65.30	330.00
87327	10.40	52.00
87329	10.40	52.00
87332	10.60	52.00
87334	10.40	56.00
87336	65.60	52.00
87339	10.50	52.00
87341	10.40	52.00
87343	10.30	52.00
87345	10.80	56.00
87348	10.30	52.00
87350	10.50	52.00
87352	10.40	52.00
87355	10.30	52.00
87357	11.20	340.00
87359	10.40	52.00
87361	10.40	52.00
87364	10.60	52.00
87366	10.60	56.00
87368	66.30	338.00
87371	10.40	52.00
87373	10.30	52.00
87375	10.20	52.00
87378	10.10	52.00
87380	63.20	322.00
87382	10.40	52.00
87384	10.30	52.00
87387	10.30	52.00
87389	10.20	62.00
87391	61.20	56.00
87394	10.60	52.00
87396	10.50	52.00
87398	10.40	52.00
87400	12.50	62.00
87403	10.40	52.00
87405	10.20	52.00
87407	10.30	52.00
87410	10.40	52.00
87412	13.10	66.00
87414	10.40	52.00
87416	10.40	52.00
87419	10.50	52.00
87421	10.50	52.00
87423	15.00	268.00
87426	10.50	52.00
87428	10.20	52.00
87430	10.60	52.00
87433	10.50	52.00
87435	51.70	262.00
87437	10.60	52.00
87439	10.40	52.00
87442	10.40	52.00
87444	10.60	88.00
87446	48.60	52.00
87449	10.40	52.00
87451	10.20	52.00
87453	10.40	52.00
87455	18.90	96.00
87458	10.40	52.00
87460	10.60	52.00
87462	10.20	52.00
87465	10.60	52.00
87467	20.60	104.00
87469	10.60	52.00
87471	10.30	52.00
87474	10.40	52.00
87476	10.60	52.00
87478	22.40	204.00
87481	10.20	52.00
87483	10.50	52.00
87485	10.60	52.00
87488	10.40	52.00
87490	32.90	168.00
87492	10.20	52.00
87494	10.60	52.00
87497	10.40	52.00
87499	10.50	52.00
87501	28.60	52.00
87504	10.50	52.00
87506	10.40	52.00
87508	10.30	52.00
87510	10.30	184.00
87513	10.70	56.00
87515	10.60	52.00
87517	10.50	52.00
87520	10.00	50.00
87522	39.50	200.00
87524	10.50	52.00
87526	10.20	52.00
87529	10.50	52.00
87531	10.70	52.00
87533	43.20	102.00
87536	10.40	52.00
87538	10.60	52.00
87540	10.50	52.00
87543	10.60	52.00
87545	18.90	96.00
87547	10.50	52.00
87549	10.50	52.00
87552	10.50	52.00
87554	10.40	52.00
87556	17.40	88.00
87559	10.70	52.00
87561	10.60	52.00
87563	10.10	52.00
87565	10.30	268.00
87568	16.70	52.00
87570	10.50	52.00
87572	10.40	52.00
87575	10.70	56.00
87577	54.60	276.00
87579	10.50	52.00
87581	10.40	52.00
87584	10.70	56.00
87586	10.50	52.00
87588	57.00	72.00
87591	10.40	52.00
87593	10.60	52.00
87595	10.40	52.00
87598	10.40	52.00
87600	12.40	62.00
87602	10.50	52.00
87604	10.60	52.00
87607	10.40	52.00
87609	10.40	52.00
87611	12.00	62.00
87614	10.40	52.00
87616	10.50	52.00
87618	10.30	52.00
87620	10.40	322.00
87623	10.40	52.00
87625	10.50	52.00
87627	10.60	52.00
87630	10.60	52.00
87632	66.70	338.00
87634	10.60	52.00
87636	10.40	52.00
87639	10.30	52.00
87641	10.40	52.00
87643	65.20	330.00
87646	10.50	52.00
87648	10.70	52.00
87650	10.40	52.00
87653	10.50	52.00
87655	65.70	52.00
87657	10.30	52.00
87659	10.40	52.00
87662	10.40	52.00
87664	11.00	56.00
87666	10.50	52.00
87669	10.40	52.00
87671	10.30	52.00
87673	10.50	52.00
87675	11.50	340.00
87678	10.50	52.00
87680	10.40	52.00
87682	10.40	56.00
87685	10.60	52.00
87687	63.10	322.00
87689	10.60	52.00
87691	10.00	50.00
87694	10.30	52.00
87696	10.40	52.00
87698	62.30	314.00
87701	10.50	52.00
87703	10.30	52.00
87705	10.50	52.00
87708	10.30	62.00
87710	58.70	52.00
87712	10.60	52.00
87714	10.40	52.00
87717	10.50	52.00
87719	12.80	66.00
87721	10.30	52.00
87724	10.40	52.00
87726	10.50	52.00
87728	10.40	52.00
87730	14.70	76.00
87733	10.30	52.00
87735	10.60	52.00
87737	10.60	52.00
87740	10.70	52.00
87742	15.90	262.00
87744	10.70	52.00
87746	10.40	52.00
87749	10.40	52.00
87751	10.20	52.00
87753	49.80	252.00
87756	10.40	52.00
87758	10.60	52.00
87760	10.80	56.00
87763	10.30	96.00
87765	48.10	52.00
87767	10.50	52.00
87769	10.40	52.00
87772	10.60	52.00
87774	19.80	102.00
87776	10.60	52.00
87779	10.50	52.00
87781	10.40	52.00
87783	10.50	52.00
87785	21.30	108.00
87788	10.40	52.00
87790	10.50	52.00
87792	10.70	52.00
87795	10.50	52.00
87797	24.40	184.00
87799	10.20	52.00
87801	10.20	52.00
87804	10.50	52.00
87806	10.40	52.00
87808	32.40	164.00
87811	10.30	52.00
87813	10.60	52.00
87815	10.20	52.00
87818	10.50	52.00
87820	24.60	124.00
87822	10.60	52.00
87824	10.60	52.00
87827	10.50	52.00
87829	10.30	190.00
87831	10.30	52.00
87834	10.50	52.00
87836	10.40	52.00
87838	10.50	52.00
87840	41.30	210.00
87843	10.40	52.00
87845	10.30	52.00
87847	10.50	52.00
87850	10.40	52.00
87852	45.10	102.00
87854	10.30	52.00
87856	10.50	52.00
87859	10.40	52.00
87861	10.40	52.00
87863	18.40	92.00
87866	10.20	52.00
87868	10.20	52.00
87870	10.50	52.00
87873	10.90	56.00
87875	17.50	88.00
87877	10.40	52.00
87879	10.40	52.00
87882	10.40	52.00
87884	10.50	272.00
87886	16.00	56.00
87889	10.20	52.00
87891	10.50	52.00
87893	10.50	52.00
87895	56.00	282.00
87898	10.30	52.00
87900	10.30	52.00
87902	10.40	52.00
87905	10.60	52.00
87907	57.80	292.00
87909	10.20	52.00
87911	10.40	52.00
87914	10.70	52.00
87916	10.20	56.00
87918	61.50	58.00
87921	10.50	52.00
87923	10.70	56.00
87925	10.40	52.00
87928	10.40	52.00
87930	10.60	52.00
87932	10.30	52.00
87934	10.40	52.00
87937	10.30	52.00
87939	10.40	334.00
87941	10.50	52.00
87944	10.60	52.00
87946	10.10	52.00
87948	10.40	52.00
87950	66.10	334.00
87953	10.50	52.00
87955	10.40	52.00
87957	10.20	52.00
87960	10.40	52.00
87962	65.10	330.00
87964	10.70	56.00
87966	10.50	52.00
87969	10.70	52.00
87971	10.60	52.00
87973	66.50	50.00
87976	10.50	52.00
87978	10.30	52.00
87980	10.20	52.00
87983	11.30	56.00
87985	10.30	52.00
87987	10.60	52.00
87989	10.40	52.00
87992	10.60	52.00
87994	11.40	58.00
87996	10.70	52.00
87999	10.40	52.00
88001	10.50	52.00
88003	10.30	52.00
88005	12.10	324.00
88008	10.50	52.00
88010	10.50	52.00
88012	10.60	52.00
88015	10.50	52.00
88017	61.90	314.00
88019	10.50	52.00
88021	10.20	52.00
88024	10.40	52.00
88026	10.40	62.00
88028	59.90	56.00
88031	10.40	52.00
88033	10.40	52.00
88035	10.20	52.00
88038	13.40	68.00
88040	10.40	52.00
88042	10.50	52.00
88044	10.50	52.00
88047	10.40	52.00
88049	15.10	76.00
88051	10.40	52.00
88054	10.70	52.00
88056	10.60	52.00
88058	10.70	52.00
88060	16.30	258.00
88063	10.60	52.00
88065	10.40	52.00
88067	10.60	52.00
88070	10.30	52.00
88072	48.30	246.00
88074	10.30	52.00
88076	10.60	52.00
88079	10.30	52.00
88081	10.20	52.00
88083	47.10	52.00
88086	10.40	52.00
88088	10.40	52.00
88090	10.40	52.00
88093	10.20	104.00
88095	10.60	52.00
88097	10.50	52.00
88099	10.60	52.00
88102	10.40	52.00
88104	22.60	114.00
88106	10.50	52.00
88109	10.40	52.00
88111	10.40	52.00
88113	10.20	52.00
88115	29.30	164.00
88118	10.60	52.00
88120	10.60	52.00
88122	10.20	52.00
88125	10.60	52.00
88127	26.30	134.00
88129	10.20	52.00
88131	10.30	52.00
88134	10.40	52.00
88136	10.40	52.00
88138	22.30	114.00
88141	10.40	52.00
88143	10.50	52.00
88145	10.40	52.00
88148	10.70	210.00
88150	21.30	52.00
88152	10.50	52.00
88154	10.50	52.00
88157	10.40	52.00
88159	44.30	222.00
88161	10.50	52.00
88164	10.40	52.00
88166	10.30	52.00
88168	10.40	52.00
88170	48.10	96.00
88173	10.50	52.00
88175	10.60	52.00
88177	10.50	52.00
88180	10.20	52.00
88182	17.50	88.00
88184	10.40	52.00
88186	10.20	52.00
88189	10.40	52.00
88191	10.20	52.00
88193	16.50	86.00
88196	10.20	52.00
88198	10.40	52.00
88200	10.20	52.00
88203	10.50	278.00
88205	14.90	52.00
88207	10.40	52.00
88209	10.30	52.00
88212	10.30	52.00
88214	57.30	288.00
88216	10.50	52.00
88219	10.50	52.00
88221	10.30	52.00
88223	10.50	52.00
88225	59.80	302.00
88228	10.20	52.00
88230	10.40	52.00
88232	10.60	52.00
88235	10.10	52.00
88237	62.70	56.00
88239	10.30	52.00
88241	10.20	52.00
88244	10.40	52.00
88246	10.50	52.00
88248	10.30	52.00
88251	10.60	52.00
88253	10.40	52.00
88255	10.80	56.00
88258	10.30	334.00
88260	9.90	52.00
88262	10.40	52.00
88264	10.20	52.00
88267	10.40	52.00
88269	65.60	330.00
88271	10.40	52.00
88274	10.60	52.00
88276	10.50	52.00
88278	10.30	52.00
88280	65.40	330.00
88283	10.40	52.00
88285	10.40	52.00
88287	10.50	52.00
88290	10.40	56.00
88292	67.70	52.00
88294	10.40	52.00
88296	10.40	52.00
88299	10.60	52.00
88301	11.50	58.00
88303	10.40	52.00
88306	10.30	52.00
88308	10.40	52.00
88310	10.50	52.00
88313	11.70	58.00
88315	10.60	52.00
88317	10.40	52.00
88319	10.40	52.00
88322	10.50	52.00
88324	12.20	314.00
88326	10.20	52.00
88329	10.30	52.00
88331	10.60	52.00
88333	10.40	52.00
88335	60.30	304.00
88338	10.60	52.00
88340	10.30	52.00
88342	10.20	52.00
88345	10.60	52.00
88347	57.90	52.00
88349	10.40	52.00
88351	10.50	52.00
88354	10.60	52.00
88356	14.60	72.00
88358	10.20	52.00
88361	10.30	52.00
88363	10.40	52.00
88365	10.50	52.00
88368	16.20	82.00
88370	10.30	52.00
88372	10.30	52.00
88374	10.60	52.00
88377	10.40	52.00
88379	17.70	250.00
88381	10.50	52.00
88384	10.50	52.00
88386	10.40	52.00
88388	10.40	52.00
88390	48.10	242.00
88393	10.30	52.00
88395	10.50	52.00
88397	10.50	52.00
88400	10.50	52.00
88402	44.70	226.00
88404	10.20	52.00
88406	10.70	52.00
88409	10.20	56.00
88411	10.50	112.00
88413	42.60	52.00
88416	10.40	52.00
88418	10.60	52.00
88420	10.50	52.00
88423	26.00	132.00
88425	10.40	52.00
88427	10.60	52.00
88429	10.30	52.00
88432	10.40	52.00
88434	32.30	150.00
88436	10.60	52.00
88439	10.30	52.00
88441	10.20	52.00
88443	10.20	52.00
88445	23.20	118.00
88448	10.60	52.00
88450	10.50	52.00
88452	10.20	52.00
88455	10.40	52.00
88457	21.90	112.00
88459	10.60	52.00
88461	10.60	52.00
88464	10.40	52.00
88466	10.50	220.00
88468	20.30	52.00
88471	10.30	52.00
88473	10.50	52.00
88475	10.50	52.00
88478	45.80	232.00
88480	10.40	52.00
88482	10.80	56.00
88484	10.50	52.00
88487	10.50	52.00
88489	50.00	252.00
88491	10.60	52.00
88494	10.50	52.00
88496	10.20	52.00
88498	10.30	52.00
88500	52.70	86.00
88503	10.50	52.00
88505	10.70	56.00
88507	10.60	52.00
88510	10.30	52.00
88512	15.60	78.00
88514	10.30	52.00
88516	10.50	52.00
88519	10.50	52.00
88521	10.30	286.00
88523	14.50	52.00
88526	10.60	52.00
88528	10.50	56.00
88530	10.20	52.00
88533	58.70	298.00
88535	10.40	52.00
88537	10.30	52.00
88539	10.00	50.00
88542	10.50	52.00
88544	61.50	312.00
88546	10.70	56.00
88549	10.40	52.00
88551	10.60	52.00
88553	10.50	52.00
88555	63.70	52.00
88558	10.40	52.00
88560	10.20	52.00
88562	10.40	52.00
88565	10.60	52.00
88567	9.90	50.00
88569	10.20	52.00
88571	10.60	52.00
88574	10.50	52.00
88576	10.40	52.00
88578	9.80	52.00
88581	10.40	52.00
88583	10.20	52.00
88585	10.50	52.00
88588	10.70	328.00
88590	10.40	52.00
88592	10.50	52.00
88594	10.60	52.00
88597	10.40	52.00
88599	67.20	340.00
88601	10.60	52.00
88604	10.40	52.00
88606	10.50	52.00
88608	10.50	58.00
88610	78.30	52.00
88613	10.60	52.00
88615	10.30	56.00
88617	10.30	52.00
88620	11.50	58.00
88622	10.50	52.00
88624	10.40	52.00
88626	10.20	52.00
88629	10.40	52.00
88631	11.90	58.00
88633	10.50	52.00
88636	10.50	52.00
88638	10.40	52.00
88640	10.50	52.00
88643	12.10	344.00
88645	10.50	52.00
88647	10.50	52.00
88649	10.60	52.00
88652	10.50	52.00
88654	65.30	330.00
88656	10.40	52.00
88659	10.40	52.00
88661	10.50	52.00
88663	10.40	52.00
88665	62.50	52.00
88668	10.40	52.00
88670	10.60	52.00
88672	10.30	52.00
88675	10.50	76.00
88677	10.50	52.00
88679	10.40	52.00
88681	10.00	50.00
88684	10.50	52.00
88686	17.00	86.00
88688	10.50	52.00
88691	10.30	52.00
88693	10.30	52.00
88695	10.10	56.00
88698	18.70	278.00
88700	10.40	52.00
88702	10.40	52.00
88704	10.40	52.00
88707	10.60	52.00
88709	43.30	220.00
88711	10.60	52.00
88714	10.40	52.00
88716	10.60	52.00
88718	10.30	52.00
88720	48.90	250.00
88723	10.40	52.00
88725	10.50	52.00
88727	10.30	52.00
88730	10.30	124.00
88732	45.00	52.00
88734	10.60	52.00
88736	10.40	52.00
88739	10.70	56.00
88741	29.20	148.00
88743	10.40	52.00
88746	10.40	52.00
88748	10.20	52.00
88750	10.40	52.00
88753	33.70	170.00
88755	10.50	56.00
88757	10.60	56.00
88759	10.30	52.00
88762	10.50	52.00
88764	31.60	160.00
88766	10.60	52.00
88769	10.10	52.00
88771	10.50	52.00
88773	10.50	52.00
88775	25.00	128.00
88778	10.60	52.00
88780	10.40	52.00
88782	10.50	52.00
88785	10.30	222.00
88787	22.30	52.00
88789	10.40	52.00
88791	10.40	52.00
88794	10.50	52.00
88796	47.80	242.00
88798	10.50	52.00
88801	10.30	52.00
88803	10.40	52.00
88805	10.50	52.00
88808	50.80	256.00
88810	10.50	52.00
88812	10.10	52.00
88814	10.50	52.00
88817	10.50	52.00
88819	53.80	82.00
88821	10.20	52.00
88824	10.10	52.00
88826	10.40	52.00
88828	10.40	52.00
88830	14.40	72.00
88833	10.60	52.00
88835	10.40	52.00
88837	10.40	52.00
88840	10.50	294.00
88842	13.40	52.00
88844	10.40	52.00
88846	10.60	52.00
88849	10.50	52.00
88851	60.70	308.00
88853	10.20	52.00
88856	10.50	52.00
88858	10.20	52.00
88860	10.50	52.00
88863	63.20	318.00
88865	10.40	52.00
88867	10.50	52.00
88869	10.50	52.00
88872	10.40	52.00
88874	65.50	52.00
88876	10.50	52.00
88879	10.40	52.00
88881	10.50	52.00
88883	10.50	52.00
88885	10.10	52.00
88888	10.20	52.00
88890	10.40	52.00
88892	10.60	52.00
88895	10.50	52.00
88897	10.40	52.00
88899	10.50	52.00
88901	10.40	52.00
88904	10.40	52.00
88906	10.80	334.00
88908	10.40	52.00
88911	10.80	56.00
88913	10.40	52.00
88915	10.40	52.00
88918	67.50	340.00
88920	10.40	52.00
88922	10.50	52.00
88924	10.40	52.00
88927	10.40	52.00
88929	66.50	56.00
88931	10.60	52.00
88934	10.50	52.00
88936	10.40	52.00
88938	12.30	62.00
88940	10.90	56.00
88943	10.60	52.00
88945	10.50	52.00
88947	10.70	56.00
88950	12.10	62.00
88952	10.50	52.00
88954	10.50	52.00
88956	10.40	52.00
88959	10.40	52.00
88961	12.70	288.00
88963	10.40	52.00
88966	10.50	52.00
88968	10.10	52.00
88970	10.40	52.00
88973	55.30	282.00
88975	10.50	52.00
88977	10.30	52.00
88979	10.20	52.00
88982	10.50	52.00
88984	53.20	268.00
88986	10.50	52.00
88989	10.50	52.00
88991	10.60	52.00
88993	10.60	88.00
88995	51.10	52.00
88998	10.70	56.00
89000	10.50	52.00
89002	10.20	52.00
89005	18.30	92.00
89007	10.40	52.00
89009	10.40	52.00
89011	10.50	52.00
89014	10.40	52.00
89016	19.70	236.00
89018	10.60	56.00
89021	10.50	52.00
89023	10.40	52.00
89025	10.30	52.00
89028	42.70	216.00
89030	10.50	52.00
89032	10.60	52.00
89034	10.50	52.00
89037	10.60	52.00
89039	41.00	206.00
89041	10.60	52.00
89044	10.50	52.00
89046	10.80	56.00
89048	10.40	140.00
89050	31.90	52.00
89053	10.70	52.00
89055	10.60	52.00
89057	10.50	52.00
89060	33.40	168.00
89062	10.40	52.00
89064	10.20	52.00
89066	10.30	52.00
89069	10.50	52.00
89071	37.60	190.00
89073	10.50	52.00
89076	10.60	52.00
89078	10.30	52.00
89080	10.30	52.00
89083	41.00	108.00
89085	10.30	52.00
89087	10.30	52.00
89089	10.40	52.00
89092	10.70	56.00
89094	19.90	102.00
89096	10.30	52.00
89099	10.30	52.00
89101	10.60	52.00
89103	10.50	240.00
89105	19.20	52.00
89108	10.20	52.00
89110	10.40	52.00
89112	10.50	52.00
89115	50.70	256.00
89117	10.40	52.00
89119	10.20	52.00
89121	10.30	52.00
89124	10.70	56.00
89126	53.30	268.00
89128	10.50	52.00
89131	10.60	52.00
89133	10.20	52.00
89135	10.40	52.00
89138	55.60	76.00
89140	18.70	82.00
89142	10.30	52.00
89144	10.50	52.00
89147	10.20	52.00
89149	13.90	72.00
89151	10.30	52.00
89154	10.20	52.00
89156	10.50	52.00
89158	10.60	52.00
89160	12.50	56.00
89163	10.50	52.00
89165	10.40	52.00
89167	10.60	52.00
89170	10.50	314.00
89172	10.40	52.00
89174	10.60	52.00
89176	10.50	52.00
89179	10.30	52.00
89181	63.60	322.00
89183	10.50	52.00
89186	10.40	52.00
89188	10.50	52.00
89190	10.40	52.00
89193	66.10	50.00
89195	10.40	52.00
89197	10.50	56.00
89199	10.50	52.00
89202	10.30	52.00
89204	10.40	52.00
89206	10.50	52.00
89209	10.60	52.00
89211	10.40	52.00
89213	10.50	52.00
89215	10.30	52.00
89218	10.40	52.00
89220	10.40	52.00
89222	10.10	52.00
89225	10.40	340.00
89227	10.30	52.00
89229	10.20	52.00
89231	10.50	52.00
89234	10.20	52.00
89236	67.90	344.00
89238	10.20	52.00
89241	10.60	52.00
89243	10.20	52.00
89245	10.40	52.00
89248	66.40	52.00
89250	10.30	52.00
89252	10.40	52.00
89254	10.40	52.00
89257	10.40	58.00
89259	10.80	56.00
89261	10.50	52.00
89264	10.50	52.00
89266	10.40	52.00
89268	12.00	62.00
89270	10.40	52.00
89273	10.40	52.00
89275	10.50	52.00
89277	10.40	52.00
89280	12.50	302.00
89282	10.20	52.00
89284	10.50	52.00
89286	10.50	52.00
89289	10.70	56.00
89291	55.80	282.00
89293	10.00	50.00
89296	10.40	52.00
89298	10.30	52.00
89300	10.40	52.00
89303	54.00	276.00
89305	10.40	52.00
89307	10.70	52.00
89309	10.70	52.00
89312	10.50	86.00
89314	50.50	52.00
89316	10.60	52.00
89319	10.40	52.00
89321	10.40	52.00
89323	17.30	88.00
89325	10.30	52.00
89328	10.40	52.00
89330	10.40	52.00
89332	10.50	52.00
89335	19.30	236.00
89337	10.10	52.00
89339	10.50	52.00
89341	10.40	52.00
89344	10.50	52.00
89346	44.40	226.00
89348	10.50	52.00
89351	10.50	52.00
89353	10.50	52.00
89355	10.20	52.00
89358	38.60	196.00
89360	10.40	52.00
89362	10.40	52.00
89364	10.50	52.00
89367	10.50	134.00
89369	34.80	52.00
89371	10.50	52.00
89374	10.10	52.00
89376	10.40	52.00
89378	33.60	170.00
89380	10.40	52.00
89383	10.20	52.00
89385	10.60	52.00
89387	10.40	52.00
89390	36.50	184.00
89392	10.50	52.00
89394	10.60	56.00
89396	10.50	52.00
89399	10.50	52.00
89401	39.10	108.00
89403	10.20	52.00
89406	10.50	52.00
89408	10.50	52.00
89410	10.70	56.00
89413	21.10	108.00
89415	10.40	52.00
89417	10.60	52.00
89419	10.40	52.00
89422	10.20	52.00
89424	18.60	52.00
89426	10.60	52.00
89429	10.40	52.00
89431	10.70	52.00
89433	49.50	250.00
89435	10.50	52.00
89438	10.50	52.00
89440	10.20	52.00
89442	10.40	52.00
89445	52.80	266.00
89447	10.30	52.00
89449	10.20	52.00
89451	10.40	52.00
89454	10.50	52.00
89456	55.00	78.00
89458	10.30	52.00
89461	10.40	52.00
89463	10.40	52.00
89465	10.50	52.00
89468	13.70	68.00
89470	10.20	52.00
89472	10.50	52.00
89474	10.40	52.00
89477	10.70	56.00
89479	12.70	66.00
89481	10.30	52.00
89484	10.50	52.00
89486	10.40	52.00
89488	10.40	312.00
89490	11.30	52.00
89493	10.20	52.00
89495	10.80	56.00
89497	10.50	52.00
89500	64.40	324.00
89502	10.50	52.00
89504	10.50	52.00
89506	10.30	52.00
89509	10.50	52.00
89511	65.90	52.00
89513	10.60	52.00
89516	10.40	52.00
89518	10.40	52.00
89520	10.50	52.00
89523	10.20	52.00
89525	10.60	52.00
89527	10.40	52.00
89529	10.20	52.00
89532	10.50	52.00
89534	10.20	52.00
89536	10.40	52.00
89539	10.60	52.00
89541	10.30	52.00
89543	10.80	340.00
89545	10.40	52.00
89548	10.60	56.00
89550	10.60	52.00
89552	10.40	52.00
89555	67.60	344.00
89557	10.40	52.00
89559	10.40	52.00
89561	10.60	52.00
89564	10.50	52.00
89566	66.60	338.00
89568	10.40	52.00
89571	10.80	52.00
89573	10.20	52.00
89575	10.20	58.00
89578	63.90	52.00
89580	10.30	52.00
89582	10.50	52.00
89584	10.30	52.00
89587	12.00	62.00
89589	10.70	56.00
89591	10.40	52.00
89594	10.50	52.00
89596	10.50	52.00
89598	12.40	298.00
89600	10.50	52.00
89603	10.30	52.00
89605	10.50	52.00
89607	10.40	52.00
89610	58.30	294.00
89612	10.70	56.00
89614	10.50	52.00
89616	10.50	52.00
89619	10.40	52.00
89621	54.70	278.00
89623	10.50	52.00
89626	10.50	52.00
89628	10.60	52.00
89630	10.60	78.00
89633	53.40	52.00
89635	10.30	52.00
89637	10.20	52.00
89639	10.20	52.00
89642	17.10	86.00
89644	10.20	52.00
89646	10.30	52.00
89649	10.40	52.00
89651	10.30	52.00
89653	18.30	92.00
89655	10.70	52.00
89658	10.60	52.00
89660	10.40	52.00
89662	10.40	52.00
89665	19.80	226.00
89667	10.40	52.00
89669	10.50	52.00
89671	10.40	52.00
89674	10.50	52.00
89676	43.10	220.00
89678	10.70	56.00
89681	10.40	52.00
89683	10.40	52.00
89685	10.20	118.00
89688	37.50	52.00
89690	10.50	52.00
89692	10.60	52.00
89694	10.10	52.00
89697	29.00	148.00
89699	10.30	52.00
89701	10.20	52.00
89704	10.70	56.00
89706	10.50	52.00
89708	34.40	174.00
89710	10.50	52.00
89713	10.50	52.00
89715	10.30	52.00
89717	10.60	52.00
89720	37.20	114.00
89722	10.60	52.00
89724	10.20	52.00
89726	10.30	52.00
89729	10.40	52.00
89731	21.20	108.00
89733	10.50	52.00
89736	10.50	52.00
89738	10.00	50.00
89740	10.20	52.00
89743	20.20	52.00
89745	10.30	56.00
89747	10.40	52.00
89749	10.10	52.00
89752	10.20	240.00
89754	10.40	52.00
89756	10.60	52.00
89759	10.40	52.00
89761	10.30	52.00
89763	51.60	262.00
89765	10.60	52.00
89768	10.30	52.00
89770	10.40	52.00
89772	10.40	52.00
89775	52.80	82.00
89777	10.30	52.00
89779	10.40	52.00
89781	10.40	52.00
89784	10.40	52.00
89786	14.80	76.00
89788	10.40	52.00
89791	10.60	52.00
89793	10.40	52.00
89795	10.50	52.00
89798	12.90	66.00
89800	10.40	52.00
89802	10.80	52.00
89804	10.50	52.00
89807	10.40	308.00
89809	12.00	52.00
89811	10.70	56.00
89814	10.40	52.00
89816	10.50	52.00
89818	62.50	314.00
89820	10.40	52.00
89823	10.40	52.00
89825	10.40	52.00
89827	10.80	56.00
89830	64.90	52.00
89832	10.10	52.00
89834	10.60	52.00
89836	10.50	52.00
89839	10.30	52.00
89841	10.00	50.00
89843	10.40	52.00
89846	10.20	52.00
89848	10.50	52.00
89850	10.60	52.00
89853	10.10	52.00
89855	10.20	52.00
89857	10.30	52.00
89859	10.40	52.00
89862	10.40	338.00
89864	10.50	52.00
89866	10.50	52.00
89869	10.30	52.00
89871	10.30	52.00
89873	67.70	344.00
89875	10.50	52.00
89878	10.70	56.00
89880	10.40	52.00
89882	10.20	52.00
89885	66.90	338.00
89887	10.50	52.00
89889	10.60	56.00
89891	10.50	52.00
89894	10.60	58.00
89896	65.30	52.00
89898	10.30	52.00
89901	10.50	52.00
89903	10.20	52.00
89905	12.20	62.00
89908	10.60	52.00
89910	10.50	52.00
89912	10.30	52.00
89914	10.60	52.00
89917	12.50	62.00
89919	10.80	52.00
89921	10.30	52.00
89924	10.50	52.00
89926	10.50	52.00
89928	57.20	292.00
89930	10.50	52.00
89933	10.60	52.00
89935	10.50	52.00
89937	10.30	52.00
89940	55.50	282.00
89942	10.50	52.00
89944	10.40	52.00
89946	10.50	56.00
89949	10.40	78.00
89951	51.80	52.00
89953	10.30	56.00
89956	10.20	52.00
89958	10.50	52.00
89960	17.20	88.00
89963	10.40	52.00
89965	10.50	52.00
89967	10.80	56.00
89969	10.30	52.00
89972	18.50	92.00
89974	10.70	56.00
89976	10.30	52.00
89979	10.30	52.00
89981	10.50	52.00
89983	19.40	236.00
89985	10.20	52.00
89988	10.20	52.00
89990	10.60	52.00
89992	10.40	52.00
89995	43.80	222.00
89997	10.40	52.00
89999	10.60	52.00
90001	10.30	52.00
90004	10.50	52.00
90006	37.60	52.00
90008	10.60	52.00
90011	10.60	52.00
90013	10.40	52.00
90015	10.50	150.00
90018	10.30	52.00
90020	10.70	56.00
90022	10.50	52.00
90024	10.30	52.00
90027	34.70	174.00
90029	10.50	52.00
90031	10.30	52.00
90034	10.60	52.00
90036	10.40	52.00
90038	36.50	114.00
90040	10.50	50.00
90043	10.30	52.00
90045	10.20	52.00
90047	10.20	52.00
90050	22.60	114.00
90052	10.50	52.00
90054	10.30	52.00
90056	10.50	52.00
90059	10.70	56.00
90061	20.70	104.00
90063	10.20	52.00
90066	10.50	52.00
90068	10.20	56.00
90070	10.40	236.00
90073	18.80	52.00
90075	10.40	52.00
90077	10.40	52.00
90079	10.20	52.00
90082	50.40	256.00
90084	10.50	52.00
90086	10.20	52.00
90089	10.30	52.00
90091	10.50	52.00
90093	53.10	86.00
90095	10.20	52.00
90098	10.30	52.00
90100	10.20	52.00
90102	10.50	52.00
90105	15.30	78.00
90107	10.30	52.00
90109	10.60	52.00
90111	10.50	52.00
90114	10.50	52.00
90116	14.20	72.00
90118	10.70	56.00
90121	10.50	52.00
90123	10.40	52.00
90125	10.60	302.00
90128	11.80	56.00
90130	10.30	52.00
90132	10.40	52.00
90134	10.40	52.00
90137	62.80	318.00
90139	10.30	52.00
90141	10.40	52.00
90144	10.50	52.00
90146	10.20	52.00
90148	65.10	328.00
90150	10.20	52.00
90153	10.50	52.00
90155	10.40	52.00
90157	10.20	52.00
90160	65.30	52.00
90162	10.40	52.00
90164	10.60	52.00
90166	10.40	52.00
90169	10.60	52.00
90171	10.10	52.00
90173	10.50	52.00
90176	10.30	52.00
90178	10.60	52.00
90180	10.40	338.00
90183	10.10	52.00
90185	10.30	52.00
90187	10.60	52.00
90189	10.30	52.00
90192	67.80	344.00
90194	10.30	52.00
90196	10.20	52.00
90199	10.20	52.00
90201	10.50	52.00
90203	66.80	338.00
90205	10.50	52.00
90208	10.50	52.00
90210	10.40	52.00
90212	10.50	62.00
90215	63.00	52.00
90217	10.40	52.00
90219	10.40	52.00
90221	10.40	52.00
90224	12.30	62.00
90226	10.70	56.00
90228	10.40	52.00
90231	10.40	52.00
90233	10.60	52.00
90235	12.40	62.00
90238	10.70	52.00
90240	10.20	52.00
90242	10.50	52.00
90244	10.50	52.00
90247	13.00	292.00
90249	10.70	56.00
90251	10.30	52.00
90254	10.10	52.00
90256	10.50	52.00
90258	53.80	272.00
90260	10.40	52.00
90263	10.40	52.00
90265	10.60	52.00
90267	10.60	82.00
90270	52.10	52.00
90272	10.50	52.00
90274	10.60	56.00
90276	10.50	52.00
90279	18.10	92.00
90281	10.50	52.00
90283	10.40	52.00
90286	10.40	52.00
90288	10.40	52.00
90290	19.30	98.00
90293	10.50	52.00
90295	10.60	52.00
90297	10.60	52.00
90299	10.40	52.00
90302	20.90	216.00
90304	10.40	52.00
90306	10.50	52.00
90309	10.30	52.00
90311	10.70	56.00
90313	40.30	204.00
90315	10.40	52.00
90318	10.50	52.00
90320	10.50	52.00
90322	10.50	52.00
90325	31.60	52.00
90327	10.20	52.00
90329	10.70	52.00
90331	10.60	52.00
90334	10.30	168.00
90336	10.40	52.00
90338	10.30	52.00
90341	10.50	52.00
90343	10.20	52.00
90345	37.10	186.00
90348	10.50	52.00
90350	10.20	52.00
90352	10.60	52.00
90354	10.50	52.00
90357	39.40	112.00
90359	10.30	52.00
90361	10.40	52.00
90364	10.40	52.00
90366	10.70	56.00
90368	20.60	104.00
90370	10.60	52.00
90373	10.50	52.00
90375	10.50	52.00
90377	10.50	52.00
90380	19.10	98.00
90382	10.40	52.00
90384	10.60	52.00
90386	10.80	52.00
90389	10.70	246.00
90391	17.80	52.00
90393	10.50	52.00
90396	10.40	52.00
90398	10.30	52.00
90400	52.90	266.00
90403	10.70	56.00
90405	10.30	52.00
90407	10.60	52.00
90409	10.50	52.00
90412	54.50	78.00
90414	10.40	52.00
90416	10.50	52.00
90419	10.50	52.00
90421	10.40	52.00
90423	14.30	72.00
90425	10.60	52.00
90428	10.60	52.00
90430	10.60	52.00
90432	10.40	52.00
90435	12.40	62.00
90437	10.60	52.00
90439	10.40	52.00
90441	10.20	52.00
90444	10.60	312.00
90446	11.50	52.00
90448	10.30	52.00
90451	10.40	52.00
90453	10.60	52.00
90455	64.00	324.00
90458	10.30	52.00
90460	10.60	52.00
90462	10.60	52.00
90464	10.60	52.00
90467	66.60	338.00
90469	10.50	52.00
90471	10.70	52.00
90474	10.10	52.00
90476	10.60	52.00
90478	65.30	52.00
90480	10.50	52.00
90483	10.40	52.00
90485	10.40	52.00
90487	10.40	52.00
90490	10.40	52.00
90492	10.80	56.00
90494	10.40	52.00
90496	10.50	52.00
90499	10.70	56.00
90501	10.60	52.00
90503	10.40	52.00
90506	10.10	52.00
90508	10.20	52.00
90510	11.20	340.00
90513	10.40	52.00
90515	10.60	52.00
90517	10.60	52.00
90519	10.30	52.00
90522	64.90	328.00
90524	10.50	52.00
90526	10.50	52.00
90529	10.30	52.00
90531	10.50	62.00
90533	64.30	52.00
90535	10.20	52.00
90538	10.40	52.00
90540	10.50	52.00
90542	12.30	62.00
90545	10.40	52.00
90547	10.30	52.00
90549	10.20	52.00
90551	10.40	52.00
90554	12.30	62.00
90556	10.40	52.00
90558	10.40	52.00
90561	10.30	52.00
90563	10.50	52.00
90565	13.30	288.00
90568	10.40	56.00
90570	10.10	52.00
90572	10.70	56.00
90574	10.40	52.00
90577	54.00	276.00
90579	10.50	52.00
90581	10.30	52.00
90584	10.40	52.00
90586	10.20	52.00
90588	50.60	52.00
90590	10.50	52.00
90593	10.40	52.00
90595	10.40	52.00
90597	10.50	92.00
90600	10.40	52.00
90602	10.20	52.00
90604	10.50	52.00
90606	10.40	52.00
90609	19.30	98.00
90611	10.30	52.00
90613	10.10	52.00
90616	10.40	52.00
90618	10.60	52.00
90620	20.90	222.00
90623	10.50	52.00
90625	10.40	52.00
90627	10.10	52.00
90629	10.60	52.00
90632	36.90	186.00
90634	10.40	52.00
90636	10.50	52.00
90639	10.40	52.00
90641	10.40	52.00
90643	33.20	168.00
90645	10.20	52.00
90648	10.60	52.00
90650	10.50	52.00
90652	10.60	170.00
90655	25.80	52.00
90657	10.30	52.00
90659	10.20	52.00
90661	10.10	52.00
90664	37.50	190.00
90666	10.40	52.00
90668	10.20	52.00
90671	10.50	52.00
90673	10.20	52.00
90675	40.50	104.00
90678	10.20	52.00
90680	10.40	52.00
90682	10.80	52.00
90684	10.60	52.00
90687	20.10	102.00
90689	10.60	52.00
90691	10.40	52.00
90694	10.40	52.00
90696	10.50	52.00
90698	18.30	92.00
90700	10.30	52.00
90703	10.40	52.00
90705	10.70	52.00
90707	10.60	262.00
90710	17.00	52.00
90712	10.80	52.00
90714	10.40	52.00
90716	10.40	52.00
90719	53.70	272.00
90721	10.20	52.00
90723	10.30	52.00
90726	10.50	52.00
90728	10.30	52.00
90730	55.80	282.00
90733	10.30	52.00
90735	10.50	52.00
90737	10.50	52.00
90739	10.40	52.00
90742	57.60	68.00
90744	10.40	52.00
90746	10.40	52.00
90749	10.50	52.00
90751	10.50	52.00
90753	12.20	62.00
90755	10.50	52.00
90758	10.30	52.00
90760	10.40	52.00
90762	10.40	314.00
90765	10.60	52.00
90767	10.60	52.00
90769	10.40	52.00
90771	10.60	52.00
90774	66.00	334.00
90776	10.40	52.00
90778	10.30	52.00
90781	10.10	52.00
90783	10.60	52.00
90785	66.70	338.00
90788	10.20	52.00
90790	10.60	52.00
90792	10.30	52.00
90794	10.50	56.00
90797	65.40	52.00
90799	10.60	52.00
90801	10.20	52.00
90804	10.50	52.00
90806	10.70	56.00
90808	10.20	52.00
90810	10.60	52.00
90813	10.30	52.00
90815	10.20	52.00
90817	11.00	56.00
90820	10.40	52.00
90822	10.50	52.00
90824	10.40	52.00
90826	10.40	52.00
90829	11.60	330.00
90831	10.40	52.00
90833	10.40	52.00
90836	10.80	56.00
90838	10.50	52.00
90840	63.20	322.00
90843	10.50	52.00
90845	10.50	52.00
90847	10.20	52.00
90849	10.40	62.00
90852	60.10	56.00
90854	10.50	52.00
90856	10.50	52.00
90859	10.60	52.00
90861	12.70	66.00
90863	10.50	52.00
90865	10.50	52.00
90868	10.60	52.00
90870	10.40	52.00
90872	13.70	68.00
90875	10.20	52.00
90877	10.50	52.00
90879	10.40	52.00
90881	10.70	52.00
90884	15.50	272.00
90886	10.20	52.00
90888	10.50	52.00
90891	10.30	52.00
90893	10.40	52.00
90895	50.30	256.00
90898	10.50	52.00
90900	10.30	52.00
90902	10.50	52.00
90904	10.10	52.00
90907	49.20	52.00
90909	10.50	52.00
90911	10.50	52.00
90914	10.40	52.00
90916	10.60	102.00
90918	10.50	52.00
90920	10.40	52.00
90923	10.40	52.00
90925	10.20	52.00
90927	20.90	104.00
90930	10.40	52.00
90932	10.40	52.00
90934	10.30	52.00
90936	10.40	52.00
90939	23.10	186.00
90941	10.40	52.00
90943	10.50	52.00
90946	10.30	52.00
90948	10.80	56.00
90950	33.90	170.00
90953	10.30	52.00
90955	10.60	52.00
90957	10.60	52.00
90959	10.40	52.00
90962	26.20	134.00
90964	10.50	52.00
90966	10.40	52.00
90969	10.40	52.00
90971	10.60	184.00
90973	23.30	52.00
90975	10.30	52.00
90978	10.40	52.00
90980	10.60	52.00
90982	39.60	200.00
90985	10.60	52.00
90987	10.50	52.00
90989	10.70	56.00
90991	10.50	52.00
90994	43.10	216.00
90996	10.50	52.00
90998	10.70	52.00
91001	10.50	52.00
91003	10.20	52.00
91005	18.80	96.00
91008	10.50	52.00
91010	10.20	52.00
91012	10.20	52.00
91014	10.40	52.00
91017	17.80	92.00
91019	10.50	52.00
91021	10.40	52.00
91024	10.40	52.00
91026	10.40	266.00
91028	16.80	52.00
91030	10.10	52.00
91033	10.00	52.00
91035	10.20	52.00
91037	54.70	276.00
91040	10.50	52.00
91042	10.30	52.00
91044	10.50	52.00
91046	10.40	52.00
91049	56.00	282.00
91051	10.30	52.00
91053	10.60	52.00
91056	10.50	52.00
91058	10.40	52.00
91060	58.70	66.00
91063	10.50	52.00
91065	10.60	52.00
91067	10.50	52.00
91069	10.90	56.00
91072	11.60	58.00
91074	10.30	52.00
91076	10.30	52.00
91079	10.40	52.00
91081	10.40	318.00
91083	10.80	52.00
91085	10.30	52.00
91088	10.20	52.00
91090	10.30	52.00
91092	10.70	328.00
91095	10.60	52.00
91097	10.20	52.00
91099	10.60	52.00
91101	10.60	52.00
91104	66.10	334.00
91106	10.50	52.00
91108	10.70	56.00
91111	10.40	52.00
91113	10.50	52.00
91115	65.50	52.00
91118	10.50	52.00
91120	10.20	52.00
91122	10.70	56.00
91124	10.40	52.00
91127	10.20	52.00
91129	10.40	52.00
91131	10.60	52.00
91134	10.40	52.00
91136	11.20	56.00
91138	10.60	52.00
91140	10.60	52.00
91143	10.40	52.00
91145	10.10	52.00
91147	11.50	340.00
91150	10.60	52.00
91152	10.40	52.00
91154	10.40	52.00
91156	10.30	52.00
91159	62.90	318.00
91161	10.60	52.00
91163	10.50	52.00
91166	10.60	52.00
91168	10.20	52.00
91170	61.80	52.00
91173	10.20	52.00
91175	10.10	52.00
91177	10.60	52.00
91179	10.20	62.00
91182	10.50	52.00
91184	10.60	52.00
91186	10.30	52.00
91189	10.70	56.00
91191	13.00	66.00
91193	10.40	52.00
91195	10.70	56.00
91198	10.70	52.00
91200	10.20	52.00
91202	15.10	268.00
91205	10.40	52.00
91207	10.40	52.00
91209	10.80	56.00
91211	10.60	52.00
91214	51.70	262.00
91216	10.30	52.00
91218	10.40	52.00
91221	10.50	52.00
91223	10.60	52.00
91225	50.20	256.00
91228	10.70	52.00
91230	10.50	52.00
91232	10.40	56.00
91234	10.60	96.00
91237	48.70	56.00
91239	10.20	52.00
91241	10.30	52.00
91244	10.60	52.00
91246	20.10	102.00
91248	10.20	52.00
91250	10.60	52.00
91253	10.60	52.00
91255	10.50	52.00
91257	22.10	206.00
91260	10.20	52.00
91262	10.30	52.00
91264	10.40	52.00
91266	10.50	52.00
91269	33.50	170.00
91271	10.20	52.00
91273	10.40	52.00
91276	10.60	52.00
91278	10.40	52.00
91280	29.80	150.00
91283	10.50	52.00
91285	10.50	52.00
91287	10.50	52.00
91289	10.40	176.00
91292	23.90	52.00
91294	10.40	52.00
91296	10.50	52.00
91299	10.20	52.00
91301	38.70	196.00
91303	10.20	52.00
91305	10.40	52.00
91308	10.40	52.00
91310	10.40	52.00
91312	42.20	212.00
91315	10.50	52.00
91317	10.30	52.00
91319	10.20	52.00
91321	10.30	52.00
91324	44.60	102.00
91326	10.30	52.00
91328	10.40	52.00
91331	10.60	52.00
91333	10.40	52.00
91335	18.00	92.00
91338	10.50	52.00
91340	10.40	52.00
91342	10.50	52.00
91344	10.70	262.00
91347	17.20	52.00
91349	10.70	52.00
91351	10.60	52.00
91354	10.40	52.00
91356	53.10	268.00
91358	10.40	52.00
91360	10.40	52.00
91363	10.50	52.00
91365	10.30	52.00
91367	56.40	286.00
91370	10.40	52.00
91372	10.20	52.00
91374	10.20	52.00
91376	10.50	56.00
91379	58.20	66.00
91381	10.40	52.00
91383	10.60	52.00
91386	10.40	52.00
91388	10.40	52.00
91390	12.10	62.00
91393	10.50	52.00
91395	10.50	52.00
91397	10.50	52.00
91399	10.60	52.00
91402	10.70	52.00
91404	10.10	52.00
91406	10.60	52.00
91409	10.50	52.00
91411	10.50	334.00
91413	10.40	52.00
91415	10.20	52.00
91418	10.20	52.00
91420	10.30	52.00
91422	65.80	334.00
91425	10.50	52.00
91427	10.20	52.00
91429	10.40	52.00
91431	10.20	52.00
91434	65.30	52.00
91436	10.40	52.00
91438	10.40	52.00
91441	10.40	52.00
91443	10.60	52.00
91445	10.40	52.00
91448	10.60	52.00
91450	10.30	52.00
91452	10.50	52.00
91454	11.10	56.00
91457	10.30	52.00
91459	10.50	52.00
91461	10.50	52.00
91464	10.60	52.00
91466	11.80	338.00
91468	10.60	52.00
91470	10.40	52.00
91473	10.30	52.00
91475	10.50	52.00
91477	64.30	324.00
91480	10.70	56.00
91482	10.50	52.00
91484	10.10	52.00
91486	10.40	52.00
91489	60.80	308.00
91491	10.80	52.00
91493	10.40	52.00
91496	10.50	52.00
91498	10.40	62.00
91500	10.50	52.00
91503	10.40	52.00
91505	10.40	52.00
91507	10.50	52.00
91509	13.10	66.00
91512	10.20	52.00
91514	10.30	52.00
91516	10.50	52.00
91519	10.50	52.00
91521	15.00	276.00
91523	10.40	52.00
91525	10.50	52.00
91528	10.70	52.00
91530	10.40	52.00
91532	51.30	258.00
91535	10.50	52.00
91537	10.40	52.00
91539	10.30	52.00
91541	10.20	52.00
91544	49.20	250.00
91546	10.00	50.00
91548	10.50	52.00
91551	10.50	52.00
91553	10.30	98.00
91555	45.70	52.00
91558	10.30	52.00
91560	10.40	52.00
91562	10.30	52.00
91564	21.10	108.00
91567	10.50	52.00
91569	10.60	52.00
91571	10.40	52.00
91574	10.30	52.00
91576	22.10	196.00
91578	10.50	52.00
91580	10.10	52.00
91583	10.50	52.00
91585	10.50	52.00
91587	26.30	180.00
91590	10.20	52.00
91592	10.70	56.00
91594	10.60	52.00
91596	10.50	52.00
91599	28.30	144.00
91601	10.50	52.00
91603	10.40	52.00
91606	10.50	52.00
91608	10.50	176.00
91610	25.70	52.00
91613	10.20	52.00
91615	10.70	52.00
91617	10.50	52.00
91619	38.90	196.00
91622	10.20	52.00
91624	10.50	52.00
91626	10.40	52.00
91629	10.50	52.00
91631	42.60	216.00
91633	10.40	52.00
91635	10.30	52.00
91638	10.30	52.00
91640	10.70	52.00
91642	45.20	98.00
91645	10.40	52.00
91647	10.50	52.00
91649	10.30	52.00
91651	10.30	52.00
91654	17.90	92.00
91656	10.70	56.00
91658	10.60	52.00
91661	10.20	52.00
91663	10.40	52.00
91665	16.00	52.00
91668	10.40	52.00
91670	10.50	52.00
91672	10.60	52.00
91674	10.30	276.00
91677	10.40	52.00
91679	10.30	52.00
91681	10.40	52.00
91684	10.40	52.00
91686	57.10	288.00
91688	10.60	52.00
91690	10.50	52.00
91693	10.40	50.00
91695	10.50	52.00
91697	59.40	66.00
91700	10.60	52.00
91702	10.50	52.00
91704	10.50	52.00
91706	10.50	52.00
91709	10.90	56.00
91711	10.50	52.00
91713	10.40	52.00
91716	10.20	52.00
91718	10.60	52.00
91720	10.40	52.00
91723	10.30	52.00
91725	10.40	52.00
91727	10.40	52.00
91729	10.60	334.00
91732	10.00	52.00
91734	10.40	52.00
91736	10.50	52.00
91739	10.40	52.00
91741	65.60	330.00
91743	10.20	52.00
91745	10.20	52.00
91748	10.40	52.00
91750	10.30	52.00
91752	66.50	52.00
91755	10.40	52.00
91757	10.40	52.00
91759	10.50	52.00
91761	10.50	52.00
91764	10.20	52.00
91766	10.50	52.00
91768	10.30	52.00
91771	10.20	52.00
91773	11.00	56.00
91775	10.40	52.00
91778	10.60	52.00
91780	10.40	52.00
91782	10.10	52.00
91784	11.40	338.00
91787	10.70	52.00
91789	10.50	52.00
91791	10.20	52.00
91794	10.40	52.00
91796	63.00	318.00
91798	10.50	52.00
91800	10.20	52.00
91803	10.50	52.00
91805	10.20	52.00
91807	61.40	312.00
91810	10.20	52.00
91812	10.60	56.00
91814	10.90	52.00
91816	10.40	62.00
91819	58.00	52.00
91821	10.30	52.00
91823	10.60	52.00
91826	10.50	52.00
91828	13.70	68.00
91830	10.30	52.00
91833	10.80	56.00
91835	10.40	52.00
91837	10.50	52.00
91839	15.40	266.00
91842	10.40	52.00
91844	10.70	52.00
91846	10.60	52.00
91849	10.20	52.00
91851	51.90	262.00
91853	10.20	52.00
91855	10.50	52.00
91858	10.30	52.00
91860	10.60	52.00
91862	48.00	242.00
91865	10.30	52.00
91867	10.40	52.00
91869	10.40	52.00
91871	10.30	98.00
91874	46.60	52.00
91876	10.50	52.00
91878	10.50	52.00
91881	10.50	52.00
91883	21.00	104.00
91885	10.50	52.00
91888	10.50	52.00
91890	10.30	52.00
91892	10.30	52.00
91894	22.40	112.00
91897	10.60	52.00
91899	10.40	52.00
91901	10.50	52.00
91904	10.50	52.00
91906	26.50	168.00
91908	10.50	52.00
91910	10.50	52.00
91913	10.70	56.00
91915	10.60	52.00
91917	27.40	138.00
91920	10.50	52.00
91922	10.60	52.00
91924	10.60	52.00
91926	10.40	184.00
91929	22.50	52.00
91931	10.60	52.00
91933	10.40	52.00
91936	10.30	52.00
91938	40.50	204.00
91940	10.70	56.00
91943	10.50	52.00
91945	10.40	52.00
91947	10.60	52.00
91949	44.50	226.00
91952	10.50	52.00
91954	10.60	52.00
91956	10.40	52.00
91959	10.40	52.00
91961	47.70	96.00
91963	10.20	52.00
91965	10.60	52.00
91968	10.20	52.00
91970	10.40	52.00
91972	17.10	86.00
91975	10.50	52.00
91977	10.40	52.00
91979	10.50	52.00
91981	10.60	52.00
91984	16.40	82.00
91986	10.20	52.00
91988	10.50	52.00
91991	10.50	52.00
91993	10.60	278.00
91995	10.30	52.00
91998	10.50	52.00
92000	10.70	56.00
92002	10.30	52.00
92004	57.40	288.00
92007	10.20	52.00
92009	10.50	52.00
92011	10.60	52.00
92014	10.40	52.00
92016	59.40	62.00
92018	10.20	52.00
92020	10.40	52.00
92023	10.20	52.00
92025	10.40	52.00
92027	11.30	56.00
92030	10.20	52.00
92032	10.60	52.00
92034	10.20	52.00
92036	10.10	52.00
92039	10.40	52.00
92041	10.20	52.00
92043	10.40	52.00
92046	10.70	52.00
92048	10.50	334.00
92050	10.00	52.00
92053	10.30	52.00
92055	10.40	52.00
92057	10.50	52.00
92059	65.10	330.00
92062	10.70	56.00
92064	10.40	52.00
92066	10.50	52.00
92069	10.50	52.00
92071	66.00	52.00
92073	10.60	52.00
92075	10.50	52.00
92078	10.40	52.00
92080	10.40	52.00
92082	66.20	52.00
92085	10.20	52.00
92087	10.20	52.00
92089	10.60	52.00
92091	10.90	56.00
92094	10.50	52.00
92096	10.50	52.00
92098	10.40	52.00
92101	10.70	52.00
92103	11.60	338.00
92105	10.70	52.00
92108	10.60	52.00
92110	10.70	50.00
92112	10.40	52.00
92114	64.30	324.00
92117	10.20	52.00
92119	10.40	52.00
92121	10.30	52.00
92124	10.20	52.00
92126	61.50	312.00
92128	10.40	52.00
92130	10.50	52.00
92133	10.30	52.00
92135	10.70	62.00
92137	60.60	52.00
92140	10.40	52.00
92142	10.60	52.00
92144	10.20	52.00
92146	12.80	66.00
92149	10.10	52.00
92151	10.50	52.00
92153	10.20	52.00
92156	10.60	52.00
92158	14.50	72.00
92160	10.50	52.00
92163	10.20	50.00
92165	10.60	52.00
92167	10.50	56.00
92169	16.30	258.00
92172	10.30	52.00
92174	10.60	52.00
92176	10.50	52.00
92179	10.60	52.00
92181	49.90	252.00
92183	10.40	52.00
92185	10.70	56.00
92188	10.40	52.00
92190	10.20	98.00
92192	46.10	52.00
92195	10.50	56.00
92197	10.40	52.00
92199	10.20	52.00
92201	20.60	104.00
92204	10.30	52.00
92206	10.50	52.00
92208	10.50	52.00
92211	10.40	52.00
92213	21.40	108.00
92215	10.60	52.00
92218	10.10	52.00
92220	10.10	52.00
92222	10.50	52.00
92224	24.20	194.00
92227	10.40	52.00
92229	10.40	52.00
92231	10.40	52.00
92234	10.30	52.00
92236	28.80	148.00
92238	10.50	52.00
92240	10.50	52.00
92243	10.40	52.00
92245	10.50	52.00
92247	24.80	52.00
92250	10.40	52.00
92252	10.50	56.00
92254	10.60	52.00
92256	10.40	194.00
92259	10.20	52.00
92261	10.30	52.00
92263	10.40	52.00
92266	10.40	52.00
92268	42.00	212.00
92270	10.20	52.00
92273	10.10	52.00
92275	10.20	52.00
92277	10.60	52.00
92279	46.00	98.00
92282	10.60	52.00
92284	10.80	52.00
92286	10.50	52.00
92289	10.10	52.00
92291	18.30	92.00
92293	10.50	52.00
92295	10.40	52.00
92298	10.60	52.00
92300	10.40	52.00
92302	16.70	86.00
92305	10.50	52.00
92307	10.70	52.00
92309	10.70	52.00
92311	10.40	276.00
92314	15.90	52.00
92316	10.40	52.00
92318	10.40	52.00
92321	10.50	52.00
92323	56.40	286.00
92325	10.30	52.00
92328	10.60	52.00
92330	10.70	56.00
92332	10.50	52.00
92334	58.90	66.00
92337	10.60	52.00
92339	10.60	52.00
92341	10.50	52.00
92344	10.30	52.00
92346	11.40	58.00
92348	10.40	52.00
92350	10.60	52.00
92353	10.50	52.00
92355	10.30	52.00
92357	11.00	56.00
92360	10.40	52.00
92362	10.60	52.00
92364	10.40	52.00
92366	10.50	330.00
92369	10.00	52.00
92371	10.30	52.00
92373	10.40	52.00
92376	10.50	52.00
92378	65.40	330.00
92380	10.50	52.00
92383	10.40	52.00
92385	10.10	52.00
92387	10.60	52.00
92389	66.20	334.00
92392	10.50	52.00
92394	10.50	52.00
92396	10.60	52.00
92399	10.30	56.00
92401	67.30	52.00
92403	10.50	52.00
92405	10.20	52.00
92408	10.50	52.00
92410	11.20	56.00
92412	10.40	52.00
92415	10.30	52.00
92417	10.40	52.00
92419	10.60	52.00
92421	11.70	338.00
92424	10.50	52.00
92426	10.40	52.00
92428	10.40	56.00
92431	10.30	52.00
92433	62.20	314.00
92435	10.60	52.00
92438	10.40	52.00
92440	10.50	52.00
92442	10.40	52.00
92444	61.50	312.00
92447	10.30	52.00
92449	10.60	52.00
92451	10.20	52.00
92454	10.30	62.00
92456	57.80	52.00
92458	10.40	52.00
92460	10.50	52.00
92463	10.70	56.00
92465	13.00	66.00
92467	10.30	52.00
92470	10.50	52.00
92472	10.60	52.00
92474	10.40	52.00
92476	15.30	78.00
92479	10.50	52.00
92481	10.20	52.00
92483	10.40	52.00
92486	10.00	52.00
92488	17.00	262.00
92490	10.30	52.00
92493	10.50	52.00
92495	10.60	52.00
92497	10.20	52.00
92499	47.90	242.00
92502	10.40	52.00
92504	10.70	56.00
92506	10.20	52.00
92509	10.50	98.00
92511	46.20	52.00
92513	10.40	52.00
92515	10.40	52.00
92518	10.30	52.00
92520	21.30	108.00
92522	10.40	52.00
92525	10.40	52.00
92527	10.50	52.00
92529	10.20	52.00
92531	22.50	114.00
92534	10.10	52.00
92536	10.50	52.00
92538	10.70	52.00
92541	10.20	56.00
92543	26.90	164.00
92545	10.50	52.00
92548	10.20	52.00
92550	10.50	52.00
92552	10.50	52.00
92554	27.70	140.00
92557	10.40	52.00
92559	10.50	52.00
92561	10.20	52.00
92564	10.30	52.00
92566	22.50	52.00
92568	10.30	56.00
92570	10.30	52.00
92573	10.40	52.00
92575	10.50	204.00
92577	10.40	52.00
92580	10.60	52.00
92582	10.50	52.00
92584	10.70	56.00
92586	43.50	220.00
92589	10.60	52.00
92591	10.50	52.00
92593	10.40	52.00
92596	10.30	52.00
92598	48.00	96.00
92600	10.10	52.00
92603	10.60	52.00
92605	10.50	52.00
92607	10.50	52.00
92609	17.30	88.00
92612	10.70	56.00
92614	10.40	52.00
92616	10.60	52.00
92619	10.40	52.00
92621	16.30	82.00
92623	10.50	52.00
92625	10.40	52.00
92628	10.60	52.00
92630	10.30	282.00
92632	14.70	52.00
92635	10.40	52.00
92637	10.60	52.00
92639	10.20	52.00
92641	58.00	292.00
92644	10.20	52.00
92646	10.30	52.00
92648	10.50	52.00
92651	10.40	52.00
92653	59.90	302.00
92655	10.50	52.00
92658	10.60	52.00
92660	10.60	52.00
92662	10.20	52.00
92664	62.80	56.00
92667	10.70	56.00
92669	10.50	52.00
92671	10.50	52.00
92674	10.60	52.00
92676	10.00	50.00
92678	10.50	52.00
92680	10.20	52.00
92683	10.30	52.00
92685	10.40	334.00
92687	9.90	52.00
92690	10.50	52.00
92692	10.80	52.00
92694	10.60	52.00
92696	65.60	330.00
92699	10.70	56.00
92701	10.30	52.00
92703	10.50	52.00
92706	10.10	52.00
92708	66.00	334.00
92710	10.40	52.00
92713	10.30	52.00
92715	10.60	52.00
92717	10.50	56.00
92719	68.50	52.00
92722	10.50	52.00
92724	10.50	52.00
92726	10.50	52.00
92729	11.50	58.00
92731	10.70	56.00
92733	10.30	52.00
92735	10.20	52.00
92738	10.40	52.00
92740	11.70	58.00
92742	10.70	56.00
92745	10.40	52.00
92747	10.50	52.00
92749	10.50	52.00
92751	12.10	322.00
92754	10.50	52.00
92756	10.60	52.00
92758	10.60	52.00
92761	10.60	52.00
92763	59.90	304.00
92765	10.70	56.00
92768	10.40	52.00
92770	10.60	52.00
92772	10.50	66.00
92774	57.70	52.00
92777	10.50	52.00
92779	10.40	52.00
92781	10.50	52.00
92784	13.40	68.00
92786	10.40	52.00
92788	10.30	52.00
92790	10.60	52.00
92793	10.50	52.00
92795	15.60	78.00
92797	10.20	52.00
92800	10.70	52.00
92802	10.40	52.00
92804	10.30	52.00
92806	16.60	256.00
92809	10.20	52.00
92811	10.50	52.00
92813	10.30	52.00
92816	10.30	52.00
92818	49.10	250.00
92820	10.40	52.00
92823	10.50	52.00
92825	10.70	56.00
92827	10.20	52.00
92829	46.10	52.00
92832	10.10	52.00
92834	10.50	52.00
92836	10.30	56.00
92839	10.50	104.00
92841	10.20	52.00
92843	10.30	52.00
92845	10.40	52.00
92848	10.50	52.00
92850	22.80	114.00
92852	10.40	52.00
92855	10.50	52.00
92857	10.40	52.00
92859	10.40	52.00
92861	29.10	164.00
92864	10.50	52.00
92866	10.60	52.00
92868	10.00	52.00
92871	10.20	52.00
92873	26.30	134.00
92875	10.40	52.00
92878	10.60	52.00
92880	10.40	52.00
92882	10.60	52.00
92884	22.90	114.00
92887	10.40	52.00
92889	10.40	52.00
92891	10.30	56.00
92894	10.70	200.00
92896	20.80	52.00
92898	10.50	52.00
92900	10.30	52.00
92903	10.50	52.00
92905	45.10	226.00
92907	10.40	52.00
92910	10.50	52.00
92912	10.50	52.00
92914	10.40	52.00
92916	48.10	92.00
92919	10.30	52.00
92921	10.50	52.00
92923	10.40	52.00
92926	10.50	52.00
92928	17.40	88.00
92930	10.40	52.00
92933	10.30	52.00
92935	10.40	52.00
92937	10.20	52.00
92939	15.60	78.00
92942	10.40	52.00
92944	10.40	52.00
92946	10.30	52.00
92949	10.40	282.00
92951	14.90	52.00
92953	10.30	52.00
92955	10.40	52.00
92958	10.40	52.00
92960	57.40	288.00
92962	10.70	56.00
92965	10.50	52.00
92967	10.60	52.00
92969	10.20	52.00
92971	60.70	308.00
92974	10.20	52.00
92976	10.50	52.00
92978	10.40	52.00
92981	10.30	52.00
92983	62.60	52.00
92985	10.50	52.00
92988	10.60	52.00
92990	10.20	52.00
92992	10.30	52.00
92994	10.00	50.00
92997	10.40	52.00
92999	10.30	52.00
93001	10.50	52.00
93004	10.50	334.00
93006	10.10	52.00
93008	10.40	52.00
93010	10.60	52.00
93013	10.60	52.00
93015	65.20	330.00
93017	10.30	52.00
93020	10.60	52.00
93022	10.40	52.00
93024	10.50	52.00
93026	66.50	338.00
93029	10.30	52.00
93031	10.40	52.00
93033	10.60	52.00
93036	10.50	56.00
93038	68.10	52.00
93040	10.20	52.00
93043	10.30	52.00
93045	10.40	52.00
93047	11.50	58.00
93049	10.60	52.00
93052	10.40	52.00
93054	10.60	52.00
93056	10.30	52.00
93059	12.10	62.00
93061	10.40	52.00
93063	10.50	56.00
93065	10.40	56.00
93068	10.50	52.00
93070	11.80	318.00
93072	10.40	52.00
93075	10.50	52.00
93077	10.40	52.00
93079	10.60	52.00
93081	61.20	312.00
93084	10.30	52.00
93086	10.40	52.00
93088	10.40	52.00
93091	10.40	66.00
93093	56.90	52.00
93095	10.20	52.00
93098	10.40	52.00
93100	10.60	52.00
93102	13.70	68.00
93104	10.40	52.00
93107	10.60	52.00
93109	10.20	52.00
93111	10.60	52.00
93114	16.00	82.00
93116	10.10	52.00
93118	10.50	52.00
93120	10.80	52.00
93123	10.40	52.00
93125	17.30	256.00
93127	10.10	52.00
93130	10.60	56.00
93132	10.60	52.00
93134	10.40	52.00
93136	47.80	242.00
93139	10.70	56.00
93141	10.40	52.00
93143	10.50	52.00
93146	10.60	52.00
93148	45.70	232.00
93150	10.50	52.00
93153	10.60	52.00
93155	10.40	56.00
93157	10.40	108.00
93159	41.50	52.00
93162	10.30	52.00
93164	10.20	52.00
93166	10.50	52.00
93169	25.50	128.00
93171	10.80	56.00
93173	10.50	52.00
93175	10.40	52.00
93178	10.80	52.00
93180	30.20	148.00
93182	10.20	52.00
93185	10.20	52.00
93187	10.50	52.00
93189	10.50	52.00
93191	26.20	134.00
93194	10.40	52.00
93196	10.40	52.00
93198	10.20	52.00
93201	10.50	52.00
93203	22.50	114.00
93205	10.40	52.00
93208	10.60	52.00
93210	10.40	52.00
93212	10.40	206.00
93214	21.30	52.00
93217	10.60	52.00
93219	10.20	52.00
93221	10.30	52.00
93224	43.70	220.00
93226	10.20	52.00
93228	10.60	52.00
93230	10.50	52.00
93233	10.60	52.00
93235	49.00	250.00
93237	10.50	52.00
93240	10.60	56.00
93242	10.60	52.00
93244	10.40	52.00
93246	50.60	86.00
93249	10.40	52.00
93251	10.40	52.00
93253	10.70	56.00
93256	10.40	52.00
93258	16.00	82.00
93260	10.20	52.00
93263	10.50	52.00
93265	10.20	52.00
93267	10.30	282.00
93269	14.40	52.00
93272	10.30	52.00
93274	10.50	52.00
93276	10.50	52.00
93279	59.50	302.00
93281	10.20	52.00
93283	10.60	52.00
93285	10.30	52.00
93288	10.40	52.00
93290	61.50	312.00
93292	10.30	52.00
93295	10.20	52.00
93297	10.40	52.00
93299	10.30	52.00
93301	64.10	52.00
93304	10.60	52.00
93306	10.40	52.00
93308	10.80	56.00
93311	10.40	52.00
93313	10.20	52.00
93315	10.30	52.00
93318	10.40	52.00
93320	10.50	52.00
93322	10.50	52.00
93324	10.30	52.00
93327	10.40	52.00
93329	10.10	52.00
93331	10.70	52.00
93334	10.40	330.00
93336	10.30	52.00
93338	10.50	52.00
93340	10.40	52.00
93343	10.20	52.00
93345	67.00	340.00
93347	10.30	52.00
93350	10.60	52.00
93352	10.50	52.00
93354	10.50	56.00
93356	67.60	52.00
93359	10.60	52.00
93361	10.30	52.00
93363	10.50	52.00
93366	11.70	58.00
93368	10.40	52.00
93370	10.20	52.00
93373	10.50	52.00
93375	10.40	52.00
93377	12.00	62.00
93379	10.50	52.00
93382	10.20	52.00
93384	10.40	52.00
93386	10.20	52.00
93389	12.30	308.00
93391	10.80	52.00
93393	10.40	52.00
93395	10.20	52.00
93398	10.60	52.00
93400	57.50	292.00
93402	10.20	52.00
93405	10.40	52.00
93407	10.20	52.00
93409	10.60	52.00
93411	55.60	52.00
93414	10.50	52.00
93416	10.60	52.00
93418	10.20	52.00
93421	10.40	78.00
93423	10.30	52.00
93425	10.40	52.00
93428	10.40	52.00
93430	10.40	52.00
93432	17.20	86.00
93434	10.60	52.00
93437	10.40	52.00
93439	10.40	52.00
93441	10.40	52.00
93444	18.90	240.00
93446	10.50	52.00
93448	10.40	52.00
93450	10.50	52.00
93453	10.50	52.00
93455	46.30	236.00
93457	10.40	52.00
93460	10.40	52.00
93462	10.40	52.00
93464	10.40	52.00
93466	40.90	206.00
93469	10.50	52.00
93471	10.40	52.00
93473	10.50	52.00
93476	10.70	124.00
93478	37.30	52.00
93480	10.50	52.00
93483	10.40	52.00
93485	10.60	52.00
93487	31.60	160.00
93489	10.30	52.00
93492	10.50	52.00
93494	10.30	52.00
93496	10.50	52.00
93499	34.50	132.00
93501	10.50	52.00
93503	10.30	52.00
93505	10.60	52.00
93508	10.40	52.00
93510	22.10	112.00
93512	10.30	52.00
93515	10.20	52.00
93517	10.10	52.00
93519	10.50	52.00
93521	21.30	108.00
93524	10.20	52.00
93526	10.40	52.00
93528	10.40	52.00
93531	10.40	220.00
93533	19.60	52.00
93535	10.40	52.00
93538	10.60	52.00
93540	10.40	52.00
93542	48.30	242.00
93544	10.40	52.00
93547	10.20	52.00
93549	10.20	52.00
93551	10.60	52.00
93554	50.80	256.00
93556	10.30	52.00
93558	10.70	52.00
93560	10.40	52.00
93563	10.40	52.00
93565	53.10	82.00
93567	10.50	52.00
93570	10.50	52.00
93572	10.40	52.00
93574	10.50	52.00
93576	14.60	76.00
93579	10.20	52.00
93581	10.50	52.00
93583	10.30	52.00
93586	10.20	292.00
93588	13.70	52.00
93590	10.20	52.00
93593	10.50	52.00
93595	10.20	52.00
93597	59.90	302.00
93599	10.20	52.00
93602	10.70	56.00
93604	10.40	52.00
93606	10.50	52.00
93609	62.60	318.00
93611	10.50	52.00
93613	10.50	52.00
93615	10.70	52.00
93618	10.30	52.00
93620	64.30	50.00
93622	10.40	52.00
93625	10.20	52.00
93627	10.50	52.00
93629	10.40	52.00
93631	15.30	78.00
93634	10.60	52.00
93636	10.20	52.00
93638	10.20	52.00
93641	10.50	52.00
93643	10.20	52.00
93645	10.40	52.00
93648	10.50	52.00
93650	10.50	52.00
93652	10.50	330.00
93654	10.40	52.00
93657	10.20	52.00
93659	10.40	52.00
93661	10.40	52.00
93664	67.60	340.00
93666	10.30	52.00
93668	10.60	52.00
93670	10.60	52.00
93673	10.70	56.00
93675	68.30	50.00
93677	10.60	52.00
93680	10.50	52.00
93682	10.40	52.00
93684	11.90	58.00
93686	10.20	52.00
93689	10.40	52.00
93691	10.50	52.00
93693	10.30	52.00
93696	12.00	62.00
93698	10.70	56.00
93700	10.50	52.00
93703	10.10	52.00
93705	10.50	52.00
93707	12.30	340.00
93709	10.40	52.00
93712	10.30	52.00
93714	10.50	52.00
93716	10.60	52.00
93719	64.80	328.00
93721	10.20	52.00
93723	10.30	52.00
93725	10.40	52.00
93728	10.60	52.00
93730	54.00	276.00
93732	10.40	52.00
93735	10.40	52.00
93737	10.20	52.00
93739	10.50	78.00
93741	60.20	52.00
93744	10.10	52.00
93746	10.40	52.00
93748	10.20	52.00
93751	16.90	86.00
93753	10.70	56.00
93755	10.30	52.00
93758	10.60	52.00
93760	10.40	52.00
93762	17.60	242.00
93764	10.20	52.00
93767	10.50	52.00
93769	10.40	56.00
93771	10.40	52.00
93774	53.40	272.00
93776	10.10	52.00
93778	10.40	52.00
93780	10.30	52.00
93783	10.20	52.00
93785	50.30	256.00
93787	10.20	52.00
93790	10.30	52.00
93792	10.30	52.00
93794	10.30	112.00
93796	47.90	52.00
93799	10.10	56.00
93801	10.50	52.00
93803	10.30	52.00
93806	27.60	138.00
93808	10.40	52.00
93810	10.10	52.00
93813	10.40	52.00
93815	10.30	52.00
93817	33.00	168.00
93819	10.40	52.00
93822	10.40	56.00
93824	10.50	52.00
93826	10.40	52.00
93829	31.20	158.00
93831	10.40	52.00
93833	10.30	52.00
93835	10.20	52.00
93838	10.20	52.00
93840	21.20	108.00
93842	10.50	52.00
93845	10.20	52.00
93847	10.30	52.00
93849	10.50	220.00
93851	20.80	52.00
93854	10.50	52.00
93856	10.40	52.00
93858	10.20	52.00
93861	46.10	232.00
93863	10.50	52.00
93865	10.40	52.00
93868	10.40	52.00
93870	10.20	52.00
93872	50.30	252.00
93874	10.30	52.00
93877	10.50	52.00
93879	10.50	52.00
93881	10.50	52.00
93884	52.40	86.00
93886	10.40	52.00
93888	10.60	52.00
93890	10.30	52.00
93893	10.60	52.00
93895	15.30	78.00
93897	10.50	52.00
93900	10.20	52.00
93902	10.50	52.00
93904	10.40	52.00
93906	13.10	52.00
93909	10.40	52.00
93911	10.10	52.00
93913	10.50	52.00
93916	10.50	304.00
93918	10.20	52.00
93920	10.40	52.00
93923	10.30	52.00
93925	10.50	52.00
93927	61.50	312.00
93929	10.50	52.00
93932	10.40	52.00
93934	10.30	52.00
93936	10.50	52.00
93939	64.60	52.00
93941	10.50	52.00
93943	10.40	52.00
93945	10.20	52.00
93948	10.20	52.00
93950	10.20	52.00
93952	10.40	52.00
93955	10.20	52.00
93957	10.30	52.00
93959	10.50	52.00
93961	10.20	52.00
93964	10.50	52.00
93966	10.20	52.00
93968	10.30	52.00
93971	10.60	330.00
93973	10.30	52.00
93975	10.10	52.00
93978	10.40	52.00
93980	10.40	52.00
93982	67.00	340.00
93984	10.10	52.00
93987	10.40	52.00
93989	10.40	52.00
93991	10.30	52.00
93994	67.40	52.00
93996	10.10	52.00
93998	10.40	52.00
94000	10.40	52.00
94003	10.40	58.00
94005	10.20	52.00
94007	10.70	56.00
94010	10.40	52.00
94012	10.80	56.00
94014	11.90	58.00
94016	10.70	56.00
94019	10.20	52.00
94021	10.20	52.00
94023	10.40	52.00
94026	12.50	308.00
94028	10.70	52.00
94030	10.20	52.00
94033	10.50	52.00
94035	10.30	52.00
94037	55.50	282.00
94039	10.60	52.00
94042	10.50	52.00
94044	10.50	52.00
94046	10.50	52.00
94049	54.30	276.00
94051	10.70	52.00
94053	10.50	52.00
94055	10.50	52.00
94058	10.20	86.00
94060	50.60	52.00
94062	10.50	52.00
94065	10.30	52.00
94067	10.30	52.00
94069	18.00	92.00
94071	10.60	52.00
94074	10.50	52.00
94076	10.30	52.00
94078	10.40	52.00
94081	19.50	232.00
94083	10.50	52.00
94085	10.60	52.00
94088	10.10	56.00
94090	10.80	52.00
94092	44.80	226.00
94094	10.60	52.00
94097	10.40	52.00
94099	10.60	52.00
94101	10.40	52.00
94104	39.20	200.00
94106	10.40	52.00
94108	10.20	52.00
94110	10.40	52.00
94113	10.40	138.00
94115	34.50	52.00
94117	10.40	52.00
94120	10.40	52.00
94122	10.20	52.00
94124	31.90	160.00
94126	10.60	52.00
94129	10.50	52.00
94131	10.20	52.00
94133	10.50	52.00
94136	36.50	184.00
94138	10.40	52.00
94140	10.70	52.00
94143	10.50	52.00
94145	10.20	52.00
94147	38.40	112.00
94149	10.30	52.00
94152	10.40	52.00
94154	10.60	52.00
94156	10.40	52.00
94159	20.70	104.00
94161	10.40	52.00
94163	10.50	52.00
94165	10.40	52.00
94168	10.60	230.00
94170	19.30	52.00
94172	10.40	52.00
94175	10.20	52.00
94177	10.20	52.00
94179	49.60	250.00
94181	10.20	52.00
94184	10.10	52.00
94186	10.30	52.00
94188	10.50	52.00
94191	51.70	262.00
94193	10.70	56.00
94195	10.30	52.00
94198	10.60	52.00
94200	10.20	52.00
94202	54.70	78.00
94204	10.30	52.00
94207	10.40	52.00
94209	10.50	52.00
94211	10.40	52.00
94214	13.80	68.00
94216	10.30	52.00
94218	10.20	52.00
94220	10.50	52.00
94223	10.40	52.00
94225	12.60	66.00
94227	10.30	52.00
94230	10.30	52.00
94232	10.40	52.00
94234	10.40	308.00
94236	11.00	52.00
94239	10.60	52.00
94241	10.40	52.00
94243	10.10	52.00
94246	64.10	324.00
94248	10.40	52.00
94250	10.50	52.00
94253	10.30	52.00
94255	10.60	52.00
94257	65.60	52.00
94259	10.40	52.00
94262	10.70	52.00
94264	10.40	52.00
94266	10.50	52.00
94269	10.00	50.00
94271	10.40	52.00
94273	10.40	52.00
94275	10.60	52.00
94278	10.60	52.00
94280	10.00	50.00
94282	10.40	52.00
94285	10.40	52.00
94287	10.40	52.00
94289	10.60	340.00
94291	10.50	52.00
94294	10.60	52.00
94296	10.40	52.00
94298	10.30	52.00
94301	66.90	338.00
94303	10.20	52.00
94305	10.50	52.00
94308	10.30	52.00
94310	10.50	52.00
94312	65.50	330.00
94314	10.40	52.00
94317	10.30	52.00
94319	10.40	52.00
94321	10.40	62.00
94324	10.60	52.00
94326	10.40	52.00
94328	10.50	52.00
94330	10.30	52.00
94333	12.60	62.00
94335	10.80	56.00
94337	10.50	52.00
94340	10.50	52.00
94342	10.40	52.00
94344	12.40	294.00
94346	10.30	52.00
94349	10.40	52.00
94351	10.20	52.00
94353	10.20	52.00
94356	56.90	288.00
94358	10.40	52.00
94360	10.10	52.00
94363	10.50	52.00
94365	10.40	52.00
94367	53.10	268.00
94369	10.50	52.00
94372	10.40	52.00
94374	10.50	52.00
94376	10.40	86.00
94379	51.40	52.00
94381	10.40	52.00
94383	10.60	52.00
94385	10.30	52.00
94388	17.80	88.00
94390	10.30	52.00
94392	10.50	52.00
94395	10.30	52.00
94397	10.60	52.00
94399	19.80	102.00
94401	10.40	56.00
94404	10.40	52.00
94406	10.50	52.00
94408	10.50	52.00
94411	21.30	210.00
94413	10.40	52.00
94415	10.50	52.00
94418	10.60	52.00
94420	10.40	52.00
94422	39.10	200.00
94424	10.60	52.00
94427	10.50	52.00
94429	10.50	52.00
94431	10.20	144.00
94434	30.40	56.00
94436	10.20	52.00
94438	10.50	52.00
94440	10.50	52.00
94443	33.60	170.00
94445	10.40	52.00
94447	10.50	52.00
94450	10.30	52.00
94452	10.50	52.00
94454	34.20	174.00
94456	10.40	52.00
94459	10.40	52.00
94461	10.40	52.00
94463	10.50	52.00
94466	36.80	122.00
94468	10.60	52.00
94470	10.20	52.00
94473	10.50	52.00
94475	10.20	52.00
94477	21.80	112.00
94479	10.20	52.00
94482	10.20	52.00
94484	10.30	52.00
94486	10.40	52.00
94489	21.00	52.00
94491	10.50	52.00
94493	10.60	52.00
94495	10.40	52.00
94498	10.20	220.00
94500	10.40	52.00
94502	10.50	52.00
94505	10.70	56.00
94507	10.50	52.00
94509	48.60	246.00
94511	10.30	52.00
94514	10.50	52.00
94516	10.30	52.00
94518	10.20	52.00
94521	50.90	86.00
94523	10.40	52.00
94525	10.50	52.00
94528	10.40	52.00
94530	10.50	52.00
94532	16.50	86.00
94534	10.40	52.00
94537	10.50	52.00
94539	10.20	52.00
94541	10.30	52.00
94544	14.70	76.00
94546	10.40	52.00
94548	10.40	52.00
94550	10.60	52.00
94553	10.40	304.00
94555	12.40	52.00
94557	10.70	56.00
94560	10.40	52.00
94562	10.40	52.00
94564	61.60	312.00
94566	10.40	52.00
94569	10.50	52.00
94571	10.40	52.00
94573	10.70	56.00
94576	64.90	50.00
94578	10.70	52.00
94580	10.40	52.00
94583	10.40	52.00
94585	10.50	52.00
94587	10.10	52.00
94589	10.20	52.00
94592	10.40	52.00
94594	10.50	52.00
94596	10.50	52.00
94599	10.30	52.00
94601	10.20	52.00
94603	10.40	52.00
94605	10.20	52.00
94608	10.40	334.00
94610	10.50	52.00
94612	10.50	52.00
94615	10.40	52.00
94617	10.50	52.00
94619	67.80	344.00
94621	10.40	52.00
94624	10.20	52.00
94626	10.50	52.00
94628	10.40	52.00
94631	66.60	338.00
94633	10.60	52.00
94635	10.60	52.00
94638	10.50	52.00
94640	10.70	58.00
94642	64.30	52.00
94644	10.40	52.00
94647	10.40	52.00
94649	10.40	52.00
94651	12.10	62.00
94654	14.70	76.00
94656	10.20	52.00
94658	10.60	52.00
94660	10.40	52.00
94663	12.40	298.00
94665	10.60	52.00
94667	10.20	52.00
94670	10.40	52.00
94672	10.50	52.00
94674	57.00	288.00
94676	10.50	52.00
94679	10.60	52.00
94681	10.50	52.00
94683	10.50	52.00
94686	55.10	278.00
94688	10.40	52.00
94690	10.60	52.00
94693	10.80	52.00
94695	10.20	82.00
94697	51.30	52.00
94699	10.50	52.00
94702	10.50	52.00
94704	10.20	52.00
94706	17.70	88.00
94709	10.80	56.00
94711	10.50	52.00
94713	10.50	52.00
94715	10.40	52.00
94718	19.50	98.00
94720	10.40	52.00
94722	10.50	52.00
94725	10.50	52.00
94727	10.20	52.00
94729	20.90	222.00
94731	10.50	52.00
94734	10.20	52.00
94736	10.40	52.00
94738	10.60	52.00
94741	39.10	200.00
94743	10.50	52.00
94745	10.50	52.00
94748	10.40	52.00
94750	10.30	132.00
94752	33.80	52.00
94754	10.50	52.00
94757	10.30	52.00
94759	10.40	52.00
94761	33.20	168.00
94764	10.40	52.00
94766	10.40	52.00
94768	10.30	52.00
94770	10.40	52.00
94773	36.50	184.00
94775	10.60	52.00
94777	10.60	52.00
94780	10.20	52.00
94782	10.20	52.00
94784	39.30	108.00
94786	10.60	52.00
94789	10.30	52.00
94791	10.50	52.00
94793	10.30	52.00
94796	20.60	104.00
94798	10.50	52.00
94800	10.60	52.00
94803	10.30	52.00
94805	10.20	52.00
94807	18.90	96.00
94809	10.40	52.00
94812	10.80	52.00
94814	10.60	52.00
94816	10.30	250.00
94819	10.50	52.00
94821	10.20	52.00
94823	10.50	52.00
94825	10.30	52.00
94828	52.20	262.00
94830	10.60	52.00
94832	10.30	52.00
94835	10.60	52.00
94837	10.20	52.00
94839	54.60	78.00
94841	10.60	52.00
94844	10.50	52.00
94846	10.40	52.00
94848	10.20	52.00
94851	13.80	68.00
94853	10.60	52.00
94855	10.10	52.00
94858	10.60	52.00
94860	10.40	52.00
94862	12.60	66.00
94864	10.40	52.00
94867	10.20	52.00
94869	10.20	52.00
94871	10.60	308.00
94874	11.70	52.00
94876	10.50	52.00
94878	10.50	52.00
94880	10.40	52.00
94883	63.50	322.00
94885	10.40	52.00
94887	10.50	52.00
94890	10.60	52.00
94892	10.20	52.00
94894	66.10	334.00
94896	10.50	52.00
94899	10.40	56.00
94901	10.30	52.00
94903	10.30	52.00
94906	65.10	52.00
94908	10.30	52.00
94910	10.40	52.00
94913	10.70	56.00
94915	10.40	52.00
94917	10.30	52.00
94919	10.50	52.00
94922	10.20	52.00
94924	10.50	52.00
94926	10.60	340.00
94929	10.50	52.00
94931	10.30	52.00
94933	10.50	52.00
94935	10.60	52.00
94938	67.00	340.00
94940	10.20	52.00
94942	10.60	52.00
94945	10.20	52.00
94947	10.10	52.00
94949	65.80	334.00
94951	10.40	52.00
94954	10.60	52.00
94956	10.60	52.00
94958	10.30	62.00
94961	63.30	52.00
94963	10.40	52.00
94965	10.50	52.00
94968	10.50	52.00
94970	12.30	62.00
94972	10.60	52.00
94974	10.20	52.00
94977	10.40	52.00
94979	10.30	52.00
94981	12.30	62.00
94984	10.40	52.00
94986	10.40	52.00
94988	10.10	52.00
94990	10.50	52.00
94993	12.80	286.00
94995	10.50	52.00
94997	10.50	52.00
95000	10.50	52.00
95002	10.50	52.00
95004	54.60	276.00
95006	10.20	52.00
95009	10.50	52.00
95011	10.30	52.00
95013	10.50	82.00
95016	50.90	52.00
95018	10.50	52.00
95020	10.70	52.00
95023	10.20	52.00
95025	17.90	92.00
95027	10.60	52.00
95029	10.50	52.00
95032	10.30	52.00
95034	10.40	52.00
95036	19.40	98.00
95039	10.60	52.00
95041	10.40	52.00
95043	10.40	52.00
95045	10.50	52.00
95048	20.80	226.00
95050	10.20	56.00
95052	10.70	56.00
95055	10.50	52.00
95057	10.40	52.00
95059	37.20	190.00
95061	10.40	52.00
95064	10.50	52.00
95066	10.50	52.00
95068	10.20	52.00
95071	32.50	52.00
95073	10.50	52.00
95075	10.50	52.00
95078	10.60	52.00
95080	10.50	174.00
95082	10.40	52.00
95084	10.50	52.00
95087	10.40	52.00
95089	10.20	52.00
95091	37.40	190.00
95094	10.50	52.00
95096	10.40	52.00
95098	10.30	52.00
95100	10.90	52.00
95103	39.80	108.00
95105	10.50	52.00
95107	10.70	52.00
95110	10.10	52.00
95112	10.40	52.00
95114	20.10	102.00
95116	10.40	52.00
95119	10.40	52.00
95121	10.40	52.00
95123	10.40	52.00
95126	18.60	96.00
95128	10.00	50.00
95130	10.60	52.00
95133	10.50	52.00
95135	10.40	258.00
95137	17.70	52.00
95139	10.40	52.00
95142	10.10	52.00
95144	10.30	52.00
95146	53.00	268.00
95149	10.60	52.00
95151	10.30	52.00
95153	10.30	52.00
95155	10.50	52.00
95158	55.50	78.00
95160	10.70	52.00
95162	10.70	52.00
95165	10.60	56.00
95167	10.60	52.00
95169	13.40	68.00
95171	10.10	52.00
95174	10.50	52.00
95176	10.40	52.00
95178	10.50	52.00
95181	12.60	62.00
95183	10.20	52.00
95185	10.60	52.00
95188	10.30	52.00
95190	10.00	312.00
95192	10.70	52.00
95194	10.50	52.00
95197	10.70	52.00
95199	10.40	52.00
95201	64.80	328.00
95204	10.40	52.00
95206	10.20	52.00
95208	10.10	52.00
95210	10.30	52.00
95213	66.30	334.00
95215	10.60	52.00
95217	10.20	52.00
95220	10.50	52.00
95222	10.50	52.00
95224	65.60	50.00
95226	10.20	52.00
95229	10.50	52.00
95231	10.50	52.00
95233	10.60	52.00
95236	10.20	52.00
95238	10.50	52.00
95240	10.40	52.00
95243	10.50	52.00
95245	11.00	344.00
95247	10.20	56.00
95249	10.70	52.00
95252	10.20	52.00
95254	10.20	56.00
95256	67.50	340.00
95259	10.50	52.00
95261	10.40	52.00
95263	10.40	52.00
95265	10.30	52.00
95268	66.80	338.00
95270	10.60	52.00
95272	10.30	52.00
95275	10.60	52.00
95277	10.20	62.00
95279	62.30	52.00
95281	10.40	52.00
95284	10.40	52.00
95286	10.20	52.00
95288	12.10	62.00
95291	10.50	52.00
95293	10.40	52.00
95295	10.10	52.00
95298	10.40	52.00
95300	12.50	62.00
95302	10.50	52.00
95304	10.50	52.00
95307	10.10	56.00
95309	10.50	52.00
95311	12.80	288.00
95314	10.60	52.00
95316	10.60	52.00
95318	10.30	52.00
95320	10.20	52.00
95323	53.40	272.00
95325	10.40	52.00
95327	10.70	56.00
95330	10.50	52.00
95332	10.30	52.00
95334	52.50	52.00
95336	10.70	52.00
95339	10.50	52.00
95341	10.30	52.00
95343	17.90	92.00
95346	10.10	52.00
95348	10.60	52.00
95350	10.60	52.00
95353	10.50	52.00
95355	19.00	96.00
95357	10.50	52.00
95359	10.50	52.00
95362	10.40	52.00
95364	10.20	52.00
95366	20.20	222.00
95369	10.70	52.00
95371	10.30	52.00
95373	10.40	52.00
95375	10.50	52.00
95378	42.10	212.00
95380	10.50	52.00
95382	10.30	52.00
95385	10.20	52.00
95387	10.20	52.00
95389	34.50	174.00
95391	10.30	52.00
95394	10.20	52.00
95396	10.80	52.00
95398	10.60	150.00
95401	31.10	52.00
95403	10.50	52.00
95405	10.50	52.00
95408	10.50	52.00
95410	35.50	180.00
95412	10.60	52.00
95414	10.20	52.00
95417	10.20	52.00
95419	10.40	52.00
95421	38.20	114.00
95424	10.40	52.00
95426	10.60	52.00
95428	10.40	52.00
95430	10.70	56.00
95433	21.20	108.00
95435	10.50	52.00
95437	10.70	56.00
95440	10.40	52.00
95442	10.40	52.00
95444	20.20	102.00
95446	10.20	52.00
95449	10.50	52.00
95451	10.20	52.00
95453	10.60	242.00
95456	18.00	52.00
95458	10.60	52.00
95460	10.70	56.00
95463	10.30	52.00
95465	50.90	256.00
95467	10.20	52.00
95469	10.40	52.00
95472	10.60	52.00
95474	10.50	52.00
95476	53.50	268.00
95479	10.50	52.00
95481	10.20	52.00
95483	10.60	52.00
95485	10.10	52.00
95488	14.80	76.00
95490	10.30	52.00
95492	10.20	52.00
95495	10.30	52.00
95497	10.50	52.00
95499	12.80	66.00
95501	10.60	52.00
95504	10.70	56.00
95506	10.60	52.00
95508	10.60	304.00
95511	12.10	52.00
95513	10.70	52.00
95515	10.50	52.00
95518	10.50	52.00
95520	62.80	318.00
95522	10.40	52.00
95524	10.60	52.00
95527	10.60	52.00
95529	10.60	52.00
95531	65.40	330.00
95534	10.50	52.00
95536	10.50	52.00
95538	10.50	56.00
95540	10.50	52.00
95543	66.20	50.00
95545	10.50	52.00
95547	10.40	52.00
95550	10.30	52.00
95552	10.50	52.00
95554	10.00	50.00
95556	10.50	52.00
95559	10.30	52.00
95561	10.40	52.00
95563	10.40	52.00
95566	10.30	50.00
95568	10.20	52.00
95570	10.60	56.00
95573	10.20	52.00
95575	10.50	344.00
95577	10.50	52.00
95579	10.10	52.00
95582	10.40	52.00
95584	10.50	52.00
95586	66.00	334.00
95589	10.40	52.00
95591	10.30	52.00
95593	10.60	52.00
95595	10.50	58.00
95598	64.60	52.00
95600	10.60	52.00
95602	10.30	52.00
95605	10.30	52.00
95607	11.90	58.00
95609	10.50	52.00
95611	10.20	52.00
95614	10.50	52.00
95616	10.20	52.00
95618	12.40	62.00
95621	10.40	52.00
95623	10.40	52.00
95625	10.40	52.00
95628	10.50	52.00
95630	13.30	282.00
95632	10.40	52.00
95634	10.50	52.00
95637	10.70	56.00
95639	10.10	52.00
95641	53.90	272.00
95644	10.40	52.00
95646	10.60	52.00
95648	10.60	52.00
95650	10.60	52.00
95653	51.90	52.00
95655	10.40	52.00
95657	10.60	52.00
95660	10.40	52.00
95662	10.40	88.00
95664	10.20	52.00
95666	10.20	52.00
95669	10.20	52.00
95671	10.60	52.00
95673	19.00	96.00
95676	10.50	52.00
95678	10.50	52.00
95680	10.50	52.00
95683	10.40	52.00
95685	20.40	220.00
95687	10.60	56.00
95689	10.20	52.00
95692	10.40	52.00
95694	10.60	52.00
95696	40.80	206.00
95699	10.50	52.00
95701	10.40	52.00
95703	10.60	52.00
95705	10.10	52.00
95708	32.90	168.00
95710	10.40	52.00
95712	10.40	52.00
95715	10.40	52.00
95717	10.30	168.00
95719	28.20	52.00
95721	10.40	52.00
95724	10.40	52.00
95726	10.60	52.00
95728	36.80	186.00
95731	10.50	52.00
95733	10.60	52.00
95735	10.50	52.00
95738	10.50	52.00
95740	40.10	108.00
95742	10.40	52.00
95744	10.50	52.00
95747	10.40	52.00
95749	10.20	52.00
95751	20.20	102.00
95754	10.50	52.00
95756	10.30	52.00
95758	10.60	52.00
95760	10.30	52.00
95763	19.00	96.00
95765	10.50	52.00
95767	10.30	52.00
95770	10.10	52.00
95772	10.50	252.00
95774	17.40	52.00
95776	10.40	52.00
95779	10.30	52.00
95781	10.00	50.00
95783	53.20	268.00
95786	10.60	52.00
95788	10.30	52.00
95790	10.30	52.00
95793	10.20	52.00
95795	55.00	278.00
95797	10.20	52.00
95799	10.50	56.00
95802	10.40	52.00
95804	10.40	52.00
95806	57.80	68.00
95809	10.20	52.00
95811	10.50	52.00
95813	10.50	52.00
95815	10.40	52.00
95818	12.10	62.00
95820	10.50	52.00
95822	10.20	52.00
95825	10.50	52.00
95827	10.50	318.00
95829	10.80	52.00
95831	10.30	52.00
95834	10.50	52.00
95836	10.50	52.00
95838	64.40	324.00
95841	10.50	52.00
95843	10.40	52.00
95845	10.40	52.00
95848	10.50	52.00
95850	65.30	330.00
95852	10.30	52.00
95854	10.80	56.00
95857	10.50	52.00
95859	10.50	56.00
95861	66.30	52.00
95864	10.40	52.00
95866	10.20	52.00
95868	10.70	56.00
95870	10.70	56.00
95873	10.30	52.00
95875	10.40	52.00
95877	10.60	52.00
95880	10.20	52.00
95882	11.20	56.00
95884	10.60	52.00
95886	10.20	52.00
95889	10.50	52.00
95891	10.10	56.00
95893	11.70	340.00
95896	10.70	52.00
95898	10.50	52.00
95900	10.60	52.00
95903	10.60	52.00
95905	63.60	322.00
95907	10.60	52.00
95909	10.40	52.00
95912	10.40	52.00
95914	10.40	62.00
95916	62.20	56.00
95919	10.60	52.00
95921	10.60	52.00
95923	10.40	52.00
95925	12.50	62.00
95928	10.40	52.00
95930	10.20	52.00
95932	10.40	52.00
95935	10.50	52.00
95937	13.40	68.00
95939	10.60	52.00
95941	10.20	52.00
95944	10.50	52.00
95946	10.20	52.00
95948	15.10	272.00
95951	10.40	52.00
95953	10.60	52.00
95955	10.30	52.00
95958	10.60	52.00
95960	51.80	262.00
95962	10.70	56.00
95964	10.50	52.00
95967	10.50	52.00
95969	10.40	52.00
95971	49.20	250.00
95974	10.60	52.00
95976	10.50	52.00
95978	10.60	56.00
95980	10.60	96.00
95983	10.20	52.00
95985	10.40	52.00
95987	10.40	52.00
95990	10.50	52.00
95992	20.30	102.00
95994	10.40	52.00
95996	10.30	52.00
95999	10.50	52.00
96001	10.30	52.00
96003	21.60	212.00
96006	10.40	52.00
96008	10.40	56.00
96010	10.50	52.00
96013	10.30	52.00
96015	33.70	170.00
96017	10.50	52.00
96019	10.40	52.00
96022	10.20	52.00
96024	10.40	52.00
96026	30.20	154.00
96029	10.30	52.00
96031	10.60	52.00
96033	10.50	52.00
96035	10.50	176.00
96038	23.70	52.00
96040	10.30	52.00
96042	10.50	52.00
96045	10.50	52.00
96047	38.00	190.00
96049	10.40	52.00
96051	10.40	52.00
96054	10.70	56.00
96056	10.40	52.00
96058	41.50	210.00
96061	10.40	52.00
96063	10.50	52.00
96065	10.40	52.00
96068	10.50	52.00
96070	45.70	98.00
96072	10.20	52.00
96074	10.30	52.00
96077	10.60	52.00
96079	10.60	52.00
96081	18.00	92.00
96084	10.40	52.00
96086	10.50	52.00
96088	10.20	52.00
96090	10.30	262.00
96093	17.30	52.00
96095	10.10	52.00
96097	10.40	52.00
96100	10.50	52.00
96102	53.80	272.00
96104	10.30	52.00
96106	10.70	56.00
96109	10.60	52.00
96111	10.50	52.00
96113	56.70	286.00
96116	10.50	52.00
96118	10.50	52.00
96120	10.40	52.00
96123	10.70	52.00
96125	58.30	66.00
96127	10.50	52.00
96129	10.40	52.00
96132	10.50	52.00
96134	10.20	52.00
96136	11.80	58.00
96139	10.50	52.00
96141	10.50	52.00
96143	10.40	52.00
96145	10.40	52.00
96148	10.30	52.00
96150	10.50	52.00
96152	10.40	52.00
96155	10.70	52.00
96157	10.60	330.00
96159	10.40	52.00
96161	10.50	52.00
96164	10.50	52.00
96166	10.10	52.00
96168	64.90	328.00
96171	10.70	56.00
96173	10.60	52.00
96175	10.40	52.00
96178	10.40	52.00
96180	66.20	52.00
96182	10.20	52.00
96184	10.40	52.00
96187	10.20	52.00
96189	10.50	52.00
96191	10.20	52.00
96194	10.40	52.00
96196	10.40	52.00
96198	10.40	52.00
96200	10.80	56.00
96203	10.50	52.00
96205	10.40	52.00
96207	10.20	52.00
96210	10.50	52.00
96212	11.60	338.00
96214	10.50	52.00
96216	10.10	52.00
96219	10.50	52.00
96221	10.50	52.00
96223	64.40	328.00
96226	10.40	52.00
96228	10.50	52.00
96230	10.30	52.00
96233	10.60	52.00
96235	61.60	52.00
96237	10.50	52.00
96239	10.40	52.00
96242	10.50	52.00
96244	10.50	62.00
96246	10.40	52.00
96249	10.40	52.00
96251	10.10	52.00
96253	10.60	52.00
96255	12.70	66.00
96258	10.40	52.00
96260	10.50	52.00
96262	10.50	52.00
96265	10.50	52.00
96267	14.40	276.00
96269	10.40	52.00
96271	10.50	52.00
96274	10.50	52.00
96276	10.40	52.00
96278	52.00	262.00
96281	10.30	52.00
96283	10.50	52.00
96285	10.20	52.00
96288	10.60	52.00
96290	49.80	252.00
96292	10.40	52.00
96294	10.50	52.00
96297	10.30	52.00
96299	10.50	96.00
96301	47.40	52.00
96304	10.10	52.00
96306	10.20	52.00
96308	10.40	52.00
96310	20.60	104.00
96313	10.40	52.00
96315	10.50	52.00
96317	10.40	52.00
96320	10.30	52.00
96322	21.60	206.00
96324	10.60	52.00
96326	10.40	52.00
96329	10.50	52.00
96331	10.50	52.00
96333	34.50	174.00
96336	10.40	52.00
96338	10.30	52.00
96340	10.60	52.00
96343	10.50	52.00
96345	28.90	148.00
96347	10.20	52.00
96349	10.40	52.00
96352	10.40	52.00
96354	10.50	184.00
96356	23.60	52.00
96359	10.30	52.00
96361	10.50	52.00
96363	10.60	52.00
96365	38.40	194.00
96368	10.20	52.00
96370	10.50	52.00
96372	10.20	52.00
96375	10.50	52.00
96377	42.00	212.00
96379	10.40	52.00
96381	10.30	52.00
96384	10.40	52.00
96386	10.60	52.00
96388	45.20	98.00
96391	10.70	52.00
96393	10.60	52.00
96395	10.30	52.00
96398	10.60	52.00
96400	18.70	96.00
96402	10.40	52.00
96404	10.40	52.00
96407	10.40	52.00
96409	10.30	258.00
96411	17.40	52.00
96414	10.20	52.00
96416	10.50	52.00
96418	10.30	52.00
96420	53.20	268.00
96423	10.50	52.00
96425	10.70	56.00
96427	10.60	52.00
96430	10.50	52.00
96432	55.30	278.00
96434	10.50	52.00
96436	10.20	52.00
96439	10.20	56.00
96441	10.50	52.00
96443	57.90	68.00
96446	10.20	52.00
96448	10.30	52.00
96450	10.40	52.00
96453	10.60	52.00
96455	11.80	58.00
96457	10.40	52.00
96459	10.10	52.00
96462	10.30	52.00
96464	10.40	52.00
96466	10.70	56.00
96469	10.50	52.00
96471	10.60	52.00
96473	10.50	52.00
96475	10.40	330.00
96478	10.50	52.00
96480	10.40	52.00
96482	10.60	52.00
96485	10.10	52.00
96487	65.80	334.00
96489	9.80	50.00
96491	10.70	56.00
96494	10.30	52.00
96496	10.50	52.00
96498	66.00	52.00
96501	10.10	52.00
96503	10.30	52.00
96505	10.50	52.00
96508	10.30	52.00
96510	10.10	52.00
96512	10.70	56.00
96514	10.40	52.00
96517	10.10	52.00
96519	11.10	56.00
96521	10.40	52.00
96524	10.40	52.00
96526	10.30	52.00
96528	10.60	52.00
96530	11.60	330.00
96533	10.80	52.00
96535	10.50	52.00
96537	10.50	52.00
96540	10.60	52.00
96542	63.20	322.00
96544	10.60	52.00
96546	10.40	52.00
96549	10.40	52.00
96551	10.40	52.00
96553	60.70	308.00
96556	10.40	52.00
96558	10.80	52.00
96560	10.20	52.00
96563	10.40	62.00
96565	58.30	52.00
96567	10.20	52.00
96569	10.40	52.00
96572	10.40	52.00
96574	13.10	66.00
96576	10.20	52.00
96579	10.10	52.00
96581	10.50	52.00
96583	10.50	52.00
96585	15.30	272.00
96588	10.50	56.00
96590	10.50	56.00
96592	10.10	52.00
96595	10.50	52.00
96597	51.10	258.00
96599	10.40	52.00
96601	10.40	52.00
96604	10.70	56.00
96606	10.50	52.00
96608	49.20	250.00
96611	10.60	52.00
96613	10.50	52.00
96615	10.60	52.00
96618	10.40	102.00
96620	46.00	52.00
96622	10.50	52.00
96624	10.10	52.00
96627	10.50	52.00
96629	20.90	104.00
96631	10.50	52.00
96634	10.50	52.00
96636	10.40	52.00
96638	10.40	52.00
96640	22.50	114.00
96643	10.40	52.00
96645	10.40	52.00
96647	10.30	52.00
96650	10.50	52.00
96652	27.00	170.00
96654	10.50	52.00
96656	10.20	52.00
96659	10.40	52.00
96661	10.20	52.00
96663	28.60	144.00
96666	10.40	52.00
96668	10.20	52.00
96670	10.20	52.00
96673	10.40	186.00
96675	23.10	52.00
96677	10.50	52.00
96679	10.40	52.00
96682	10.30	52.00
96684	38.80	196.00
96686	10.50	52.00
96689	10.30	52.00
96691	10.60	52.00
96693	10.50	52.00
96695	42.20	212.00
96698	10.40	52.00
96700	10.20	52.00
96702	10.40	52.00
96705	10.60	52.00
96707	46.80	98.00
96709	10.20	52.00
96711	10.40	52.00
96714	10.40	52.00
96716	10.40	52.00
96718	17.80	92.00
96721	10.30	52.00
96723	10.50	52.00
96725	10.40	52.00
96728	10.50	52.00
96730	16.60	52.00
96732	10.70	52.00
96734	10.50	52.00
96737	10.40	52.00
96739	10.60	276.00
96741	10.10	52.00
96744	10.30	52.00
96746	10.60	52.00
96748	10.30	52.00
96750	56.40	286.00
96753	10.60	52.00
96755	10.40	52.00
96757	10.60	52.00
96760	10.60	52.00
96762	58.80	66.00
96764	10.70	52.00
96766	10.50	52.00
96769	10.20	52.00
96771	10.70	56.00
96773	12.00	62.00
96776	10.50	52.00
96778	10.50	52.00
96780	10.40	52.00
96783	10.30	52.00
96785	9.90	50.00
96787	10.40	52.00
96789	10.30	52.00
96792	10.40	52.00
96794	10.40	334.00
96796	10.30	52.00
96799	10.60	52.00
96801	10.40	52.00
96803	10.20	52.00
96805	65.40	330.00
96808	10.60	52.00
96810	10.40	52.00
96812	10.40	52.00
96815	10.40	52.00
96817	67.30	52.00
96819	10.40	52.00
96821	10.50	52.00
96824	10.50	52.00
96826	10.40	58.00
96828	10.50	52.00
96831	10.50	52.00
96833	10.50	52.00
96835	10.50	52.00
96838	12.00	62.00
96840	10.70	56.00
96842	10.50	52.00
96844	10.60	52.00
96847	10.80	52.00
96849	12.20	312.00
96851	10.60	52.00
96854	10.40	52.00
96856	10.40	52.00
96858	10.40	52.00
96860	60.30	304.00
96863	10.40	52.00
96865	10.50	52.00
96867	10.30	52.00
96870	10.10	52.00
96872	57.10	288.00
96874	10.30	52.00
96876	10.30	52.00
96879	10.70	52.00
96881	10.30	72.00
96883	54.70	52.00
96886	10.50	56.00
96888	10.50	52.00
96890	10.60	52.00
96893	15.90	78.00
96895	10.20	52.00
96897	10.40	52.00
96899	10.20	52.00
96902	10.20	52.00
96904	17.80	250.00
96906	10.40	52.00
96909	10.40	52.00
96911	10.50	56.00
96913	10.40	52.00
96915	46.10	232.00
96918	10.20	52.00
96920	10.50	52.00
96922	10.40	52.00
96925	10.30	52.00
96927	43.70	222.00
96929	10.40	52.00
96931	10.40	52.00
96934	10.60	52.00
96936	10.50	112.00
96938	40.50	52.00
96941	10.40	52.00
96943	10.60	52.00
96945	10.20	52.00
96948	26.50	134.00
96950	10.40	52.00
96952	10.10	52.00
96954	10.30	52.00
96957	10.10	52.00
96959	32.30	164.00
96961	10.80	56.00
96964	10.30	52.00
96966	10.80	52.00
96968	10.70	52.00
96970	36.50	118.00
96973	10.40	52.00
96975	10.40	52.00
96977	10.30	52.00
96980	10.50	52.00
96982	21.70	112.00
96984	10.50	52.00
96986	10.50	52.00
96989	10.20	52.00
96991	10.50	52.00
96993	21.00	52.00
96996	10.40	52.00
96998	10.50	52.00
97000	10.40	52.00
97003	44.30	222.00
97005	10.10	52.00
97007	10.60	52.00
97009	10.20	52.00
97012	10.50	52.00
97014	48.70	246.00
97016	10.50	52.00
97019	10.30	52.00
97021	10.30	52.00
97023	10.40	52.00
97025	52.10	86.00
97028	10.50	52.00
97030	10.10	52.00
97032	10.50	52.00
97035	10.40	52.00
97037	16.00	82.00
97039	10.60	52.00
97041	10.20	52.00
97044	10.50	52.00
97046	10.40	52.00
97048	14.40	72.00
97051	10.50	52.00
97053	10.70	52.00
97055	10.40	52.00
97058	10.20	298.00
97060	12.90	52.00
97062	10.20	52.00
97064	10.50	52.00
97067	10.50	52.00
97069	60.90	308.00
97071	10.70	56.00
97074	10.00	50.00
97076	10.40	52.00
97078	10.40	52.00
97080	63.90	52.00
97083	10.40	52.00
97085	10.60	52.00
97087	10.20	52.00
97090	10.40	52.00
97092	10.00	50.00
97094	10.50	52.00
97096	10.30	52.00
97099	10.20	52.00
97101	10.60	52.00
97103	10.40	52.00
97106	10.30	52.00
97108	10.40	52.00
97110	10.50	52.00
97113	10.20	338.00
97115	10.40	56.00
97117	10.30	52.00
97119	10.60	52.00
97122	10.60	52.00
97124	66.60	338.00
97126	10.30	52.00
97129	10.20	52.00
97131	10.60	52.00
97133	10.40	52.00
97135	67.70	344.00
97138	10.30	52.00
97140	10.40	52.00
97142	10.20	52.00
97145	10.50	58.00
97147	65.80	52.00
97149	10.40	52.00
97151	10.30	52.00
97154	10.60	52.00
97156	11.60	58.00
97158	10.70	56.00
97161	10.40	52.00
97163	10.60	52.00
97165	10.40	52.00
97168	12.30	308.00
97170	10.60	52.00
97172	10.70	52.00
97174	10.60	52.00
97177	10.50	52.00
97179	59.20	302.00
97181	10.60	52.00
97184	10.30	52.00
97186	10.20	52.00
97188	10.50	52.00
97190	56.40	286.00
97193	10.40	52.00
97195	10.50	52.00
97197	10.30	52.00
97200	10.50	76.00
97202	53.90	52.00
97204	10.50	52.00
97206	10.20	52.00
97209	10.70	56.00
97211	16.40	82.00
97213	10.60	52.00
97216	10.20	52.00
97218	10.40	52.00
97220	10.50	52.00
97223	17.80	88.00
97225	10.40	52.00
97227	10.70	52.00
97229	10.60	52.00
97232	10.20	52.00
97234	19.50	232.00
97236	10.60	52.00
97239	10.20	52.00
97241	10.70	56.00
97243	10.60	52.00
97245	43.40	220.00
97248	10.40	52.00
97250	10.40	52.00
97252	10.50	52.00
97255	10.30	114.00
97257	38.40	52.00
97259	10.50	52.00
97261	10.50	52.00
97264	10.20	52.00
97266	27.90	140.00
97268	10.30	52.00
97271	10.40	52.00
97273	10.50	52.00
97275	10.60	52.00
97278	33.50	170.00
97280	10.20	52.00
97282	10.10	52.00
97284	10.60	52.00
97287	10.60	52.00
97289	36.40	114.00
97291	10.20	52.00
97294	10.40	52.00
97296	10.30	52.00
97298	10.40	52.00
97300	21.70	112.00
97303	10.40	52.00
97305	10.40	52.00
97307	10.30	52.00
97310	10.60	52.00
97312	20.50	52.00
97314	10.70	52.00
97316	10.40	52.00
97319	10.20	52.00
97321	10.50	226.00
97323	10.50	52.00
97326	10.40	52.00
97328	10.40	52.00
97330	10.20	52.00
97333	48.90	246.00
97335	10.30	52.00
97337	10.40	52.00
97339	10.30	52.00
97342	10.40	52.00
97344	52.10	86.00
97346	10.60	52.00
97349	10.80	52.00
97351	10.40	52.00
97353	10.20	52.00
97355	15.60	78.00
97358	10.20	52.00
97360	10.20	52.00
97362	10.50	52.00
97365	10.60	52.00
97367	14.20	72.00
97369	10.20	52.00
97371	10.60	52.00
97374	10.50	52.00
97376	10.20	298.00
97378	13.00	56.00
97381	10.20	52.00
97383	10.20	52.00
97385	10.20	52.00
97388	60.60	304.00
97390	10.50	52.00
97392	10.50	52.00
97394	10.50	52.00
97397	10.60	52.00
97399	63.10	56.00
97401	10.50	52.00
97404	10.50	52.00
97406	10.30	52.00
97408	10.50	52.00
97410	10.30	52.00
97413	10.50	52.00
97415	10.50	52.00
97417	10.30	52.00
97420	10.30	52.00
97422	10.10	52.00
97424	10.20	52.00
97426	10.50	52.00
97429	10.40	52.00
97431	10.40	338.00
97433	10.20	52.00
97436	10.20	52.00
97438	10.60	52.00
97440	10.50	52.00
97443	66.80	338.00
97445	10.40	52.00
97447	10.50	52.00
97449	10.60	52.00
97452	10.50	52.00
97454	68.00	344.00
97456	10.70	56.00
97459	10.20	52.00
97461	10.60	52.00
97463	10.50	58.00
97465	65.10	52.00
97468	10.30	52.00
97470	10.20	52.00
97472	10.60	52.00
97475	12.10	62.00
97477	10.60	52.00
97479	10.30	52.00
97481	10.40	52.00
97484	10.50	52.00
97486	12.40	62.00
97488	10.80	52.00
97491	10.30	52.00
97493	10.50	52.00
97495	10.40	52.00
97498	58.20	294.00
97500	10.40	52.00
97502	10.50	52.00
97504	10.20	52.00
97507	10.50	52.00
97509	55.30	282.00
97511	10.50	52.00
97514	10.40	52.00
97516	10.50	56.00
97518	10.50	68.00
97520	56.30	52.00
97523	10.50	52.00
97525	10.20	52.00
97527	10.30	52.00
97530	16.80	86.00
97532	10.50	52.00
97534	10.50	52.00
97536	10.40	52.00
97539	10.40	52.00
97541	18.00	92.00
97543	10.20	52.00
97546	10.40	52.00
97548	10.40	52.00
97550	10.30	52.00
97553	19.50	232.00
97555	10.40	52.00
97557	10.40	52.00
97559	10.30	52.00
97562	10.10	52.00
97564	44.30	226.00
97566	10.50	52.00
97569	10.60	52.00
97571	10.60	52.00
97573	10.40	52.00
97575	38.60	52.00
97578	10.50	52.00
97580	10.60	52.00
97582	10.70	52.00
97585	28.40	144.00
97587	10.20	52.00
97589	10.10	52.00
97591	10.20	52.00
97594	10.60	52.00
97596	34.20	174.00
97598	10.30	52.00
97601	10.50	52.00
97603	10.60	56.00
97605	10.40	52.00
97608	36.30	122.00
97610	10.50	52.00
97612	10.70	52.00
97614	10.40	52.00
97617	10.70	56.00
97619	21.40	108.00
97621	10.40	52.00
97624	10.60	52.00
97626	10.30	52.00
97628	10.50	52.00
97630	21.20	108.00
97633	10.20	52.00
97635	10.30	52.00
97637	10.30	52.00
97640	10.30	230.00
97642	19.40	52.00
97644	10.50	52.00
97646	10.40	52.00
97649	10.40	52.00
97651	48.80	246.00
97653	10.50	52.00
97656	10.50	52.00
97658	10.40	52.00
97660	10.80	56.00
97663	51.50	86.00
97665	10.40	52.00
97667	10.40	52.00
97669	10.60	52.00
97672	10.50	52.00
97674	16.40	82.00
97676	10.50	52.00
97679	10.50	52.00
97681	10.20	52.00
97683	10.40	52.00
97685	14.80	76.00
97688	10.70	56.00
97690	10.50	52.00
97692	10.30	52.00
97695	10.60	292.00
97697	13.70	52.00
97699	10.60	52.00
97701	10.40	52.00
97704	10.40	52.00
97706	59.30	298.00
97708	10.40	52.00
97711	10.20	52.00
97713	10.40	52.00
97715	10.40	52.00
97718	61.50	312.00
97720	10.30	52.00
97722	10.50	52.00
97724	10.40	52.00
97727	10.30	52.00
97729	64.10	52.00
97731	10.60	52.00
97734	10.40	52.00
97736	10.30	52.00
97738	10.50	52.00
97740	10.00	50.00
97743	10.60	52.00
97745	10.40	52.00
97747	10.40	52.00
97750	10.50	334.00
97752	10.10	52.00
97754	10.50	52.00
97756	10.30	52.00
97759	10.50	52.00
97761	66.00	334.00
97763	10.60	52.00
97766	10.70	56.00
97768	10.40	52.00
97770	10.40	52.00
97773	67.50	340.00
97775	10.40	52.00
97777	10.30	52.00
97779	10.60	52.00
97782	10.60	58.00
97784	67.60	52.00
97786	10.60	52.00
97789	10.20	52.00
97791	10.70	56.00
97793	12.00	62.00
97795	10.50	52.00
97798	10.50	52.00
97800	10.40	52.00
97802	10.60	52.00
97805	12.00	62.00
97807	10.50	52.00
97809	10.50	52.00
97811	10.60	52.00
97814	10.60	52.00
97816	12.30	298.00
97818	10.40	52.00
97821	10.70	56.00
97823	10.60	52.00
97825	10.40	52.00
97828	56.60	288.00
97830	10.40	52.00
97832	10.20	52.00
97834	10.30	52.00
97837	10.40	72.00
97839	54.50	50.00
97841	10.20	52.00
97844	10.60	52.00
97846	10.50	52.00
97848	16.30	82.00
97850	10.30	52.00
97853	10.50	52.00
97855	10.30	52.00
97857	10.60	52.00
97860	17.40	88.00
97862	10.50	52.00
97864	10.50	52.00
97866	10.30	52.00
97869	10.20	52.00
97871	19.20	240.00
97873	10.50	52.00
97876	10.10	52.00
97878	10.40	52.00
97880	10.40	52.00
97883	43.90	222.00
97885	10.40	52.00
97887	10.50	52.00
97889	10.50	52.00
97892	10.20	52.00
97894	41.50	56.00
97896	10.20	56.00
97899	10.30	52.00
97901	10.80	52.00
97903	10.60	132.00
97905	10.40	52.00
97908	10.40	52.00
97910	10.40	52.00
97912	10.70	56.00
97915	32.20	164.00
97917	10.20	52.00
97919	10.50	52.00
97921	10.50	52.00
97924	10.10	52.00
97926	36.50	118.00
97928	10.40	52.00
97931	10.40	52.00
97933	10.50	52.00
97935	10.60	52.00
97938	21.60	108.00
97940	10.50	52.00
97942	10.50	52.00
97944	10.40	52.00
97947	10.50	52.00
97949	20.40	104.00
97951	10.10	52.00
97954	10.30	52.00
97956	10.40	52.00
97958	10.40	236.00
97960	18.90	52.00
97963	10.10	52.00
97965	10.30	52.00
97967	10.50	52.00
97970	50.00	252.00
97972	10.50	52.00
97974	10.20	52.00
97976	10.40	52.00
97979	10.40	52.00
97981	52.60	266.00
97983	10.20	52.00
97986	10.50	52.00
97988	10.40	52.00
97990	10.40	52.00
97993	15.10	76.00
97995	10.50	52.00
97997	10.00	50.00
97999	10.50	52.00
98002	10.20	52.00
98004	13.60	68.00
98006	10.60	52.00
98009	10.60	52.00
98011	10.70	52.00
98013	10.40	302.00
98015	12.80	52.00
98018	10.10	56.00
98020	10.40	52.00
98022	10.30	52.00
98025	61.70	312.00
98027	10.00	50.00
98029	10.60	52.00
98031	10.50	52.00
98034	10.70	56.00
98036	64.30	324.00
98038	10.40	52.00
98041	10.40	52.00
98043	10.50	52.00
98045	10.50	52.00
98048	65.90	50.00
98050	10.50	52.00
98052	10.60	52.00
98054	10.50	52.00
98057	10.20	52.00
98059	10.20	52.00
98061	10.40	52.00
98064	10.30	52.00
98066	10.40	52.00
98068	10.60	334.00
98070	10.10	52.00
98073	10.50	52.00
98075	10.40	52.00
98077	10.50	52.00
98080	67.90	344.00
98082	10.50	52.00
98084	10.10	52.00
98086	10.50	52.00
98089	10.60	52.00
98091	67.50	340.00
98093	10.50	52.00
98096	10.90	56.00
98098	10.40	52.00
98100	10.40	62.00
98103	65.40	52.00
98105	10.40	52.00
98107	10.10	56.00
98109	10.50	52.00
98112	12.00	62.00
98114	10.60	52.00
98116	10.50	52.00
98119	10.40	52.00
98121	10.60	52.00
98123	12.00	62.00
98125	10.50	52.00
98128	10.30	52.00
98130	10.40	52.00
98132	10.50	52.00
98135	12.70	294.00
98137	10.30	52.00
98139	10.50	52.00
98141	10.40	52.00
98144	10.50	52.00
98146	56.30	286.00
98148	10.40	52.00
98151	10.40	52.00
98153	10.90	56.00
98155	10.50	52.00
98158	53.60	52.00
98160	10.30	52.00
98162	10.50	52.00
98164	10.50	52.00
98167	10.60	86.00
98169	10.40	52.00
98171	10.40	52.00
98174	10.50	52.00
98176	10.50	52.00
98178	17.80	88.00
98180	10.10	52.00
98183	10.60	52.00
98185	10.60	52.00
98187	10.20	52.00
98190	19.40	232.00
98192	10.40	52.00
98194	10.30	52.00
98196	10.60	52.00
98199	10.50	52.00
98201	43.90	222.00
98203	10.50	52.00
98206	10.30	52.00
98208	10.30	52.00
98210	10.50	52.00
98213	40.50	206.00
98215	10.70	52.00
98217	10.40	52.00
98219	10.40	52.00
98222	10.60	124.00
98224	35.80	52.00
98226	10.40	52.00
98229	10.20	52.00
98231	10.40	52.00
98233	31.50	160.00
98235	10.60	52.00
98238	10.50	52.00
98240	10.50	52.00
98242	10.20	52.00
98245	36.00	124.00
98247	10.40	52.00
98249	10.60	52.00
98251	10.40	52.00
98254	10.50	50.00
98256	22.00	112.00
98258	10.60	52.00
98261	10.50	52.00
98263	10.60	52.00
98265	10.30	52.00
98268	20.70	104.00
98270	10.50	52.00
98272	10.40	52.00
98274	10.10	52.00
98277	10.50	232.00
98279	19.00	52.00
98281	10.50	52.00
98284	10.40	52.00
98286	10.20	52.00
98288	48.80	246.00
98290	10.60	52.00
98293	10.40	52.00
98295	10.30	52.00
98297	10.30	52.00
98300	51.60	258.00
98302	10.40	52.00
98304	10.50	52.00
98306	10.20	52.00
98309	10.70	52.00
98311	54.10	82.00
98313	10.70	56.00
98316	10.40	52.00
98318	10.40	52.00
98320	10.50	52.00
98323	14.80	76.00
98325	10.40	52.00
98327	10.40	52.00
98329	10.60	52.00
98332	10.40	292.00
98334	13.70	52.00
98336	10.50	52.00
98339	10.00	52.00
98341	10.30	52.00
98343	60.20	304.00
98345	10.40	52.00
98348	10.40	52.00
98350	10.00	50.00
98352	10.50	52.00
98355	62.30	314.00
98357	10.70	56.00
98359	10.40	52.00
98361	10.40	52.00
98364	10.20	52.00
98366	64.80	50.00
98368	10.40	52.00
98371	10.60	52.00
98373	10.60	52.00
98375	10.60	52.00
98378	10.10	52.00
98380	10.40	52.00
98382	10.40	52.00
98384	10.40	52.00
98387	10.20	52.00
98389	10.10	52.00
98391	10.20	52.00
98394	10.60	52.00
98396	10.50	52.00
98398	10.60	338.00
98400	10.40	52.00
98403	10.40	52.00
98405	10.20	52.00
98407	10.50	52.00
98410	67.80	344.00
98412	10.50	52.00
98414	10.40	52.00
98416	10.60	52.00
98419	10.50	58.00
98421	66.30	52.00
98423	10.60	52.00
98426	10.40	52.00
98428	10.50	52.00
98430	11.90	58.00
98433	10.90	56.00
98435	10.30	52.00
98437	10.60	52.00
98439	10.40	52.00
98442	12.20	62.00
98444	10.50	52.00
98446	10.40	52.00
98449	10.30	52.00
98451	10.30	52.00
98453	12.50	294.00
98455	10.30	52.00
98458	10.50	52.00
98460	10.30	52.00
98462	10.50	52.00
98465	57.40	292.00
98467	10.20	52.00
98469	10.30	52.00
98471	10.50	52.00
98474	10.40	52.00
98476	53.50	272.00
98478	10.50	52.00
98481	10.20	52.00
98483	10.50	52.00
98485	10.50	82.00
98488	10.40	52.00
98490	10.50	52.00
98492	10.60	52.00
98494	10.50	52.00
98497	18.00	92.00
98499	10.10	52.00
98501	10.60	52.00
98504	10.50	52.00
98506	10.20	52.00
98508	19.30	236.00
98510	10.70	52.00
98513	10.70	52.00
98515	10.30	52.00
98517	10.30	52.00
98520	42.90	216.00
98522	10.60	52.00
98524	10.40	52.00
98526	10.20	52.00
98529	10.20	52.00
98531	38.50	196.00
98533	10.40	52.00
98536	10.50	52.00
98538	10.40	52.00
98540	10.50	138.00
98543	32.40	52.00
98545	10.20	52.00
98547	10.30	52.00
98549	10.40	52.00
98552	34.70	174.00
98554	10.70	56.00
98556	10.70	56.00
98559	10.20	52.00
98561	10.40	52.00
98563	37.80	114.00
98565	10.60	52.00
98568	10.30	52.00
98570	10.60	52.00
98572	10.60	52.00
98575	21.30	108.00
98577	10.70	56.00
98579	10.70	56.00
98581	10.30	52.00
98584	10.30	52.00
98586	20.30	102.00
98588	10.20	52.00
98591	10.50	52.00
98593	10.20	52.00
98595	10.50	240.00
98598	18.70	52.00
98600	10.60	52.00
98602	10.30	52.00
98604	10.40	52.00
98607	49.30	250.00
98609	10.40	52.00
98611	10.20	52.00
98614	10.30	52.00
98616	10.70	56.00
98618	52.70	266.00
98620	10.30	52.00
98623	10.20	52.00
98625	10.50	52.00
98627	10.40	52.00
98630	54.50	78.00
98632	10.10	52.00
98634	10.60	52.00
98636	10.50	52.00
98639	10.60	52.00
98641	14.20	72.00
98643	10.40	52.00
98646	10.30	52.00
98648	10.30	52.00
98650	10.40	52.00
98653	17.20	52.00
98655	10.50	52.00
98657	10.50	52.00
98659	10.60	52.00
98662	60.80	308.00
98664	10.60	52.00
98666	10.50	52.00
98669	10.30	52.00
98671	10.70	56.00
98673	64.20	324.00
98675	10.10	52.00
98678	10.50	52.00
98680	10.20	52.00
98682	10.50	52.00
98685	65.50	56.00
98687	10.60	52.00
98689	10.40	52.00
98691	10.40	52.00
98694	10.60	52.00
98696	10.20	52.00
98698	10.60	52.00
98701	10.30	52.00
98703	10.20	52.00
98705	10.30	52.00
98708	10.30	52.00
98710	10.60	50.00
98712	10.50	52.00
98714	10.40	52.00
98717	10.50	338.00
98719	10.30	52.00
98721	10.20	52.00
98724	10.50	52.00
98726	10.60	52.00
98728	67.70	344.00
98730	10.10	52.00
98733	10.40	52.00
98735	10.40	52.00
98737	10.50	52.00
98740	65.10	52.00
98742	10.30	52.00
98744	10.40	52.00
98746	10.50	52.00
98749	10.40	62.00
98751	10.50	52.00
98753	10.30	52.00
98756	10.60	52.00
98758	10.30	52.00
98760	11.90	58.00
98763	10.50	52.00
98765	10.60	52.00
98767	10.40	52.00
98769	10.40	52.00
98772	12.50	288.00
98774	10.70	52.00
98776	10.60	52.00
98779	10.50	52.00
98781	10.50	52.00
98783	61.90	314.00
98785	10.50	52.00
98788	10.50	52.00
98790	10.30	52.00
98792	10.20	52.00
98795	50.50	256.00
98797	10.30	52.00
98799	10.50	56.00
98801	10.60	52.00
98804	10.50	82.00
98806	57.90	52.00
98808	10.50	52.00
98811	10.40	52.00
98813	10.50	52.00
98815	18.30	92.00
98818	10.60	52.00
98820	10.50	52.00
98822	10.40	52.00
98824	10.70	56.00
98827	20.40	258.00
98829	10.50	52.00
98831	10.30	52.00
98834	10.30	52.00
98836	10.30	52.00
98838	49.50	252.00
98840	10.40	52.00
98843	10.70	56.00
98845	10.40	52.00
98847	10.10	52.00
98850	45.40	230.00
98852	10.70	56.00
98854	10.50	52.00
98856	10.40	52.00
98859	10.40	148.00
98861	30.10	52.00
98863	10.40	52.00
98866	10.30	52.00
98868	10.30	52.00
98870	34.10	170.00
98873	10.50	52.00
98875	10.50	52.00
98877	10.50	52.00
98879	10.10	52.00
98882	36.80	186.00
98884	10.30	52.00
98886	10.40	52.00
98889	10.60	52.00
98891	10.40	52.00
98893	41.20	108.00
98895	10.10	52.00
98898	10.60	52.00
98900	10.40	52.00
98902	10.40	52.00
98905	19.10	98.00
98907	10.50	52.00
98909	10.10	52.00
98911	10.40	52.00
98914	10.60	250.00
98916	18.30	52.00
98918	10.30	52.00
98921	10.40	52.00
98923	10.40	52.00
98925	51.80	262.00
98928	10.50	52.00
98930	10.40	52.00
98932	10.20	52.00
98934	10.50	52.00
98937	53.80	272.00
98939	10.40	52.00
98941	10.30	52.00
98944	10.50	52.00
98946	10.40	52.00
98948	55.70	72.00
98950	10.60	52.00
98953	10.60	52.00
98955	10.50	52.00
98957	10.20	52.00
98960	13.40	68.00
98962	10.40	52.00
98964	10.20	52.00
98966	10.50	52.00
98969	10.50	52.00
98971	12.00	62.00
98973	10.50	52.00
98976	10.30	52.00
98978	10.50	52.00
98980	10.40	314.00
98983	10.50	52.00
98985	10.30	52.00
98987	10.40	52.00
98989	10.40	52.00
98992	64.30	324.00
98994	10.50	52.00
98996	10.30	52.00
98999	10.40	52.00
99001	10.50	52.00
99003	66.30	50.00
99005	10.40	52.00
99008	10.30	52.00
99010	10.30	52.00
99012	10.60	52.00
99015	10.20	52.00
99017	10.40	52.00
99019	10.70	56.00
99021	10.70	56.00
99024	10.40	52.00
99026	10.30	52.00
99028	10.50	52.00
99031	10.40	52.00
99033	10.40	52.00
99035	10.70	340.00
99038	10.40	52.00
99040	10.40	52.00
99042	10.50	52.00
99044	10.40	52.00
99047	67.60	344.00
99049	10.50	52.00
99051	10.20	52.00
99054	10.40	52.00
99056	10.50	52.00
99058	63.80	52.00
99060	10.30	52.00
99063	10.50	52.00
99065	10.50	52.00
99067	10.20	58.00
99070	10.70	56.00
99072	10.40	52.00
99074	10.40	52.00
99076	10.50	52.00
99079	12.30	62.00
99081	10.40	52.00
99083	10.40	52.00
99086	10.50	52.00
99088	10.40	52.00
99090	12.60	292.00
99093	10.30	52.00
99095	10.50	52.00
99097	10.40	52.00
99099	10.50	52.00
99102	53.50	272.00
99104	10.40	52.00
99106	10.40	52.00
99109	10.10	52.00
99111	10.50	52.00
99113	52.80	268.00
99115	10.50	52.00
99118	10.20	52.00
99120	10.50	52.00
99122	10.30	88.00
99125	48.80	52.00
99127	10.60	52.00
99129	10.40	52.00
99131	10.40	52.00
99134	19.10	96.00
99136	10.60	52.00
99138	10.60	52.00
99141	10.20	52.00
99143	10.40	52.00
99145	20.60	104.00
99148	10.60	52.00
99150	10.70	52.00
99152	10.40	52.00
99154	10.20	52.00
99157	40.70	206.00
99159	10.40	52.00
99161	10.40	52.00
99164	10.50	52.00
99166	10.90	56.00
99168	32.80	168.00
99170	10.30	52.00
99173	10.40	52.00
99175	10.50	52.00
99177	10.50	160.00
99180	29.00	52.00
99182	10.60	52.00
99184	10.70	52.00
99186	10.60	52.00
99189	35.30	176.00
99191	10.40	52.00
99193	10.80	56.00
99196	10.50	52.00
99198	10.50	52.00
99200	38.80	196.00
99203	10.50	52.00
99205	10.40	56.00
99207	10.30	56.00
99209	10.30	52.00
99212	41.60	104.00
99214	10.20	52.00
99216	10.20	52.00
99219	10.50	52.00
99221	10.50	52.00
99223	19.50	98.00
99225	10.20	52.00
99228	10.20	52.00
99230	10.20	52.00
99232	10.20	52.00
99235	17.70	52.00
99237	10.50	52.00
99239	10.40	52.00
99241	10.50	52.00
99244	10.20	266.00
99246	10.70	56.00
99248	10.60	52.00
99251	10.40	52.00
99253	10.60	52.00
99255	54.70	276.00
99258	10.50	52.00
99260	10.60	52.00
99262	10.20	52.00
99264	10.50	52.00
99267	57.50	72.00
99269	10.60	52.00
99271	10.20	52.00
99274	10.50	52.00
99276	10.50	52.00
99278	12.00	62.00
99280	10.60	52.00
99283	10.30	52.00
99285	10.20	52.00
99287	10.50	52.00
99290	11.50	58.00
99292	10.10	52.00
99294	10.60	52.00
99296	10.60	52.00
99299	10.60	318.00
99301	10.40	52.00
99303	10.20	52.00
99306	10.40	52.00
99308	10.40	52.00
99310	66.30	334.00
99313	10.40	52.00
99315	10.20	52.00
99317	10.40	52.00
99319	10.60	52.00
99322	65.30	52.00
99324	10.60	50.00
99326	10.30	56.00
99329	10.60	52.00
99331	10.70	56.00
99333	10.10	52.00
99335	10.50	52.00
99338	10.30	52.00
99340	10.50	52.00
99342	10.20	52.00
99345	10.30	52.00
99347	10.30	52.00
99349	10.40	52.00
99351	10.00	52.00
99354	10.90	344.00
99356	10.40	52.00
99358	10.20	52.00
99361	10.60	52.00
99363	10.40	52.00
99365	65.50	330.00
99368	10.60	52.00
99370	10.50	52.00
99372	10.50	52.00
99374	10.30	52.00
99377	63.90	324.00
99379	10.50	52.00
99381	10.30	52.00
99384	10.40	52.00
99386	10.20	62.00
99388	60.30	52.00
99390	10.60	52.00
99393	10.20	52.00
99395	10.60	52.00
99397	12.60	62.00
99400	10.40	52.00
99402	10.20	52.00
99404	10.40	52.00
99406	10.40	52.00
99409	13.40	282.00
99411	10.30	52.00
99413	10.30	52.00
99416	10.30	52.00
99418	10.30	52.00
99420	54.30	276.00
99423	10.40	52.00
99425	10.60	52.00
99427	10.20	52.00
99429	10.30	52.00
99432	50.40	256.00
99434	10.50	52.00
99436	10.20	52.00
99439	10.50	52.00
99441	10.50	88.00
99443	49.00	52.00
99445	10.60	52.00
99448	10.30	52.00
99450	10.40	52.00
99452	19.20	98.00
99455	10.70	56.00
99457	10.60	52.00
99459	10.50	52.00
99461	10.40	52.00
99464	20.80	104.00
99466	10.30	52.00
99468	10.30	52.00
99471	10.40	52.00
99473	10.50	52.00
99475	21.70	194.00
99478	10.40	52.00
99480	10.20	52.00
99482	10.70	56.00
99484	10.60	52.00
99487	33.70	170.00
99489	10.60	52.00
99491	10.50	52.00
99494	10.50	52.00
99496	10.30	174.00
99498	24.90	52.00
99500	10.60	52.00
99503	10.40	52.00
99505	10.70	52.00
99507	37.40	190.00
99510	10.20	52.00
99512	10.50	52.00
99514	10.70	56.00
99516	10.40	52.00
99519	39.90	200.00
99521	10.60	52.00
99523	10.40	52.00
99526	10.40	52.00
99528	10.50	52.00
99530	43.90	102.00
99533	10.50	52.00
99535	10.50	52.00
99537	10.50	52.00
99539	10.50	52.00
99542	18.10	92.00
99544	10.60	52.00
99546	10.40	52.00
99549	10.50	52.00
99551	10.40	52.00
99553	17.50	52.00
99555	10.40	52.00
99558	10.60	56.00
99560	10.30	52.00
99562	10.40	268.00
99565	10.30	52.00
99567	10.30	52.00
99569	10.40	52.00
99571	10.60	52.00
99574	56.20	286.00
99576	10.00	50.00
99578	10.20	52.00
99581	10.30	52.00
99583	10.20	52.00
99585	57.70	66.00
99588	10.40	52.00
99590	10.30	52.00
99592	10.20	52.00
99594	10.60	52.00
99597	12.30	62.00
99599	10.40	52.00
99601	10.30	52.00
99604	10.30	52.00
99606	10.20	52.00
99608	10.40	52.00
99610	10.20	52.00
99613	10.40	56.00
99615	10.60	52.00
99617	10.50	330.00
99620	10.10	52.00
99622	10.30	52.00
99624	10.50	52.00
99626	10.30	52.00
99629	65.70	330.00
99631	10.40	52.00
99633	10.30	52.00
99636	10.40	52.00
99638	10.60	52.00
99640	65.30	330.00
99643	10.70	52.00
99645	10.70	52.00
99647	10.40	52.00
99649	10.50	56.00
99652	10.30	52.00
99654	10.50	52.00
99656	10.50	52.00
99659	10.20	52.00
99661	11.00	56.00
99663	10.50	52.00
99665	10.40	52.00
99668	10.40	52.00
99670	10.60	52.00
99672	11.70	330.00
99675	10.60	52.00
99677	10.40	52.00
99679	10.50	52.00
99681	10.40	52.00
99684	63.40	322.00
99686	10.20	52.00
99688	10.50	52.00
99691	10.60	52.00
99693	10.50	52.00
99695	60.50	308.00
99698	10.60	52.00
99700	10.60	52.00
99702	10.50	52.00
99704	10.20	62.00
99707	58.90	52.00
99709	10.60	52.00
99711	10.50	52.00
99714	10.20	52.00
99716	13.60	68.00
99718	10.40	52.00
99720	10.50	52.00
99723	10.50	52.00
99725	10.40	52.00
99727	15.00	76.00
99730	10.20	52.00
99732	10.70	52.00
99734	10.40	52.00
99736	10.00	52.00
99739	16.60	256.00
99741	10.30	52.00
99743	10.40	52.00
99746	10.40	52.00
99748	10.30	52.00
99750	48.40	246.00
99753	10.00	50.00
99755	10.30	52.00
99757	10.20	52.00
99759	10.30	98.00
99762	44.40	52.00
99764	10.30	52.00
99766	10.50	52.00
99769	10.60	52.00
99771	21.20	108.00
99773	10.40	52.00
99775	10.40	52.00
99778	10.40	52.00
99780	10.40	52.00
99782	22.40	114.00
99785	10.30	52.00
99787	10.50	52.00
99789	10.20	52.00
99791	10.70	52.00
99794	28.70	168.00
99796	10.10	52.00
99798	10.50	52.00
99801	10.30	52.00
99803	10.40	52.00
99805	24.70	124.00
99808	10.30	52.00
99810	10.60	52.00
99812	10.30	52.00
99814	10.70	56.00
99817	22.70	52.00
99819	10.10	52.00
99821	10.20	52.00
99824	10.30	52.00
99826	40.50	204.00
99828	10.60	52.00
99830	10.10	52.00
99833	10.40	52.00
99835	10.40	52.00
99837	42.90	216.00
99840	10.50	52.00
99842	10.40	52.00
99844	10.40	52.00
99846	10.50	52.00
99849	45.60	98.00
99851	10.40	50.00
99853	10.60	56.00
99856	10.50	52.00
99858	10.50	52.00
99860	18.00	92.00
99863	10.30	52.00
99865	10.40	52.00
99867	10.20	52.00
99869	10.40	52.00
99872	16.10	82.00
99874	10.60	56.00
99876	10.70	52.00
99879	10.50	52.00
99881	10.30	278.00
99883	15.30	52.00
99885	10.40	52.00
99888	10.60	52.00
99890	10.60	52.00
99892	56.80	288.00
99895	10.60	52.00
99897	10.50	52.00
99899	10.20	52.00
99901	10.60	52.00
99904	59.70	66.00
99906	10.40	52.00
99908	10.60	52.00
99911	10.20	52.00
99913	10.30	56.00
99915	10.70	56.00
99918	10.40	52.00
99920	10.50	52.00
99922	10.50	52.00
99924	10.30	52.00
99927	10.30	52.00
99929	10.70	56.00
99931	10.20	52.00
99934	10.30	52.00
99936	10.50	330.00
99938	10.30	52.00
99940	10.50	52.00
99943	10.50	52.00
99945	10.30	52.00
99947	65.30	330.00
99950	10.30	52.00
99952	10.10	52.00
99954	10.50	52.00
99956	10.60	52.00
99959	66.30	334.00
99961	10.20	52.00
99963	10.50	52.00
99966	10.40	52.00
99968	10.50	56.00
99970	67.70	52.00
99973	10.40	52.00
99975	10.20	52.00
99977	10.50	52.00
99979	11.50	58.00
99982	10.60	52.00
99984	10.20	52.00
99986	10.40	52.00
99989	10.70	56.00
99991	11.60	340.00
99993	10.80	52.00
99995	10.40	52.00
99998	10.60	52.00
100000	10.30	52.00
100002	63.60	322.00
100005	10.10	52.00
100007	10.50	52.00
100009	10.60	52.00
100011	10.40	52.00
100014	63.40	322.00
100016	10.50	52.00
100018	10.40	52.00
100021	10.40	52.00
100023	10.20	62.00
100025	59.40	52.00
100028	10.50	52.00
100030	10.40	52.00
100032	10.30	52.00
100034	12.70	66.00
100037	10.50	52.00
100039	10.60	52.00
100041	10.40	52.00
100044	10.40	52.00
100046	13.10	66.00
100048	10.60	52.00
100050	10.40	52.00
100053	10.50	52.00
100055	10.20	52.00
100057	14.70	278.00
100060	10.40	52.00
100062	10.40	52.00
100064	10.40	52.00
100066	10.60	52.00
100069	51.80	262.00
100071	10.40	52.00
100073	10.80	56.00
100076	10.40	52.00
100078	10.40	88.00
100080	51.10	52.00
100083	10.40	52.00
100085	10.20	52.00
100087	10.20	52.00
100089	19.70	98.00
100092	10.70	56.00
100094	10.40	52.00
100096	10.20	52.00
100099	10.60	52.00
100101	21.90	112.00
100103	10.20	52.00
100105	10.40	52.00
100108	10.60	52.00
100110	10.20	52.00
100112	24.00	176.00
100115	10.30	52.00
100117	10.40	52.00
100119	10.40	52.00
100121	10.40	52.00
100124	31.90	160.00
100126	10.40	52.00
100128	10.80	56.00
100131	10.50	52.00
100133	10.50	52.00
100135	25.90	132.00
100138	10.20	52.00
100140	10.40	52.00
100142	10.30	52.00
100144	10.60	190.00
100147	10.30	52.00
100149	10.50	52.00
100151	10.30	52.00
100154	10.60	52.00
100156	38.30	194.00
100158	10.20	52.00
100160	10.40	52.00
100163	10.40	52.00
100165	10.40	52.00
100167	44.00	102.00
100170	10.70	52.00
100172	10.40	52.00
100174	10.40	52.00
100176	10.60	52.00
100179	18.40	92.00
100181	10.60	52.00
100183	10.50	52.00
100186	10.50	52.00
100188	10.50	52.00
100190	17.80	92.00
100193	17.20	88.00
100195	10.50	52.00
100197	10.40	52.00
100199	10.20	266.00
100202	16.30	52.00
100204	10.30	52.00
100206	10.50	52.00
100209	10.40	52.00
100211	54.50	276.00
100213	10.70	56.00
100215	10.30	52.00
100218	10.50	52.00
100220	10.50	52.00
100222	55.40	278.00
100225	10.40	52.00
100227	10.70	52.00
100229	10.30	52.00
100231	10.40	52.00
100234	59.00	66.00
100236	10.40	52.00
100238	10.20	52.00
100241	10.70	56.00
100243	10.40	52.00
100245	11.60	58.00
100248	10.20	52.00
100250	10.20	52.00
100252	10.50	52.00
100254	10.60	322.00
100257	10.70	52.00
100259	10.40	56.00
100261	10.60	52.00
100264	10.50	52.00
100266	65.40	330.00
100268	10.20	52.00
100270	10.60	52.00
100273	10.70	56.00
100275	10.30	52.00
100277	65.60	330.00
100280	10.40	52.00
100282	10.30	52.00
100284	10.20	52.00
100286	10.50	52.00
100289	65.30	52.00
100291	10.60	52.00
100293	10.50	52.00
100296	10.10	52.00
100298	10.10	52.00
100300	10.30	52.00
100303	10.40	52.00
100305	10.40	52.00
100307	10.20	52.00
100309	10.80	56.00
100312	10.30	52.00
100314	10.50	52.00
100316	10.50	52.00
100319	10.50	52.00
100321	67.40	340.00
100323	10.20	52.00
100325	10.30	52.00
100328	10.50	52.00
100330	10.50	52.00
100332	64.50	328.00
100335	10.20	52.00
100337	10.40	52.00
100339	10.50	52.00
100341	10.50	62.00
100344	62.30	52.00
100346	10.50	52.00
100348	10.50	52.00
100351	10.70	56.00
100353	12.30	62.00
100355	10.60	52.00
100358	10.60	52.00
100360	10.50	52.00
100362	10.30	52.00
100364	12.80	66.00
100367	10.20	52.00
100369	10.60	52.00
100371	10.30	52.00
100374	10.30	52.00
100376	14.00	282.00
100378	10.50	52.00
100380	10.20	52.00
100383	10.60	52.00
100385	10.40	52.00
100387	52.20	266.00
100390	10.50	52.00
100392	10.50	52.00
100394	10.60	52.00
100396	10.50	52.00
100399	50.50	52.00
100401	10.60	52.00
100403	10.40	56.00
100406	10.40	52.00
100408	10.20	96.00
100410	10.60	52.00
100413	10.80	56.00
100415	10.50	52.00
100417	10.50	52.00
100419	20.10	102.00
100422	10.40	52.00
100424	10.20	52.00
100426	10.40	52.00
100429	10.10	52.00
100431	22.00	206.00
100433	10.50	52.00
100435	10.60	52.00
100438	10.50	52.00
100440	10.60	52.00
100442	37.00	186.00
100445	10.30	52.00
100447	10.60	52.00
100449	10.40	52.00
100451	10.40	52.00
100454	30.00	150.00
100456	10.60	52.00
100458	10.30	52.00
100461	10.70	52.00
100463	10.60	176.00
100465	25.80	52.00
100468	10.40	52.00
100470	10.40	52.00
100472	10.50	52.00
100474	37.30	186.00
100477	10.60	52.00
100479	10.30	52.00
100481	10.40	52.00
100484	10.40	52.00
100486	41.70	108.00
100488	10.40	52.00
100490	10.50	52.00
100493	10.60	52.00
100495	10.20	52.00
100497	19.50	98.00
100500	10.20	52.00
100502	10.10	52.00
100504	10.40	52.00
100506	10.50	52.00
100509	18.10	92.00
100511	10.50	52.00
100513	10.50	52.00
100516	10.40	52.00
100518	10.50	262.00
100520	16.90	52.00
100523	10.50	52.00
100525	10.20	52.00
100527	10.50	52.00
100529	54.10	272.00
100532	10.60	52.00
100534	10.40	52.00
100536	10.60	52.00
100539	10.60	52.00
100541	55.20	278.00
100543	10.60	52.00
100545	10.70	52.00
100548	10.50	52.00
100550	10.50	52.00
100552	58.40	66.00
100555	10.30	52.00
100557	10.40	52.00
100559	10.50	52.00
100561	10.10	52.00
100564	12.00	62.00
100566	10.40	52.00
100568	10.40	52.00
100571	10.30	52.00
100573	10.50	314.00
100575	11.00	52.00
100578	10.40	56.00
100580	10.60	52.00
100582	10.30	52.00
100584	63.60	322.00
100587	10.20	52.00
100589	10.60	52.00
100591	10.30	52.00
100594	10.60	52.00
100596	65.90	334.00
100598	10.60	52.00
100600	10.30	52.00
100603	10.50	52.00
100605	10.20	52.00
100607	65.50	50.00
100610	10.50	52.00
100612	10.50	56.00
100614	10.40	52.00
100616	10.60	52.00
100619	10.30	52.00
100621	10.50	52.00
100623	10.70	56.00
100626	10.20	52.00
100628	11.00	56.00
100630	10.40	52.00
100633	10.40	56.00
100635	10.40	52.00
100637	10.60	52.00
100639	11.60	340.00
100642	10.40	52.00
100644	10.50	52.00
100646	10.20	52.00
100649	10.60	52.00
100651	64.30	324.00
100653	10.60	52.00
100655	10.60	52.00
100658	10.40	52.00
100660	10.50	62.00
100662	62.00	52.00
100665	10.40	52.00
100667	10.50	52.00
100669	10.40	52.00
100671	12.30	62.00
100674	10.10	52.00
100676	10.70	56.00
100678	10.50	52.00
100681	10.40	52.00
100683	13.10	66.00
100685	10.30	52.00
100688	10.50	52.00
100690	10.50	52.00
100692	10.30	52.00
100694	13.90	276.00
100697	10.30	52.00
100699	10.60	52.00
100701	10.70	56.00
100704	10.50	52.00
100706	53.30	268.00
100708	10.60	52.00
100710	10.50	52.00
100713	10.50	52.00
100715	10.30	52.00
100717	48.60	246.00
100720	10.50	52.00
100722	10.40	52.00
100724	10.60	52.00
100726	10.50	92.00
100729	47.50	52.00
100731	10.40	52.00
100733	10.20	52.00
100736	10.60	52.00
100738	20.40	102.00
100740	10.50	52.00
100743	10.30	52.00
100745	10.70	56.00
100747	10.60	52.00
100749	22.10	216.00
100752	10.40	52.00
100754	10.60	52.00
100756	10.40	52.00
100759	10.30	52.00
100761	34.30	174.00
100763	10.40	52.00
100765	10.20	52.00
100768	10.50	52.00
100770	10.40	52.00
100772	30.30	154.00
100775	10.60	52.00
100777	10.50	52.00
100779	10.10	52.00
100781	10.20	176.00
100784	24.10	52.00
100786	10.40	56.00
100788	10.50	52.00
100791	10.50	52.00
100793	38.20	194.00
100795	10.20	52.00
100798	10.70	56.00
100800	10.20	52.00
100802	10.50	52.00
100804	40.20	204.00
100807	10.10	52.00
100809	10.30	52.00
100811	10.70	52.00
100814	10.40	52.00
100816	20.10	102.00
100818	10.70	56.00
100820	10.00	50.00
100823	10.20	52.00
100825	10.40	52.00
100827	18.70	96.00
100830	10.40	52.00
100832	10.20	52.00
100834	10.50	52.00
100836	10.10	258.00
100839	17.70	52.00
100841	10.60	52.00
100843	10.50	52.00
100846	10.40	52.00
100848	52.60	266.00
100850	10.60	52.00
100853	10.30	52.00
100855	10.70	56.00
100857	10.40	52.00
100859	55.30	278.00
100862	10.40	52.00
100864	10.30	52.00
100866	10.30	52.00
100869	10.50	52.00
100871	57.00	68.00
100873	10.50	52.00
100875	10.40	52.00
100878	10.50	52.00
100880	10.50	52.00
100882	12.50	62.00
100885	10.30	52.00
100887	10.50	52.00
100889	10.50	52.00
100891	10.50	52.00
100894	10.80	52.00
100896	10.40	52.00
100898	10.40	52.00
100901	10.20	52.00
100903	10.70	328.00
100905	10.40	52.00
100908	10.50	52.00
100910	10.40	52.00
100912	10.40	52.00
100914	65.80	334.00
100917	10.40	52.00
100919	10.50	52.00
100921	10.60	52.00
100924	10.60	52.00
100926	64.90	52.00
100928	10.30	52.00
100930	10.50	52.00
100933	10.20	52.00
100935	10.60	52.00
100937	10.40	52.00
100940	10.40	52.00
100942	10.50	52.00
100944	10.50	52.00
100946	10.80	56.00
100949	10.40	52.00
100951	10.10	52.00
100953	10.50	52.00
100956	10.50	52.00
100958	11.40	338.00
100960	10.50	52.00
100963	10.30	52.00
100965	10.20	52.00
100967	10.60	52.00
100969	65.80	334.00
100972	10.30	52.00
100974	10.50	52.00
100976	10.50	52.00
100979	10.20	52.00
100981	63.00	56.00
100983	10.50	56.00
100985	10.70	52.00
100988	10.30	52.00
100990	10.30	62.00
100992	10.50	52.00
100995	10.50	52.00
100997	10.50	52.00
100999	10.70	56.00
101001	12.30	62.00
101004	10.20	52.00
101006	10.50	52.00
101008	10.40	52.00
101011	10.50	52.00
101013	13.80	272.00
101015	10.20	52.00
101018	10.50	52.00
101020	10.30	52.00
101022	10.20	52.00
101024	53.80	272.00
101027	10.20	52.00
101029	10.30	52.00
101031	10.50	52.00
101034	10.30	52.00
101036	48.80	250.00
101038	10.50	52.00
101040	10.70	52.00
101043	10.20	52.00
101045	10.50	96.00
101047	47.60	52.00
101050	10.40	52.00
101052	10.50	52.00
101054	10.30	52.00
101056	20.40	102.00
101059	10.40	52.00
101061	10.60	52.00
101063	10.20	52.00
101066	10.10	52.00
101068	21.70	212.00
101070	10.30	52.00
101073	10.40	52.00
101075	10.60	52.00
101077	10.40	56.00
101079	34.90	176.00
101082	10.60	52.00
101084	10.50	52.00
101086	10.00	50.00
101089	10.30	52.00
101091	31.10	158.00
101093	10.50	52.00
101095	10.40	52.00
101098	10.60	52.00
101100	10.30	176.00
101102	23.70	52.00
101105	10.30	52.00
101107	10.40	52.00
101109	10.20	52.00
101111	38.40	194.00
101114	10.40	52.00
101116	10.20	52.00
101118	10.40	52.00
101121	10.50	52.00
101123	40.00	204.00
101125	10.60	52.00
101128	10.70	52.00
101130	10.50	52.00
101132	10.30	52.00
101134	44.10	102.00
101137	10.40	52.00
101139	10.60	52.00
101141	10.40	52.00
101144	10.40	52.00
101146	18.10	92.00
101148	10.20	52.00
101150	10.30	52.00
101153	10.40	52.00
101155	10.50	252.00
101157	17.90	52.00
101160	10.20	52.00
101162	10.30	52.00
101164	10.20	52.00
101166	52.70	266.00
101169	10.60	52.00
101171	10.00	50.00
101173	10.30	52.00
101176	10.40	52.00
101178	55.60	282.00
101180	10.20	52.00
101183	10.40	52.00
101185	10.20	52.00
101187	10.30	52.00
101189	56.50	68.00
101192	10.20	52.00
101194	10.20	52.00
101196	10.50	52.00
101199	10.20	52.00
101201	12.70	66.00
101203	10.40	52.00
101205	10.50	52.00
101208	10.50	52.00
101210	10.20	52.00
101212	11.00	56.00
101215	10.60	52.00
101217	10.40	52.00
101219	10.40	52.00
101221	10.50	324.00
101224	10.30	52.00
101226	10.70	56.00
101228	10.50	52.00
101231	10.40	52.00
101233	65.70	330.00
101235	10.20	52.00
101238	10.60	52.00
101240	10.50	52.00
101242	10.60	52.00
101244	65.90	50.00
101247	10.70	52.00
101249	10.70	52.00
101251	10.50	52.00
101254	10.40	52.00
101256	10.50	52.00
101258	10.40	52.00
101260	10.20	52.00
101263	10.40	52.00
101265	10.80	56.00
101267	10.10	52.00
101270	10.50	52.00
101272	10.20	52.00
101274	10.70	52.00
101276	11.40	338.00
101279	10.50	52.00
101281	10.50	52.00
101283	10.50	52.00
101286	10.50	52.00
101288	64.60	328.00
101290	10.60	52.00
101293	10.50	52.00
101295	10.10	52.00
101297	10.50	52.00
101299	60.70	308.00
101302	10.40	52.00
101304	10.20	52.00
101306	10.50	52.00
101309	10.40	62.00
101311	10.30	52.00
101313	10.20	52.00
101315	10.30	52.00
101318	10.50	52.00
101320	12.90	66.00
101322	10.30	52.00
101325	10.40	52.00
101327	10.40	52.00
101329	10.50	52.00
101331	14.70	278.00
101334	10.30	52.00
101336	10.20	52.00
101338	10.50	52.00
101341	10.70	56.00
101343	50.80	258.00
101345	10.50	52.00
101348	10.40	52.00
101350	10.40	52.00
101352	10.50	52.00
101354	49.00	250.00
101357	10.50	52.00
101359	10.20	52.00
101361	10.40	52.00
101364	10.50	98.00
101366	44.50	52.00
101368	10.40	52.00
101370	10.50	52.00
101373	10.50	52.00
101375	20.80	104.00
101377	10.40	52.00
101380	10.30	52.00
101382	10.50	52.00
101384	10.60	52.00
101386	22.70	114.00
101389	10.30	52.00
101391	10.50	52.00
101393	10.40	52.00
101396	10.40	52.00
101398	27.70	174.00
101400	10.10	52.00
101403	10.30	52.00
101405	10.40	52.00
101407	10.40	52.00
101409	26.00	132.00
101412	10.50	52.00
101414	10.40	52.00
101416	10.50	52.00
101419	10.20	184.00
101421	23.80	52.00
101423	10.50	52.00
101425	10.20	52.00
101428	10.60	52.00
101430	38.50	194.00
101432	10.50	52.00
101435	10.40	52.00
101437	10.20	52.00
101439	10.50	52.00
101441	42.70	216.00
101444	10.60	52.00
101446	10.40	52.00
101448	10.60	52.00
101451	10.50	52.00
101453	46.30	96.00
101455	10.30	52.00
101458	10.30	52.00
101460	10.40	52.00
101462	10.50	52.00
101464	18.10	92.00
101467	10.70	56.00
101469	10.30	52.00
101471	10.30	52.00
101474	10.50	52.00
101476	16.40	52.00
101478	10.70	52.00
101480	10.50	52.00
101483	10.60	52.00
101485	10.30	276.00
101487	10.40	52.00
101490	10.50	52.00
101492	10.40	52.00
101494	10.60	52.00
101496	56.30	286.00
101499	10.60	52.00
101501	10.50	52.00
101503	10.20	52.00
101506	10.50	52.00
101508	59.20	66.00
101510	10.40	52.00
101513	10.50	52.00
101515	10.40	52.00
101517	10.50	52.00
101519	11.40	58.00
101522	10.60	52.00
101524	10.60	52.00
101526	10.50	52.00
101529	10.60	52.00
101531	10.60	52.00
101533	10.30	52.00
101535	10.40	52.00
101538	10.50	52.00
101540	10.40	330.00
101542	10.00	52.00
101545	10.50	52.00
101547	10.40	52.00
101549	10.50	52.00
101551	66.10	334.00
101554	10.00	50.00
101556	10.10	52.00
101558	10.60	52.00
101561	10.20	52.00
101563	65.20	52.00
101565	10.40	52.00
101568	10.40	52.00
101570	10.40	52.00
101572	10.20	52.00
101574	10.10	52.00
101577	10.40	52.00
101579	10.30	52.00
101581	10.50	52.00
101584	11.20	56.00
101586	10.20	52.00
101588	10.20	52.00
101590	10.40	52.00
101593	10.50	52.00
101595	11.60	334.00
101597	10.70	52.00
101600	10.70	52.00
101602	10.40	52.00
101604	10.40	52.00
101606	63.10	322.00
101609	10.60	52.00
101611	10.40	52.00
101613	10.30	52.00
101616	10.50	52.00
101618	61.50	312.00
101620	10.30	52.00
101623	10.40	52.00
101625	10.30	52.00
101627	10.40	62.00
101629	57.90	52.00
101632	10.40	52.00
101634	10.40	52.00
101636	10.40	52.00
101639	13.20	66.00
101641	10.30	52.00
101643	10.50	52.00
101645	10.20	52.00
101648	10.20	52.00
101650	15.00	268.00
101652	10.40	52.00
101655	10.70	52.00
101657	10.40	52.00
101659	10.20	52.00
101661	51.30	258.00
101664	10.40	52.00
101666	10.40	52.00
101668	10.60	52.00
101671	10.20	52.00
101673	47.50	242.00
101675	10.50	52.00
101678	10.40	52.00
101680	10.50	52.00
101682	10.20	92.00
101684	49.00	52.00
101687	10.50	52.00
101689	10.40	52.00
101691	10.20	52.00
101694	19.10	96.00
101696	10.60	52.00
101698	10.40	52.00
101700	10.40	52.00
101703	10.50	52.00
101705	20.40	102.00
101707	10.20	52.00
101710	10.50	52.00
101712	10.30	52.00
101714	10.50	52.00
101716	21.90	206.00
101719	10.20	52.00
101721	10.50	52.00
101723	10.20	52.00
101726	10.70	56.00
101728	37.20	190.00
101730	10.40	52.00
101733	10.40	52.00
101735	10.40	52.00
101737	10.50	150.00
101739	29.80	52.00
101742	10.30	52.00
101744	10.60	52.00
101746	10.10	52.00
101749	34.90	176.00
101751	10.10	52.00
101753	10.20	52.00
101755	10.50	52.00
101758	10.30	52.00
101760	37.40	190.00
101762	10.40	52.00
101765	10.40	52.00
101767	10.40	52.00
101769	10.60	52.00
101771	40.30	112.00
101774	10.60	52.00
101776	10.60	52.00
101778	10.50	52.00
101781	10.20	52.00
101783	19.50	98.00
101785	10.50	52.00
101788	10.00	50.00
101790	10.50	52.00
101792	10.40	52.00
101794	19.30	98.00
101797	10.70	52.00
101799	10.60	52.00
101801	10.20	56.00
101804	10.40	252.00
101806	10.60	52.00
101808	10.40	52.00
101810	10.40	52.00
101813	10.30	52.00
101815	53.20	268.00
101817	10.60	52.00
101820	10.20	52.00
101822	10.40	52.00
101824	10.40	52.00
101826	54.10	78.00
101829	10.40	52.00
101831	10.50	52.00
101833	10.50	52.00
101836	10.40	52.00
101838	14.80	76.00
101840	10.50	52.00
101843	10.60	52.00
101845	10.60	52.00
101847	10.40	52.00
101849	13.30	68.00
101852	10.50	52.00
101854	10.20	52.00
101856	10.30	52.00
101859	10.40	304.00
101861	12.70	52.00
101863	10.50	52.00
101865	10.20	52.00
101868	10.50	52.00
101870	60.90	308.00
101872	10.40	52.00
101875	10.60	52.00
101877	10.40	52.00
101879	10.40	52.00
101881	63.70	322.00
101884	10.20	52.00
101886	10.30	56.00
101888	10.40	52.00
101891	10.20	52.00
101893	65.30	52.00
101895	10.40	52.00
101898	10.70	56.00
101900	10.40	52.00
101902	10.60	52.00
101904	10.20	52.00
101907	10.60	52.00
101909	10.60	52.00
101911	10.50	52.00
101914	10.50	330.00
101916	10.40	52.00
101918	10.40	52.00
101920	10.40	52.00
101923	10.80	56.00
101925	65.70	334.00
101927	10.40	52.00
101930	10.50	52.00
101932	10.40	52.00
101934	10.40	52.00
101936	68.20	344.00
101939	10.50	52.00
101941	10.70	52.00
101943	10.70	52.00
101946	10.20	58.00
101948	67.60	52.00
101950	10.50	52.00
101953	10.30	52.00
101955	10.40	52.00
101957	11.60	58.00
101959	10.50	52.00
101962	10.60	52.00
101964	10.20	52.00
101966	10.10	52.00
101969	12.00	62.00
101971	10.80	52.00
101973	10.50	52.00
101975	10.20	52.00
101978	10.40	52.00
101980	12.40	302.00
101982	10.50	52.00
101985	10.40	52.00
101987	10.40	52.00
101989	10.50	52.00
101991	58.80	298.00
101994	10.50	52.00
101996	10.40	52.00
101998	10.20	52.00
102001	10.20	72.00
102003	54.30	52.00
102005	10.50	52.00
102008	10.60	52.00
102010	10.30	52.00
102012	14.90	76.00
102014	10.40	52.00
102017	10.70	56.00
102019	10.40	52.00
102021	10.50	52.00
102024	16.90	86.00
102026	10.50	52.00
102028	10.60	52.00
102030	10.60	52.00
102033	10.20	52.00
102035	18.00	250.00
102037	10.50	52.00
102040	10.40	52.00
102042	10.80	56.00
102044	10.40	52.00
102046	45.60	232.00
102049	10.60	52.00
102051	10.40	52.00
102053	10.40	52.00
102056	10.30	52.00
102058	43.90	52.00
102060	10.40	52.00
102063	10.70	52.00
102065	10.40	52.00
102067	10.50	112.00
102069	10.50	52.00
102072	10.50	52.00
102074	10.60	52.00
102076	10.60	52.00
102079	25.70	132.00
102081	10.40	52.00
102083	10.50	52.00
102085	10.50	52.00
102088	10.70	52.00
102090	31.20	154.00
102092	10.50	52.00
102095	10.50	52.00
102097	10.40	52.00
102099	10.60	52.00
102101	23.70	122.00
102104	10.50	52.00
102106	10.50	52.00
102108	10.40	52.00
102111	10.60	52.00
102113	22.50	114.00
102115	10.30	52.00
102118	10.50	52.00
102120	10.60	52.00
102122	10.50	206.00
102124	20.40	52.00
102127	10.40	52.00
102129	10.40	52.00
102131	10.40	52.00
102134	46.20	232.00
102136	10.60	52.00
102138	10.50	52.00
102140	10.30	52.00
102143	10.40	52.00
102145	48.80	88.00
102147	10.50	52.00
102150	10.30	52.00
102152	10.50	52.00
102154	10.40	52.00
102156	17.30	88.00
102159	10.70	56.00
102161	10.20	52.00
102163	10.30	52.00
102166	10.50	52.00
102168	15.20	78.00
102170	10.50	52.00
102173	10.30	52.00
102175	10.40	52.00
102177	10.40	286.00
102179	14.50	52.00
102182	10.30	52.00
102184	10.20	56.00
102186	10.40	52.00
102189	58.50	294.00
102191	10.50	52.00
102193	10.40	52.00
102195	10.30	52.00
102198	10.50	52.00
102200	61.00	308.00
102202	10.30	52.00
102205	10.40	52.00
102207	10.40	52.00
102209	10.40	56.00
102211	62.10	52.00
102214	10.60	52.00
102216	10.40	52.00
102218	10.20	52.00
102221	10.30	52.00
102223	9.90	50.00
102225	10.50	52.00
102228	10.50	52.00
102230	10.60	52.00
102232	10.40	334.00
102234	10.00	52.00
102237	10.50	52.00
102239	10.50	52.00
102241	10.70	52.00
102244	65.10	330.00
102246	10.10	52.00
102248	10.40	52.00
102250	10.50	52.00
102253	10.40	52.00
102255	66.60	338.00
102257	10.60	52.00
102260	10.50	52.00
102262	10.50	52.00
102264	10.40	56.00
102266	68.40	52.00
102269	10.20	52.00
102271	10.60	52.00
102273	10.60	52.00
102276	11.60	58.00
102278	10.60	52.00
102280	10.30	52.00
102283	10.20	52.00
102285	10.50	52.00
102287	12.40	62.00
102289	10.70	56.00
102292	10.50	52.00
102294	10.40	52.00
102296	10.60	52.00
102299	12.40	308.00
102301	10.60	52.00
102303	10.30	52.00
102305	10.30	52.00
102308	10.50	52.00
102310	59.00	298.00
102312	10.40	52.00
102315	10.60	52.00
102317	10.30	52.00
102319	10.20	66.00
102321	55.50	52.00
102324	10.30	52.00
102326	10.50	52.00
102328	10.50	52.00
102331	14.70	76.00
102333	10.40	52.00
102335	10.60	52.00
102338	10.70	56.00
102340	10.50	52.00
102342	15.90	78.00
102344	10.50	52.00
102347	10.40	52.00
102349	10.60	52.00
102351	10.40	52.00
102354	17.30	256.00
102356	10.40	52.00
102358	10.50	52.00
102360	10.30	52.00
102363	10.20	52.00
102365	47.40	240.00
102367	10.30	52.00
102370	10.40	52.00
102372	10.60	52.00
102374	10.40	52.00
102376	45.90	232.00
102379	10.10	56.00
102381	10.40	52.00
102383	10.70	52.00
102386	10.50	104.00
102388	41.80	52.00
102390	10.40	52.00
102393	10.50	52.00
102395	10.40	52.00
102397	23.20	118.00
102399	10.50	52.00
102402	10.40	52.00
102404	10.50	52.00
102406	10.50	52.00
102409	26.90	158.00
102411	10.40	52.00
102413	10.20	52.00
102415	10.50	52.00
102418	10.50	52.00
102420	27.20	138.00
102422	10.20	52.00
102425	10.40	52.00
102427	10.40	52.00
102429	10.20	52.00
102431	22.20	112.00
102434	10.50	52.00
102436	10.30	52.00
102438	10.50	52.00
102441	10.60	206.00
102443	21.80	52.00
102445	10.40	52.00
102448	10.40	52.00
102450	10.50	52.00
102452	44.00	222.00
102454	10.50	52.00
102457	10.50	52.00
102459	10.50	52.00
102461	10.70	56.00
102464	47.90	242.00
102466	10.50	52.00
102468	10.50	52.00
102470	10.60	52.00
102473	10.30	52.00
102475	50.60	88.00
102477	10.10	52.00
102480	10.40	52.00
102482	10.30	52.00
102484	10.20	52.00
102486	16.20	82.00
102489	10.50	52.00
102491	10.40	52.00
102493	10.50	52.00
102496	10.20	278.00
102498	14.40	52.00
102500	10.30	52.00
102503	10.20	52.00
102505	10.50	52.00
102507	58.40	294.00
102509	10.60	52.00
102512	10.40	52.00
102514	10.40	52.00
102516	10.80	56.00
102519	59.80	302.00
102521	10.50	52.00
102523	10.20	52.00
102525	10.60	52.00
102528	10.10	52.00
102530	63.10	56.00
102532	10.40	52.00
102535	10.30	52.00
102537	10.50	52.00
102539	10.40	52.00
102541	10.10	52.00
102544	10.40	52.00
102546	10.60	52.00
102548	10.50	52.00
102551	10.60	52.00
102553	10.00	52.00
102555	10.30	52.00
102558	10.50	52.00
102560	10.40	52.00
102562	10.20	334.00
102564	10.50	52.00
102567	10.50	52.00
102569	10.50	52.00
102571	10.40	52.00
102574	66.80	338.00
102576	10.60	52.00
102578	10.40	52.00
102580	10.10	52.00
102583	10.30	58.00
102585	68.00	52.00
102587	10.10	52.00
102590	10.40	52.00
102592	10.60	52.00
102594	12.00	62.00
102596	10.40	52.00
102599	10.50	52.00
102601	10.40	52.00
102603	10.40	52.00
102606	12.30	62.00
102608	10.40	52.00
102610	10.40	52.00
102613	10.30	52.00
102615	10.70	52.00
102617	12.30	302.00
102619	10.80	52.00
102622	10.20	52.00
102624	10.50	52.00
102626	10.40	52.00
102629	56.50	286.00
102631	10.50	52.00
102633	10.30	52.00
102635	10.50	52.00
102638	10.50	52.00
102640	55.40	52.00
102642	10.50	52.00
102645	10.30	52.00
102647	10.40	52.00
102649	10.60	82.00
102651	10.40	52.00
102654	10.30	52.00
102656	10.70	56.00
102658	10.50	52.00
102661	17.20	86.00
102663	10.40	52.00
102665	10.50	52.00
102668	10.30	52.00
102670	10.50	52.00
102672	18.00	240.00
102674	10.60	52.00
102677	10.20	52.00
102679	10.50	52.00
102681	10.40	52.00
102684	45.80	232.00
102686	10.40	52.00
102688	10.30	52.00
102690	10.70	56.00
102693	10.40	52.00
102695	41.80	212.00
102697	10.50	52.00
102700	10.40	52.00
102702	10.50	52.00
102704	10.50	122.00
102706	37.40	52.00
102709	10.60	52.00
102711	10.40	52.00
102713	10.40	52.00
102716	29.70	150.00
102718	10.40	52.00
102720	10.50	52.00
102723	10.50	52.00
102725	10.40	52.00
102727	34.70	132.00
102729	10.30	52.00
102732	10.50	52.00
102734	10.70	52.00
102736	10.00	52.00
102739	22.60	114.00
102741	10.20	52.00
102743	10.50	52.00
102745	10.60	52.00
102748	10.50	52.00
102750	20.80	104.00
102752	10.60	52.00
102755	10.30	52.00
102757	10.30	52.00
102759	10.40	226.00
102761	19.80	52.00
102764	10.40	50.00
102766	10.20	52.00
102768	10.40	52.00
102771	47.20	240.00
102773	10.50	52.00
102775	10.50	52.00
102778	10.40	52.00
102780	10.50	52.00
102782	52.00	262.00
102784	10.30	52.00
102787	10.00	52.00
102789	10.10	50.00
102791	10.30	52.00
102794	53.60	78.00
102796	10.30	52.00
102798	10.10	52.00
102800	10.60	52.00
102803	10.60	52.00
102805	14.60	76.00
102807	10.50	52.00
102810	10.20	52.00
102812	10.50	52.00
102814	10.40	294.00
102816	12.60	56.00
102819	10.10	52.00
102821	10.70	52.00
102823	10.20	52.00
102826	60.80	308.00
102828	10.50	52.00
102830	10.30	52.00
102833	10.30	52.00
102835	10.60	52.00
102837	62.60	318.00
102839	10.50	52.00
102842	10.50	52.00
102844	10.30	52.00
102846	10.80	52.00
102849	65.30	52.00
102851	10.30	52.00
102853	10.40	52.00
102855	10.50	52.00
102858	10.40	52.00
102860	10.00	50.00
102862	10.40	52.00
102865	10.40	52.00
102867	10.50	52.00
102869	10.50	52.00
102871	10.10	52.00
102874	10.10	52.00
102876	10.50	52.00
102878	10.20	52.00
102881	10.70	338.00
102883	10.20	52.00
102885	10.30	52.00
102888	10.50	52.00
102890	10.30	52.00
102892	67.20	340.00
102894	10.30	52.00
102897	10.50	52.00
102899	10.40	52.00
102901	10.10	58.00
102904	67.30	52.00
102906	10.40	52.00
102908	10.50	52.00
102910	10.50	56.00
102913	11.80	58.00
102915	10.60	52.00
102917	10.30	52.00
102920	10.20	52.00
102922	10.10	52.00
102924	12.20	62.00
102926	10.80	56.00
102929	10.40	52.00
102931	10.60	52.00
102933	10.60	52.00
102936	12.50	294.00
102938	10.80	52.00
102940	10.40	52.00
102943	10.30	52.00
102945	10.30	52.00
102947	57.40	292.00
102949	10.50	52.00
102952	10.70	56.00
102954	10.40	52.00
102956	10.50	52.00
102959	53.20	268.00
102961	10.20	52.00
102963	10.20	52.00
102965	10.40	52.00
102968	10.60	82.00
102970	10.20	52.00
102972	10.40	52.00
102975	10.20	52.00
102977	10.50	52.00
102979	18.10	92.00
102981	10.50	52.00
102984	10.60	52.00
102986	10.70	56.00
102988	10.60	52.00
102991	19.40	240.00
102993	10.80	52.00
102995	10.70	52.00
102998	10.30	56.00
103000	10.10	52.00
103002	42.60	216.00
103004	10.30	52.00
103007	10.50	52.00
103009	10.20	52.00
103011	10.30	52.00
103014	41.70	212.00
103016	10.60	52.00
103018	10.70	52.00
103020	10.40	52.00
103023	10.60	122.00
103025	32.90	52.00
103027	10.30	52.00
103030	10.40	52.00
103032	10.40	52.00
103034	31.50	158.00
103036	10.50	52.00
103039	10.60	52.00
103041	10.60	52.00
103043	10.30	52.00
103046	34.90	176.00
103048	10.30	52.00
103050	10.40	52.00
103053	10.30	52.00
103055	10.40	52.00
103057	38.30	114.00
103059	10.50	52.00
103062	10.60	52.00
103064	10.30	52.00
103066	10.20	52.00
103069	20.70	104.00
103071	10.70	56.00
103073	10.60	52.00
103075	10.40	52.00
103078	10.80	226.00
103080	19.90	52.00
103082	10.40	52.00
103085	10.60	52.00
103087	10.60	52.00
103089	48.60	246.00
103091	10.50	52.00
103094	10.40	52.00
103096	10.30	52.00
103098	10.60	52.00
103101	52.00	262.00
103103	10.40	52.00
103105	10.40	52.00
103108	10.50	52.00
103110	10.20	52.00
103112	53.90	76.00
103114	10.20	52.00
103117	10.50	52.00
103119	10.50	52.00
103121	10.40	52.00
103124	14.30	72.00
103126	10.60	52.00
103128	10.60	52.00
103130	10.40	52.00
103133	10.50	52.00
103135	12.40	52.00
103137	10.40	52.00
103140	10.50	56.00
103142	10.40	52.00
103144	10.30	312.00
103146	10.40	52.00
103149	10.40	52.00
103151	10.50	52.00
103153	10.50	52.00
103156	63.60	322.00
103158	10.20	52.00
103160	10.50	52.00
103163	10.40	52.00
103165	10.40	52.00
103167	66.50	50.00
103169	10.30	52.00
103172	10.30	52.00
103174	10.40	52.00
103176	10.50	52.00
103179	10.20	52.00
103181	10.30	52.00
103183	10.40	52.00
103185	10.50	52.00
103188	10.40	52.00
103190	10.40	52.00
103192	10.40	52.00
103195	10.40	52.00
103197	10.30	52.00
103199	10.60	340.00
103201	10.40	52.00
103204	10.40	52.00
103206	10.50	52.00
103208	10.20	52.00
103211	67.90	344.00
103213	10.40	52.00
103215	10.50	52.00
103218	10.40	52.00
103220	10.40	52.00
103222	64.10	52.00
103224	10.40	52.00
103227	10.30	52.00
103229	10.30	52.00
103231	10.30	62.00
103234	10.60	52.00
103236	10.30	52.00
103238	10.50	52.00
103240	10.50	52.00
103243	12.10	62.00
103245	10.50	52.00
103247	10.30	52.00
103250	10.40	52.00
103252	10.70	52.00
103254	12.50	294.00
103256	10.40	52.00
103259	10.40	56.00
103261	10.50	52.00
103263	10.40	52.00
103266	54.20	276.00
103268	10.50	52.00
103270	10.60	52.00
103273	10.50	52.00
103275	10.20	52.00
103277	52.70	268.00
103279	10.70	56.00
103282	10.60	56.00
103284	10.60	52.00
103286	10.40	88.00
103289	48.80	52.00
103291	10.40	52.00
103293	10.80	56.00
103295	10.20	52.00
103298	18.80	96.00
103300	10.30	52.00
103302	10.50	52.00
103305	10.70	56.00
103307	10.20	52.00
103309	20.00	220.00
103311	10.40	52.00
103314	10.50	52.00
103316	10.30	52.00
103318	10.30	52.00
103321	41.50	210.00
103323	10.40	52.00
103325	10.30	52.00
103328	10.60	52.00
103330	10.70	56.00
103332	32.60	164.00
103334	10.60	52.00
103337	10.40	52.00
103339	10.20	56.00
103341	10.50	160.00
103344	28.30	52.00
103346	10.50	52.00
103348	10.60	52.00
103350	10.50	52.00
103353	36.10	184.00
103355	10.30	52.00
103357	10.40	52.00
103360	10.30	52.00
103362	10.60	52.00
103364	40.20	204.00
103366	10.20	52.00
103369	10.40	52.00
103371	10.30	52.00
103373	10.40	52.00
103376	43.00	102.00
103378	10.30	52.00
103380	10.30	52.00
103383	10.40	52.00
103385	10.50	52.00
103387	18.70	96.00
103389	10.50	52.00
103392	10.10	52.00
103394	10.30	52.00
103396	10.60	246.00
103399	17.90	52.00
103401	10.40	52.00
103403	10.30	52.00
103405	10.20	52.00
103408	52.00	262.00
103410	10.60	52.00
103412	10.40	52.00
103415	10.60	52.00
103417	10.70	56.00
103419	53.30	268.00
103421	10.60	52.00
103424	10.50	52.00
103426	10.50	52.00
103428	10.50	52.00
103431	55.90	76.00
103433	10.30	56.00
103435	10.60	52.00
103438	10.40	52.00
103440	10.20	52.00
103442	12.90	66.00
103444	10.50	52.00
103447	10.30	52.00
103449	10.20	52.00
103451	10.30	52.00
103454	12.40	62.00
103456	10.20	52.00
103458	10.50	52.00
103460	10.30	52.00
103463	10.50	314.00
103465	10.50	52.00
103467	10.40	52.00
103470	10.50	52.00
103472	10.40	52.00
103474	64.90	328.00
103476	10.20	52.00
103479	10.50	52.00
103481	10.40	52.00
103483	10.60	52.00
103486	65.80	52.00
103488	10.20	52.00
103490	10.00	52.00
103493	10.40	52.00
103495	10.60	52.00
103497	10.10	52.00
103499	10.40	52.00
103502	10.60	52.00
103504	10.40	52.00
103506	10.50	52.00
103509	10.30	52.00
103511	10.50	52.00
103513	10.70	52.00
103515	10.40	52.00
103518	10.90	344.00
103520	10.20	52.00
103522	10.20	52.00
103525	10.20	52.00
103527	10.50	52.00
103529	67.60	340.00
103531	10.60	52.00
103534	10.40	52.00
103536	10.60	52.00
103538	10.60	52.00
103541	65.10	330.00
103543	10.50	52.00
103545	10.50	52.00
103548	10.50	52.00
103550	10.50	58.00
103552	62.30	52.00
103554	10.70	56.00
103557	10.30	52.00
103559	10.30	52.00
103561	12.20	62.00
103564	10.50	52.00
103566	10.40	52.00
103568	10.50	52.00
103570	10.60	52.00
103573	12.50	292.00
103575	10.30	52.00
103577	10.20	52.00
103580	10.40	52.00
103582	10.50	52.00
103584	55.00	278.00
103586	10.40	52.00
103589	10.20	52.00
103591	10.50	52.00
103593	10.30	52.00
103596	51.10	258.00
103598	10.60	52.00
103600	10.50	52.00
103603	10.20	52.00
103605	10.50	88.00
103607	49.40	52.00
103609	10.50	52.00
103612	10.30	52.00
103614	10.60	52.00
103616	19.60	98.00
103619	10.60	52.00
103621	10.30	52.00
103623	10.50	52.00
103625	10.40	52.00
103628	21.00	104.00
103630	10.30	52.00
103632	10.40	52.00
103635	10.50	52.00
103637	10.50	52.00
103639	22.40	190.00
103641	10.30	52.00
103644	10.40	52.00
103646	10.30	52.00
103648	10.30	52.00
103651	34.80	176.00
103653	10.20	52.00
103655	10.60	52.00
103658	10.60	52.00
103660	10.00	168.00
103662	27.10	52.00
103664	10.30	52.00
103667	10.30	52.00
103669	10.30	52.00
103671	36.80	186.00
103674	10.50	52.00
103676	10.60	52.00
103678	10.30	52.00
103680	10.60	52.00
103683	39.50	200.00
103685	10.10	52.00
103687	10.40	52.00
103690	10.40	52.00
103692	10.20	52.00
103694	43.50	114.00
103696	10.40	52.00
103699	10.40	52.00
103701	10.60	52.00
103703	10.20	52.00
103706	18.40	92.00
103708	10.40	52.00
103710	10.40	52.00
103713	10.70	56.00
103715	10.50	52.00
103717	19.60	52.00
103719	10.30	52.00
103722	10.60	52.00
103724	10.40	52.00
103726	10.30	262.00
103729	10.40	52.00
103731	10.50	52.00
103733	10.40	52.00
103735	10.40	52.00
103738	54.10	272.00
103740	10.20	52.00
103742	10.50	52.00
103745	10.30	52.00
103747	10.60	52.00
103749	56.20	82.00
103751	10.20	52.00
103754	10.50	52.00
103756	10.40	52.00
103758	10.40	52.00
103761	15.00	76.00
103763	10.10	52.00
103765	10.30	52.00
103768	10.40	52.00
103770	10.50	52.00
103772	13.40	68.00
103774	10.60	52.00
103777	10.60	52.00
103779	10.50	52.00
103781	10.60	322.00
103784	12.50	52.00
103786	10.60	52.00
103788	10.40	52.00
103790	10.60	52.00
103793	65.30	330.00
103795	10.40	52.00
103797	10.20	52.00
103800	10.70	56.00
103802	10.30	52.00
103804	64.80	52.00
103806	10.20	52.00
103809	10.40	52.00
103811	10.60	52.00
103813	10.10	52.00
103816	10.00	50.00
103818	10.70	56.00
103820	10.40	52.00
103823	10.40	52.00
103825	10.80	56.00
103827	10.10	52.00
103829	10.30	52.00
103832	10.50	52.00
103834	10.20	52.00
103836	11.20	368.00
103839	10.10	52.00
103841	10.30	56.00
103843	10.50	52.00
103845	10.00	50.00
103848	70.40	358.00
103850	10.20	52.00
103852	10.20	52.00
103855	10.50	52.00
103857	10.50	52.00
103859	70.10	354.00
103861	10.60	52.00
103864	10.40	52.00
103866	10.60	52.00
103868	10.10	62.00
103871	67.70	56.00
103873	10.50	52.00
103875	10.40	52.00
103878	10.60	52.00
103880	12.40	62.00
103882	10.60	52.00
103884	10.40	52.00
103887	10.50	52.00
103889	10.70	56.00
103891	13.70	278.00
103894	10.20	52.00
103896	10.60	52.00
103898	10.60	52.00
103900	10.40	52.00
103903	53.60	272.00
103905	10.10	52.00
103907	10.40	52.00
103910	10.20	52.00
103912	10.30	52.00
103914	50.30	256.00
103916	10.70	56.00
103919	10.60	52.00
103921	10.50	52.00
103923	10.40	88.00
103926	49.40	52.00
103928	10.50	52.00
103930	10.40	52.00
103933	10.20	52.00
103935	19.20	98.00
103937	10.50	52.00
103939	10.40	52.00
103942	10.20	52.00
103944	10.60	52.00
103946	20.20	102.00
103949	10.40	52.00
103951	10.30	52.00
103953	10.50	52.00
103955	10.40	52.00
103958	21.40	204.00
103960	10.50	52.00
103962	10.30	52.00
103965	10.40	52.00
103967	10.50	52.00
103969	36.90	186.00
103971	10.50	52.00
103974	10.40	52.00
103976	10.60	52.00
103978	10.40	52.00
103981	29.00	52.00
103983	10.60	52.00
103985	10.60	52.00
103988	10.40	52.00
103990	34.30	174.00
103992	10.70	56.00
103994	10.70	56.00
103997	10.70	56.00
103999	10.40	52.00
104001	38.20	194.00
104004	10.50	52.00
104006	10.30	52.00
104008	10.40	52.00
104010	10.30	52.00
104013	42.80	108.00
104015	10.40	52.00
104017	10.10	52.00
104020	10.20	52.00
104022	10.50	52.00
104024	18.60	96.00
104026	10.40	52.00
104029	10.50	52.00
104031	10.40	52.00
104033	10.40	52.00
104036	18.20	92.00
104038	10.40	52.00
104040	10.50	52.00
104043	10.30	56.00
104045	10.30	262.00
104047	16.70	52.00
104049	10.60	52.00
104052	10.40	52.00
104054	10.50	52.00
104056	54.60	276.00
104059	10.20	52.00
104061	10.30	52.00
104063	10.30	52.00
104065	10.50	52.00
104068	55.50	72.00
104070	10.40	52.00
104072	10.40	52.00
104075	10.50	52.00
104077	10.60	52.00
104079	13.40	68.00
104081	10.60	52.00
104084	10.00	50.00
104086	10.40	52.00
104088	10.50	52.00
104091	11.80	58.00
104093	10.40	52.00
104095	10.50	52.00
104098	10.50	52.00
104100	10.30	318.00
104102	10.90	52.00
104104	10.60	52.00
104107	10.40	52.00
104109	10.50	52.00
104111	65.40	330.00
104114	10.40	52.00
104116	10.30	52.00
104118	10.20	52.00
104120	10.30	52.00
104123	66.20	334.00
104125	10.40	52.00
104127	10.10	52.00
104130	10.30	52.00
104132	10.50	56.00
104134	65.70	52.00
104136	10.00	50.00
104139	10.60	52.00
104141	10.20	52.00
104143	10.40	52.00
104146	10.10	52.00
104148	10.60	52.00
104150	10.20	52.00
104153	10.60	52.00
104155	11.20	344.00
104157	10.50	52.00
104159	10.40	52.00
104162	10.50	52.00
104164	10.50	52.00
104166	67.40	340.00
104169	10.40	52.00
104171	10.30	52.00
104173	10.40	52.00
104175	10.50	52.00
104178	62.90	318.00
104180	10.50	52.00
104182	10.40	52.00
104185	10.60	52.00
104187	10.40	62.00
104189	61.70	52.00
104191	10.50	56.00
104194	10.40	52.00
104196	10.40	52.00
104198	12.40	62.00
104201	10.40	52.00
104203	10.70	56.00
104205	10.30	52.00
104208	10.60	52.00
104210	12.70	66.00
104212	10.20	52.00
104214	10.40	56.00
104217	10.60	52.00
104219	10.50	52.00
104221	14.10	276.00
104224	10.20	52.00
104226	10.60	52.00
104228	10.20	52.00
104230	10.40	52.00
104233	53.90	272.00
104235	10.50	52.00
104237	10.50	52.00
104240	10.20	52.00
104242	10.30	88.00
104244	48.70	52.00
104246	10.40	52.00
104249	10.40	52.00
104251	10.40	52.00
104253	18.90	96.00
104256	10.60	52.00
104258	10.60	52.00
104260	10.40	52.00
104263	10.70	56.00
104265	19.80	102.00
104267	10.60	52.00
104269	10.30	52.00
104272	10.40	52.00
104274	10.60	52.00
104276	21.30	220.00
104279	10.70	52.00
104281	10.50	52.00
104283	10.40	52.00
104285	10.40	52.00
104288	38.60	196.00
104290	10.20	52.00
104292	10.40	52.00
104295	10.50	52.00
104297	10.30	52.00
104299	32.90	52.00
104301	10.50	52.00
104304	10.50	52.00
104306	10.30	52.00
104308	10.50	160.00
104311	10.40	52.00
104313	10.70	56.00
104315	10.40	52.00
104318	10.20	52.00
104320	36.10	184.00
104322	10.40	52.00
104324	10.30	52.00
104327	10.50	52.00
104329	10.30	52.00
104331	39.30	112.00
104334	10.50	52.00
104336	10.20	56.00
104338	10.70	56.00
104340	10.20	52.00
104343	20.50	104.00
104345	10.20	52.00
104347	10.60	52.00
104350	10.50	52.00
104352	10.10	52.00
104354	19.10	98.00
104356	10.50	52.00
104359	10.40	56.00
104361	10.40	52.00
104363	10.30	252.00
104366	17.30	52.00
104368	10.20	52.00
104370	10.50	52.00
104373	10.40	52.00
104375	52.60	266.00
104377	10.60	52.00
104379	10.40	52.00
104382	10.60	52.00
104384	10.40	52.00
104386	55.10	76.00
104389	10.30	52.00
104391	10.40	50.00
104393	10.80	52.00
104395	10.40	52.00
104398	14.00	72.00
104400	10.40	52.00
104402	10.50	52.00
104405	10.50	52.00
104407	10.50	52.00
104409	12.60	66.00
104411	10.20	52.00
104414	10.20	52.00
104416	10.80	52.00
104418	10.40	312.00
104421	11.40	52.00
104423	10.40	52.00
104425	10.60	50.00
104428	10.50	52.00
104430	63.60	322.00
104432	10.60	52.00
104434	10.30	52.00
104437	10.50	52.00
104439	10.20	52.00
104441	66.00	334.00
104444	10.40	52.00
104446	10.30	52.00
104448	10.40	52.00
104450	10.20	52.00
104453	65.90	52.00
104455	10.20	52.00
104457	10.40	52.00
104460	10.40	52.00
104462	10.40	52.00
104464	10.20	52.00
104466	10.40	52.00
104469	10.30	52.00
104471	10.50	52.00
104473	10.50	52.00
104476	10.30	56.00
104478	10.10	52.00
104480	10.60	52.00
104483	10.50	52.00
104485	68.30	348.00
104487	10.30	52.00
104489	10.30	52.00
104492	10.50	52.00
104494	10.40	52.00
104496	64.90	328.00
104499	10.40	52.00
104501	10.60	52.00
104503	10.50	52.00
104505	10.20	62.00
104508	63.00	52.00
104510	10.50	52.00
104512	10.40	52.00
104515	10.30	52.00
104517	12.00	62.00
104519	10.40	52.00
104521	10.30	52.00
104524	10.10	52.00
104526	10.40	52.00
104528	12.70	66.00
104531	10.20	52.00
104533	10.30	52.00
104535	10.50	52.00
104538	10.50	52.00
104540	13.30	282.00
104542	10.20	52.00
104544	10.50	52.00
104547	10.50	52.00
104549	10.20	52.00
104551	53.40	272.00
104554	10.50	52.00
104556	10.70	56.00
104558	10.20	52.00
104560	10.20	86.00
104563	51.10	52.00
104565	10.50	52.00
104567	9.90	52.00
104570	10.60	52.00
104572	18.10	92.00
104574	10.60	52.00
104576	10.60	52.00
104579	10.50	52.00
104581	10.40	52.00
104583	19.50	98.00
104586	10.70	56.00
104588	10.20	52.00
104590	10.60	52.00
104593	10.30	52.00
104595	20.70	220.00
104597	10.50	52.00
104599	10.30	52.00
104602	10.30	52.00
104604	10.60	52.00
104606	37.80	194.00
104609	10.40	52.00
104611	10.40	52.00
104613	10.30	52.00
104615	10.50	52.00
104618	31.30	158.00
104620	10.40	52.00
104622	10.50	52.00
104625	10.50	52.00
104627	10.20	168.00
104629	26.20	52.00
104631	10.70	56.00
104634	10.50	52.00
104636	10.30	52.00
104638	36.70	184.00
104641	10.60	52.00
104643	10.40	52.00
104645	10.50	52.00
104648	10.40	52.00
104650	39.50	112.00
104652	10.50	52.00
104654	10.40	52.00
104657	10.10	52.00
104659	10.60	52.00
104661	20.40	104.00
104664	10.50	52.00
104666	10.50	52.00
104668	10.50	52.00
104670	10.30	52.00
104673	18.80	96.00
104675	10.30	52.00
104677	10.30	52.00
104680	10.30	52.00
104682	10.60	252.00
104684	17.80	52.00
104686	10.50	52.00
104689	10.40	52.00
104691	10.60	52.00
104693	53.30	268.00
104696	10.50	52.00
104698	10.60	52.00
104700	10.40	52.00
104703	10.20	52.00
104705	54.70	276.00
104707	10.40	52.00
104709	10.50	52.00
104712	10.40	52.00
104714	10.40	52.00
104716	57.60	68.00
104719	10.20	52.00
104721	10.40	52.00
104723	10.40	52.00
104725	10.40	52.00
104728	12.40	62.00
104730	10.20	52.00
104732	10.30	52.00
104735	10.70	56.00
104737	10.40	314.00
104739	10.70	52.00
104741	10.40	52.00
104744	10.20	52.00
104746	10.50	52.00
104748	64.60	328.00
104751	10.50	52.00
104753	10.60	52.00
104755	10.40	52.00
104758	10.30	52.00
104760	66.20	334.00
104762	10.50	52.00
104764	10.60	52.00
104767	10.20	52.00
104769	10.40	52.00
104771	66.20	52.00
104774	10.50	56.00
104776	10.50	52.00
104778	10.40	52.00
104780	10.30	52.00
104783	10.00	50.00
104785	10.60	52.00
104787	10.50	52.00
104790	10.40	52.00
104792	10.50	52.00
104794	10.50	52.00
104796	10.60	52.00
104799	10.40	52.00
104801	10.60	52.00
104803	11.00	344.00
104806	10.40	52.00
104808	10.20	52.00
104810	10.50	52.00
104813	10.70	56.00
104815	66.10	334.00
104817	10.40	52.00
104819	10.10	52.00
104822	10.60	52.00
104824	10.50	58.00
104826	63.10	52.00
104829	10.40	52.00
104831	10.50	52.00
104833	10.30	52.00
104835	12.00	62.00
104838	10.60	52.00
104840	10.50	52.00
104842	10.20	52.00
104845	10.70	56.00
104847	12.30	62.00
104849	10.60	52.00
104851	10.40	52.00
104854	10.30	52.00
104856	10.40	52.00
104858	12.90	282.00
104861	10.60	52.00
104863	10.20	52.00
104865	10.50	52.00
104868	10.50	52.00
104870	54.10	276.00
104872	10.50	52.00
104874	10.40	52.00
104877	10.30	52.00
104879	10.50	52.00
104881	50.40	52.00
104884	10.40	52.00
104886	10.70	52.00
104888	10.40	52.00
104890	10.50	88.00
104893	10.20	52.00
104895	10.40	52.00
104897	10.40	52.00
104900	10.40	52.00
104902	19.50	98.00
104904	10.70	56.00
104906	10.30	52.00
104909	10.60	52.00
104911	10.50	52.00
104913	20.50	220.00
104916	10.50	52.00
104918	10.30	52.00
104920	10.60	52.00
104923	10.40	52.00
104925	36.00	184.00
104927	10.50	52.00
104929	10.30	52.00
104932	10.40	52.00
104934	10.40	52.00
104936	32.70	168.00
104939	10.50	52.00
104941	10.40	52.00
104943	10.30	52.00
104945	10.20	174.00
104948	25.10	52.00
104950	10.50	52.00
104952	10.40	52.00
104955	10.30	52.00
104957	37.10	186.00
104959	10.20	52.00
104961	10.50	52.00
104964	10.40	52.00
104966	10.40	52.00
104968	39.80	104.00
104971	10.40	52.00
104973	10.40	52.00
104975	10.40	52.00
104978	10.50	52.00
104980	20.30	102.00
104982	10.50	52.00
104984	10.50	52.00
104987	10.40	52.00
104989	10.60	52.00
104991	18.70	96.00
104994	10.30	52.00
104996	10.50	52.00
104998	10.50	52.00
105000	10.60	256.00
105003	17.80	52.00
105005	10.20	52.00
105007	10.60	52.00
105010	10.20	52.00
105012	51.80	262.00
105014	10.60	52.00
105016	10.50	52.00
105019	10.50	52.00
105021	10.50	52.00
105023	54.40	276.00
105026	10.10	52.00
105028	10.60	52.00
105030	10.50	52.00
105033	10.30	52.00
105035	56.00	68.00
105037	10.40	52.00
105039	10.20	52.00
105042	10.40	52.00
105044	10.20	52.00
105046	12.90	66.00
105049	10.40	52.00
105051	10.70	56.00
105053	10.60	52.00
105055	10.30	312.00
105058	10.90	52.00
105060	10.60	52.00
105062	10.40	52.00
105065	10.40	52.00
105067	63.30	322.00
105069	10.20	52.00
105071	10.40	52.00
105074	10.40	52.00
105076	10.30	52.00
105078	65.80	334.00
105081	10.50	52.00
105083	10.40	52.00
105085	10.50	52.00
105088	10.40	52.00
105090	65.90	52.00
105092	10.30	52.00
105094	10.50	52.00
105097	10.60	52.00
105099	10.50	52.00
105101	10.40	52.00
105104	10.30	52.00
105106	10.60	52.00
105108	10.30	52.00
105110	10.60	52.00
105113	10.20	52.00
105115	10.60	52.00
105117	10.40	52.00
105120	10.50	52.00
105122	11.40	338.00
105124	10.30	52.00
105126	10.50	52.00
105129	10.40	52.00
105131	10.20	52.00
105133	66.20	334.00
105136	10.30	52.00
105138	10.20	52.00
105140	10.50	52.00
105143	10.70	56.00
105145	62.00	56.00
105147	10.60	52.00
105149	10.40	52.00
105152	10.40	52.00
105154	12.40	62.00
105156	10.60	52.00
105159	10.60	52.00
105161	10.30	52.00
105163	10.40	52.00
105165	12.40	62.00
105168	10.50	52.00
105170	10.40	52.00
105172	10.20	52.00
105175	10.10	52.00
105177	13.10	288.00
105179	10.40	52.00
105181	10.50	52.00
105184	10.30	52.00
105186	10.40	52.00
105188	52.50	266.00
105191	10.50	52.00
105193	10.00	50.00
105195	10.40	52.00
105198	10.50	52.00
105200	52.20	266.00
105202	10.50	52.00
105204	10.50	52.00
105207	10.50	52.00
105209	10.40	88.00
105211	48.00	52.00
105214	10.30	52.00
105216	10.40	52.00
105218	10.10	52.00
105220	19.30	98.00
105223	10.20	52.00
105225	10.20	52.00
105227	10.40	52.00
105230	10.10	52.00
105232	21.10	220.00
105234	10.50	52.00
105236	10.60	52.00
105239	10.20	52.00
105241	10.50	50.00
105243	41.20	210.00
105246	10.10	52.00
105248	10.40	52.00
105250	10.60	52.00
105253	10.30	52.00
105255	33.80	170.00
105257	10.40	52.00
105259	10.60	52.00
105262	10.20	56.00
105264	10.40	158.00
105266	30.30	52.00
105269	10.60	52.00
105271	10.40	52.00
105273	10.70	56.00
105275	34.40	174.00
105278	10.40	52.00
105280	10.60	52.00
105282	10.60	52.00
105285	10.30	52.00
105287	38.40	194.00
105289	10.40	52.00
105291	10.20	52.00
105294	10.50	56.00
105296	10.50	52.00
105298	41.00	104.00
105301	10.40	52.00
105303	10.50	52.00
105305	10.40	52.00
105308	10.40	52.00
105310	19.80	102.00
105312	10.40	52.00
105314	10.20	52.00
105317	10.30	52.00
105319	10.20	246.00
105321	17.70	52.00
105324	10.40	56.00
105326	10.50	52.00
105328	10.60	52.00
105330	52.40	266.00
105333	10.50	52.00
105335	10.50	52.00
105337	10.70	56.00
105340	10.60	52.00
105342	54.20	276.00
105344	10.40	52.00
105346	10.40	52.00
105349	10.60	52.00
105351	10.30	56.00
105353	57.00	72.00
105356	10.40	52.00
105358	10.50	52.00
105360	10.40	52.00
105363	10.40	52.00
105365	12.70	66.00
105367	10.20	52.00
105369	10.40	52.00
105372	10.30	52.00
105374	10.50	52.00
105376	11.70	52.00
105379	10.50	52.00
105381	10.70	52.00
105383	9.90	52.00
105385	10.60	318.00
105388	10.20	52.00
105390	10.20	52.00
105392	10.40	52.00
105395	10.80	56.00
105397	65.40	330.00
105399	10.40	52.00
105401	10.70	56.00
105404	10.30	52.00
105406	10.50	52.00
105408	65.40	52.00
105411	10.50	52.00
105413	10.60	52.00
105415	10.20	52.00
105418	10.50	52.00
105420	10.20	52.00
105422	10.40	52.00
105424	10.20	52.00
105427	10.30	52.00
105429	10.50	52.00
105431	10.50	52.00
105434	10.70	52.00
105436	10.20	52.00
105438	10.80	52.00
105440	11.00	340.00
105443	10.50	52.00
105445	10.30	52.00
105447	10.60	52.00
105450	10.40	52.00
105452	67.40	340.00
105454	10.60	52.00
105456	10.40	52.00
105459	10.50	52.00
105461	10.40	52.00
105463	66.10	52.00
105466	10.40	52.00
105468	10.50	52.00
105470	10.40	52.00
105473	10.40	62.00
105475	10.70	56.00
105477	10.60	52.00
105479	10.50	52.00
105482	10.60	52.00
105484	12.50	62.00
105486	10.70	56.00
105489	10.20	52.00
105491	10.60	52.00
105493	10.50	52.00
105495	12.50	292.00
105498	10.40	56.00
105500	10.40	52.00
105502	10.60	52.00
105505	10.60	52.00
105507	56.70	288.00
105509	10.40	52.00
105511	10.40	52.00
105514	10.20	52.00
105516	10.20	52.00
105518	53.70	272.00
105521	10.50	52.00
105523	10.30	52.00
105525	10.40	52.00
105528	10.60	82.00
105530	51.10	52.00
105532	10.40	52.00
105534	10.30	52.00
105537	10.20	52.00
105539	18.00	92.00
105541	10.60	52.00
105544	10.60	52.00
105546	10.60	52.00
105548	10.70	56.00
105550	19.70	232.00
105553	10.50	52.00
105555	10.50	52.00
105557	10.40	52.00
105560	10.60	56.00
105562	42.50	216.00
105564	10.60	52.00
105566	10.30	52.00
105569	10.60	52.00
105571	10.30	52.00
105573	39.00	196.00
105576	10.30	52.00
105578	10.40	52.00
105580	10.50	52.00
105583	10.60	144.00
105585	30.50	52.00
105587	10.40	52.00
105589	10.20	52.00
105592	10.40	52.00
105594	32.90	168.00
105596	10.40	52.00
105599	10.50	52.00
105601	10.40	52.00
105603	10.30	52.00
105605	37.60	190.00
105608	10.10	52.00
105610	10.50	52.00
105612	10.40	52.00
105615	10.50	52.00
105617	41.30	108.00
105619	10.50	50.00
105621	10.40	52.00
105624	10.50	52.00
105626	10.20	52.00
105628	19.50	98.00
105631	10.50	52.00
105633	10.50	52.00
105635	10.50	52.00
105638	10.40	52.00
105640	18.40	52.00
105642	10.50	52.00
105644	10.70	52.00
105647	10.50	52.00
105649	51.70	262.00
105651	10.50	52.00
105654	10.40	52.00
105656	10.20	52.00
105658	10.10	52.00
105660	53.80	272.00
105663	10.60	52.00
105665	10.20	52.00
105667	10.50	52.00
105670	10.30	52.00
105672	55.70	72.00
105674	10.50	52.00
105676	10.40	52.00
105679	10.30	52.00
105681	10.50	52.00
105683	13.30	68.00
105686	10.50	52.00
105688	10.20	52.00
105690	10.10	52.00
105693	10.50	52.00
105695	11.70	58.00
105697	10.70	52.00
105699	10.50	52.00
105702	10.60	52.00
105704	10.40	322.00
105706	10.80	52.00
105709	10.60	52.00
105711	10.50	52.00
105713	10.20	52.00
105715	65.50	330.00
105718	10.70	56.00
105720	10.30	52.00
105722	10.30	52.00
105725	10.50	52.00
105727	65.10	50.00
105729	18.70	62.00
105731	10.50	56.00
105734	10.60	52.00
105736	10.30	52.00
105738	10.40	52.00
105741	10.60	52.00
105743	10.60	52.00
105745	10.60	52.00
105748	10.50	52.00
105750	10.20	52.00
105752	10.70	56.00
105754	10.10	52.00
105757	10.20	52.00
105759	11.10	344.00
105761	10.30	52.00
105764	10.10	52.00
105766	10.10	52.00
105768	10.60	52.00
105770	66.90	338.00
105773	10.10	52.00
105775	10.50	52.00
105777	10.50	52.00
105780	10.40	52.00
105782	62.80	318.00
105784	10.40	52.00
105786	10.30	52.00
105789	10.40	52.00
105791	10.50	62.00
105793	62.00	52.00
105796	10.60	52.00
105798	10.50	52.00
105800	10.80	56.00
105803	12.80	66.00
105805	10.40	52.00
105807	10.40	52.00
105809	10.30	52.00
105812	10.30	52.00
105814	12.70	288.00
105816	10.40	52.00
105819	10.60	56.00
105821	10.40	52.00
105823	10.50	52.00
105825	53.80	272.00
105828	10.20	52.00
105830	10.60	52.00
105832	10.40	52.00
105835	10.40	52.00
105837	51.40	262.00
105839	10.50	52.00
105841	10.50	52.00
105844	10.60	52.00
105846	10.60	88.00
105848	48.40	52.00
105851	10.50	52.00
105853	10.50	52.00
105855	10.40	52.00
105858	19.10	96.00
105860	10.40	52.00
105862	10.40	52.00
105864	10.20	52.00
105867	10.50	52.00
105869	20.90	104.00
105871	10.20	52.00
105874	10.50	52.00
105876	10.30	52.00
105878	10.30	56.00
105880	22.00	200.00
105883	10.40	52.00
105885	10.80	56.00
105887	10.10	52.00
105890	10.40	52.00
105892	33.60	170.00
105894	10.50	52.00
105896	10.50	52.00
105899	10.30	52.00
105901	10.60	160.00
105903	28.30	52.00
105906	10.50	52.00
105908	10.40	52.00
105910	10.30	52.00
105913	35.80	180.00
105915	10.20	52.00
105917	10.50	52.00
105919	10.30	52.00
105922	10.60	52.00
105924	38.80	196.00
105926	10.50	52.00
105929	10.40	52.00
105931	10.30	52.00
105933	10.30	52.00
105935	43.00	104.00
105938	10.40	52.00
105940	10.40	52.00
105942	10.40	52.00
105945	10.50	52.00
105947	19.20	98.00
105949	10.30	52.00
105951	10.50	52.00
105954	10.60	52.00
105956	10.30	52.00
105958	18.20	52.00
105961	10.50	56.00
105963	10.30	52.00
105965	10.60	52.00
105968	10.30	262.00
105970	10.40	52.00
105972	10.20	52.00
105974	10.50	52.00
105977	10.50	52.00
105979	54.00	272.00
105981	10.50	52.00
105984	10.60	52.00
105986	10.40	52.00
105988	10.20	52.00
105990	57.00	72.00
105993	10.60	52.00
105995	10.70	52.00
105997	10.50	52.00
106000	10.20	52.00
106002	12.70	66.00
106004	10.20	52.00
106006	10.30	52.00
106009	10.70	56.00
106011	10.60	52.00
106013	11.50	58.00
106016	10.40	52.00
106018	10.40	52.00
106020	10.50	56.00
106023	10.50	322.00
106025	10.60	52.00
106027	10.30	52.00
106029	10.30	52.00
106032	10.50	52.00
106034	65.70	330.00
106036	10.30	52.00
106039	10.40	52.00
106041	10.60	52.00
106043	10.40	52.00
106045	65.60	50.00
106048	10.60	52.00
106050	10.20	52.00
106052	10.20	52.00
106055	10.30	52.00
106057	10.20	52.00
106059	10.60	52.00
106061	10.40	52.00
106064	10.40	52.00
106066	10.40	52.00
106068	10.40	52.00
106071	10.40	52.00
106073	10.50	52.00
106075	10.40	52.00
106078	10.80	344.00
106080	10.30	52.00
106082	10.30	52.00
106084	10.60	52.00
106087	10.20	52.00
106089	66.70	338.00
106091	10.30	52.00
106094	10.40	52.00
106096	10.20	52.00
106098	10.30	52.00
106100	64.10	324.00
106103	10.50	52.00
106105	10.50	52.00
106107	10.40	52.00
106110	10.50	62.00
106112	61.20	52.00
106114	10.50	52.00
106116	10.40	52.00
106119	10.50	52.00
106121	12.40	62.00
106123	10.40	52.00
106126	10.30	52.00
106128	10.20	52.00
106130	10.40	52.00
106133	13.00	288.00
106135	10.40	52.00
106137	10.40	52.00
106139	10.10	52.00
106142	10.30	52.00
106144	53.60	272.00
106146	10.50	52.00
106149	10.40	52.00
106151	10.40	52.00
106153	10.50	52.00
106155	51.20	258.00
106158	10.40	52.00
106160	10.50	52.00
106162	10.50	52.00
106165	10.20	88.00
106167	48.80	52.00
106169	10.60	52.00
106171	10.50	52.00
106174	10.50	52.00
106176	19.30	98.00
106178	10.50	52.00
106181	10.60	52.00
106183	10.30	52.00
106185	10.20	52.00
106188	20.90	104.00
106190	10.20	52.00
106192	10.30	52.00
106194	10.50	52.00
106197	10.40	52.00
106199	22.40	196.00
106201	10.40	52.00
106204	10.60	52.00
106206	10.40	52.00
106208	10.20	52.00
106210	33.90	170.00
106213	10.40	52.00
106215	10.30	52.00
106217	10.50	52.00
106220	10.20	52.00
106222	27.60	52.00
106224	10.20	52.00
106226	10.20	52.00
106229	10.60	52.00
106231	10.40	184.00
106233	10.40	52.00
106236	10.40	52.00
106238	10.40	52.00
106240	10.50	52.00
106243	39.10	196.00
106245	10.50	52.00
106247	10.30	52.00
106249	10.40	52.00
106252	10.50	52.00
106254	42.40	104.00
106256	10.30	52.00
106259	10.40	52.00
106261	10.50	52.00
106263	10.40	52.00
106265	21.30	108.00
106268	10.40	52.00
106270	10.40	52.00
106272	10.70	56.00
106275	10.40	52.00
106277	18.90	96.00
106279	10.20	52.00
106281	10.60	52.00
106284	10.40	52.00
106286	10.30	262.00
106288	17.20	52.00
106291	10.40	52.00
106293	10.20	52.00
106295	10.60	52.00
106298	53.60	272.00
106300	10.60	52.00
106302	10.40	52.00
106304	10.60	52.00
106307	10.50	52.00
106309	55.10	76.00
106311	10.40	52.00
106314	10.50	52.00
106316	10.50	52.00
106318	10.40	52.00
106320	13.80	68.00
106323	10.10	52.00
106325	10.40	52.00
106327	10.20	52.00
106330	10.40	52.00
106332	12.00	62.00
106334	10.40	52.00
106336	10.30	52.00
106339	10.20	52.00
106341	10.50	314.00
106343	11.10	52.00
106346	10.40	52.00
106348	10.30	52.00
106350	10.40	52.00
106353	64.80	328.00
106355	10.60	52.00
106357	10.30	52.00
106359	10.50	52.00
106362	10.70	56.00
106364	66.10	334.00
106366	10.30	52.00
106369	10.20	52.00
106371	10.40	52.00
106373	10.60	52.00
106375	65.60	52.00
106378	10.40	52.00
106380	10.40	52.00
106382	10.20	52.00
106385	10.20	52.00
106387	10.00	50.00
106389	10.30	52.00
106391	10.50	52.00
106394	10.50	52.00
106396	11.00	340.00
106398	10.10	52.00
106401	10.40	52.00
106403	10.30	52.00
106405	10.30	52.00
106408	67.20	340.00
106410	10.50	52.00
106412	10.40	52.00
106414	10.60	52.00
106417	10.40	52.00
106419	65.30	330.00
106421	10.60	52.00
106424	10.50	52.00
106426	10.70	52.00
106428	10.30	62.00
106430	62.20	56.00
106433	10.50	52.00
106435	10.50	52.00
106437	10.30	52.00
106440	12.00	62.00
106442	10.40	52.00
106444	10.50	52.00
106446	10.60	52.00
106449	10.60	52.00
106451	12.40	62.00
106453	10.20	52.00
106456	10.50	52.00
106458	10.70	52.00
106460	10.30	52.00
106463	14.20	276.00
106465	10.40	52.00
106467	10.60	52.00
106469	10.50	52.00
106472	10.50	52.00
106474	53.30	272.00
106476	10.60	52.00
106479	10.80	56.00
106481	10.40	52.00
106483	10.40	88.00
106485	50.60	52.00
106488	10.70	52.00
106490	10.70	52.00
106492	10.50	52.00
106495	19.00	96.00
106497	10.40	52.00
106499	10.50	52.00
106501	10.40	52.00
106504	10.40	52.00
106506	20.40	102.00
106508	10.50	52.00
106511	10.50	52.00
106513	10.40	52.00
106515	10.50	52.00
106518	21.70	210.00
106520	10.40	52.00
106522	10.30	52.00
106524	10.40	52.00
106527	10.40	52.00
106529	36.00	184.00
106531	10.00	50.00
106534	10.50	52.00
106536	10.40	52.00
106538	10.40	52.00
106540	31.00	56.00
106543	10.40	52.00
106545	10.10	52.00
106547	10.40	52.00
106550	10.60	170.00
106552	10.40	52.00
106554	10.40	52.00
106556	10.20	52.00
106559	10.40	52.00
106561	37.20	186.00
106563	10.30	52.00
106566	10.40	52.00
106568	10.50	52.00
106570	10.30	52.00
106573	40.70	108.00
106575	10.50	52.00
106577	10.80	52.00
106579	10.40	52.00
106582	10.50	52.00
106584	19.90	102.00
106586	10.30	52.00
106589	10.40	52.00
106591	10.40	52.00
106593	10.40	52.00
106595	18.20	92.00
106598	10.50	52.00
106600	10.60	52.00
106602	10.30	52.00
106605	10.60	256.00
106607	17.70	52.00
106609	10.20	52.00
106611	10.50	52.00
106614	10.20	52.00
106616	52.70	266.00
106618	10.50	52.00
106621	10.30	52.00
106623	10.50	52.00
106625	10.50	52.00
106628	55.00	78.00
106630	10.30	52.00
106632	10.50	52.00
106634	10.60	52.00
106637	10.60	52.00
106639	13.90	68.00
106641	10.50	52.00
106644	10.40	52.00
106646	10.20	52.00
106648	10.50	52.00
106650	12.70	66.00
106653	10.30	52.00
106655	10.40	52.00
106657	10.20	52.00
106660	10.80	314.00
106662	11.40	52.00
106664	10.80	52.00
106666	10.30	52.00
106669	10.70	56.00
106671	64.30	324.00
106673	10.60	52.00
106676	10.50	52.00
106678	10.30	52.00
106680	10.30	52.00
106683	66.10	334.00
106685	10.40	52.00
106687	10.50	52.00
106689	10.50	52.00
106692	10.30	52.00
106694	64.90	52.00
106696	10.40	52.00
106699	10.70	56.00
106701	10.60	52.00
106703	10.60	52.00
106705	10.00	50.00
106708	10.50	52.00
106710	10.50	52.00
106712	10.40	52.00
106715	10.60	52.00
106717	10.30	52.00
106719	10.20	52.00
106721	10.40	52.00
106724	10.70	52.00
106726	67.10	340.00
106728	10.40	52.00
106731	10.40	52.00
106733	10.50	52.00
106735	10.20	52.00
106738	64.90	328.00
106740	10.30	52.00
106742	10.20	52.00
106744	10.30	52.00
106747	10.50	58.00
106749	62.30	52.00
106751	10.60	52.00
106754	10.40	52.00
106756	10.50	52.00
106758	12.20	62.00
106760	10.40	52.00
106763	10.50	52.00
106765	10.50	52.00
106767	10.40	52.00
106770	12.50	62.00
106772	10.40	52.00
106774	10.50	52.00
106776	10.50	52.00
106779	10.60	52.00
106781	14.10	276.00
106783	10.50	52.00
106786	10.40	52.00
106788	10.20	52.00
106790	10.60	52.00
106793	52.20	266.00
106795	10.40	52.00
106797	10.70	56.00
106799	10.50	52.00
106802	10.20	52.00
106804	49.80	52.00
106806	10.70	52.00
106809	10.60	52.00
106811	10.50	52.00
106813	18.90	96.00
106815	10.30	52.00
106818	10.60	52.00
106820	10.20	52.00
106822	10.60	52.00
106825	20.00	102.00
106827	10.50	52.00
106829	10.40	52.00
106831	10.40	52.00
106834	10.60	52.00
106836	21.10	216.00
106838	10.20	52.00
106841	10.60	52.00
106843	10.60	52.00
106845	10.40	52.00
106848	37.80	194.00
106850	10.50	52.00
106852	10.50	52.00
106854	10.60	52.00
106857	10.60	52.00
106859	32.20	164.00
106861	10.40	52.00
106864	10.40	52.00
106866	10.40	52.00
106868	10.40	168.00
106870	27.00	52.00
106873	10.40	52.00
106875	10.50	52.00
106877	10.70	56.00
106880	37.10	186.00
106882	10.40	52.00
106884	10.40	52.00
106886	10.20	52.00
106889	10.40	52.00
106891	40.90	108.00
106893	10.40	52.00
106896	10.20	52.00
106898	10.20	52.00
106900	10.50	52.00
106903	20.30	102.00
106905	10.20	52.00
106907	10.50	52.00
106909	10.40	52.00
106912	10.30	52.00
106914	18.70	96.00
106916	10.70	56.00
106919	10.60	52.00
106921	10.20	52.00
106923	10.40	256.00
106925	17.60	52.00
106928	10.40	50.00
106930	10.30	52.00
106932	10.50	52.00
106935	53.40	268.00
106937	10.60	52.00
106939	10.30	52.00
106941	10.60	52.00
106944	10.40	52.00
106946	54.90	278.00
106948	10.20	52.00
106951	10.40	52.00
106953	10.50	52.00
106955	10.50	52.00
106958	57.00	72.00
106960	10.20	52.00
106962	10.40	52.00
106964	10.50	52.00
106967	10.50	52.00
106969	13.10	66.00
106971	10.30	52.00
106974	10.30	52.00
106976	10.30	52.00
106978	10.70	308.00
106980	11.70	52.00
106983	10.40	52.00
106985	10.60	52.00
106987	10.20	52.00
106990	62.80	318.00
106992	10.30	52.00
106994	10.60	52.00
106996	10.50	52.00
106999	10.70	56.00
107001	65.30	330.00
107003	10.50	52.00
107006	10.60	52.00
107008	10.30	52.00
107010	10.50	52.00
107013	65.30	52.00
107015	10.30	52.00
107017	10.30	52.00
107019	10.40	52.00
107022	10.40	52.00
107024	10.40	52.00
107026	10.40	52.00
107029	10.50	52.00
107031	10.60	52.00
107033	10.40	52.00
107035	10.50	52.00
107038	10.30	52.00
107040	10.70	52.00
107042	10.30	52.00
107045	11.00	340.00
107047	10.50	52.00
107049	10.80	56.00
107051	10.40	52.00
107054	10.50	52.00
107056	67.30	340.00
107058	10.60	52.00
107061	10.60	52.00
107063	10.50	52.00
107065	10.80	58.00
107068	64.70	52.00
107070	10.50	52.00
107072	10.30	52.00
107074	10.40	52.00
107077	12.10	62.00
107079	10.70	56.00
107081	10.60	52.00
107084	10.40	52.00
107086	10.50	52.00
107088	12.50	62.00
107090	10.50	52.00
107093	10.50	52.00
107095	10.30	56.00
107097	10.50	52.00
107100	12.50	292.00
107102	10.30	52.00
107104	10.40	52.00
107106	10.20	52.00
107109	10.30	52.00
107111	55.10	278.00
107113	10.40	52.00
107116	10.20	52.00
107118	10.30	52.00
107120	10.50	52.00
107123	51.40	52.00
107125	10.50	52.00
107127	10.60	52.00
107129	10.30	52.00
107132	10.60	86.00
107134	10.50	52.00
107136	10.30	52.00
107139	10.50	52.00
107141	10.40	52.00
107143	19.20	98.00
107145	10.40	52.00
107148	10.30	52.00
107150	10.20	52.00
107152	10.30	52.00
107155	20.20	226.00
107157	10.40	52.00
107159	10.30	52.00
107161	10.10	52.00
107164	10.30	52.00
107166	41.70	212.00
107168	10.10	52.00
107171	10.40	52.00
107173	10.50	52.00
107175	10.40	52.00
107178	35.70	180.00
107180	10.60	52.00
107182	10.10	52.00
107184	10.70	52.00
107187	10.40	160.00
107189	28.30	52.00
107191	10.40	52.00
107194	10.50	52.00
107196	9.90	50.00
107198	35.30	176.00
107200	10.50	52.00
107203	10.30	52.00
107205	10.40	52.00
107207	10.30	52.00
107210	41.90	104.00
107212	10.50	52.00
107214	10.50	56.00
107216	10.50	52.00
107219	10.40	52.00
107221	19.00	96.00
107223	10.50	52.00
107226	10.40	52.00
107228	10.40	52.00
107230	10.20	52.00
107233	17.70	88.00
107235	10.40	52.00
107237	10.40	52.00
107239	10.60	52.00
107242	10.20	262.00
107244	16.70	52.00
107246	10.40	52.00
107249	10.30	52.00
107251	10.40	52.00
107253	53.80	272.00
107255	10.60	52.00
107258	10.40	52.00
107260	10.40	52.00
107262	10.30	52.00
107265	56.60	286.00
107267	10.30	52.00
107269	10.60	52.00
107271	10.40	52.00
107274	10.40	56.00
107276	58.90	66.00
107278	10.50	56.00
107281	10.50	52.00
107283	10.50	52.00
107285	10.40	52.00
107288	11.80	58.00
107290	10.20	52.00
107292	10.40	52.00
107294	10.40	52.00
107297	10.40	52.00
107299	10.80	52.00
107301	10.40	52.00
107304	10.40	52.00
107306	10.60	50.00
107308	65.30	330.00
107310	10.40	52.00
107313	10.10	52.00
107315	10.30	52.00
107317	10.60	52.00
107320	65.60	330.00
107322	10.50	52.00
107324	10.60	52.00
107326	10.30	52.00
107329	10.30	52.00
107331	65.40	50.00
107333	10.50	52.00
107336	10.50	52.00
107338	10.40	52.00
107340	10.70	56.00
107343	10.20	52.00
107345	10.40	52.00
107347	10.50	52.00
107349	10.20	52.00
107352	10.90	56.00
107354	10.20	52.00
107356	10.70	52.00
107359	10.30	52.00
107361	10.50	52.00
107363	11.50	330.00
107365	10.80	52.00
107368	10.40	52.00
107370	10.60	52.00
107372	10.40	52.00
107375	63.20	322.00
107377	10.50	52.00
107379	10.30	52.00
107381	10.60	52.00
107384	10.30	52.00
107386	61.10	52.00
107388	10.10	52.00
107391	10.30	52.00
107393	10.20	52.00
107395	10.40	62.00
107398	10.40	52.00
107400	10.30	52.00
107402	10.20	52.00
107404	10.40	52.00
107407	13.40	68.00
107409	10.40	52.00
107411	10.50	52.00
107414	10.80	52.00
107416	10.20	52.00
107418	14.70	272.00
107420	10.20	52.00
107423	10.50	52.00
107425	10.40	52.00
107427	10.50	52.00
107430	51.40	258.00
107432	10.10	52.00
107434	10.40	52.00
107436	10.40	52.00
107439	10.30	52.00
107441	48.60	246.00
107443	10.40	52.00
107446	10.40	52.00
107448	10.60	52.00
107450	10.30	98.00
107453	46.50	52.00
107455	10.30	52.00
107457	10.40	52.00
107459	10.40	52.00
107462	21.10	104.00
107464	10.50	52.00
107466	10.10	52.00
107469	10.60	52.00
107471	10.60	52.00
107473	23.30	190.00
107475	10.30	52.00
107478	10.60	52.00
107480	10.80	52.00
107482	10.20	52.00
107485	32.80	168.00
107487	10.40	52.00
107489	10.50	52.00
107491	10.40	52.00
107494	10.10	52.00
107496	26.20	134.00
107498	10.50	52.00
107501	10.40	52.00
107503	10.40	52.00
107505	10.40	190.00
107508	22.60	52.00
107510	10.60	52.00
107512	10.20	52.00
107514	10.50	52.00
107517	41.70	210.00
107519	10.40	52.00
107521	10.50	52.00
107524	10.50	52.00
107526	10.50	52.00
107528	44.80	226.00
107530	10.30	52.00
107533	10.50	52.00
107535	10.50	52.00
107537	10.20	52.00
107540	48.80	92.00
107542	10.30	52.00
107544	10.40	52.00
107546	10.50	52.00
107549	10.20	52.00
107551	16.70	86.00
107553	10.20	52.00
107556	10.30	52.00
107558	10.50	52.00
107560	10.50	272.00
107563	15.70	52.00
107565	10.50	52.00
107567	10.30	52.00
107569	10.50	50.00
107572	56.00	282.00
107574	10.20	52.00
107576	10.60	52.00
107579	10.70	56.00
107581	10.60	52.00
107583	58.30	294.00
107585	10.20	52.00
107588	10.50	52.00
107590	10.50	56.00
107592	10.50	52.00
107595	60.70	58.00
107597	10.50	52.00
107599	10.40	52.00
107601	10.50	52.00
107604	10.20	52.00
107606	11.00	56.00
107608	10.50	52.00
107611	10.70	56.00
107613	10.20	52.00
107615	10.30	52.00
107618	10.00	52.00
107620	10.30	52.00
107622	10.40	52.00
107624	10.70	52.00
107627	10.60	334.00
107629	10.40	52.00
107631	10.60	52.00
107634	10.20	52.00
107636	10.30	52.00
107638	65.80	334.00
107640	10.50	52.00
107643	10.50	52.00
107645	10.20	52.00
107647	10.40	52.00
107650	66.60	52.00
107652	10.40	56.00
107654	10.60	52.00
107656	10.40	52.00
107659	11.30	56.00
107661	10.10	52.00
107663	10.10	52.00
107666	10.50	52.00
107668	10.20	52.00
107670	11.70	58.00
107673	10.80	56.00
107675	10.50	52.00
107677	10.40	52.00
107679	10.20	52.00
107682	11.80	318.00
107684	10.70	52.00
107686	10.40	52.00
107689	10.50	52.00
107691	10.40	52.00
107693	60.40	304.00
107695	10.10	52.00
107698	10.50	52.00
107700	10.30	52.00
107702	10.80	56.00
107705	59.30	52.00
107707	10.60	52.00
107709	10.30	56.00
107711	10.00	52.00
107714	10.40	68.00
107716	10.60	52.00
107718	10.60	52.00
107721	10.60	52.00
107723	10.40	52.00
107725	14.90	76.00
107728	10.50	52.00
107730	10.50	52.00
107732	10.40	52.00
107734	10.70	52.00
107737	13.40	286.00
107739	10.70	52.00
107741	10.10	52.00
107744	10.70	52.00
107746	10.60	52.00
107748	53.40	272.00
107750	10.50	52.00
107753	10.60	52.00
107755	10.20	52.00
107757	10.60	52.00
107760	51.50	262.00
107762	10.40	52.00
107764	10.80	52.00
107766	10.30	52.00
107769	10.30	88.00
107771	50.60	52.00
107773	10.60	52.00
107776	10.60	52.00
107778	10.20	52.00
107780	19.10	96.00
107783	10.40	52.00
107785	10.60	52.00
107787	10.50	52.00
107789	10.40	52.00
107792	19.70	98.00
107794	10.50	52.00
107796	10.20	52.00
107799	10.20	52.00
107801	10.40	52.00
107803	43.40	220.00
107805	10.50	52.00
107808	10.10	52.00
107810	10.30	52.00
107812	10.30	52.00
107815	39.20	200.00
107817	10.30	52.00
107819	10.70	56.00
107821	10.20	52.00
107824	10.30	140.00
107826	33.80	52.00
107828	10.30	52.00
107831	10.50	52.00
107833	10.40	52.00
107835	32.30	164.00
107838	10.70	56.00
107840	10.40	52.00
107842	10.50	52.00
107844	10.40	52.00
107847	39.70	200.00
107849	10.40	52.00
107851	10.20	52.00
107854	10.50	52.00
107856	10.40	52.00
107858	43.80	102.00
107860	10.50	52.00
107863	10.30	52.00
107865	10.40	52.00
107867	10.00	50.00
107870	18.80	96.00
107872	10.10	52.00
107874	10.60	52.00
107876	10.40	52.00
107879	10.50	52.00
107881	17.70	52.00
107883	10.40	52.00
107886	10.20	52.00
107888	10.40	52.00
107890	10.50	268.00
107893	10.20	52.00
107895	10.60	52.00
107897	10.30	52.00
107899	10.10	52.00
107902	55.80	282.00
107904	10.50	52.00
107906	10.40	52.00
107909	10.50	52.00
107911	10.20	52.00
107913	57.10	72.00
107915	10.50	52.00
107918	10.50	52.00
107920	10.60	52.00
107922	10.70	56.00
107925	12.70	66.00
107927	10.50	52.00
107929	10.50	52.00
107931	10.60	52.00
107934	10.60	52.00
107936	11.40	58.00
107938	10.40	56.00
107941	10.40	52.00
107943	10.40	56.00
107945	10.30	322.00
107948	10.30	52.00
107950	10.40	52.00
107952	10.50	52.00
107954	10.50	52.00
107957	66.00	334.00
107959	10.40	52.00
107961	10.50	52.00
107964	10.40	52.00
107966	10.60	52.00
107968	65.60	52.00
107970	10.40	52.00
107973	10.20	52.00
107975	10.20	56.00
107977	10.80	52.00
107980	10.30	52.00
107982	10.50	52.00
107984	10.50	52.00
107986	10.50	52.00
107989	10.60	52.00
107991	10.40	52.00
107993	10.60	52.00
107996	10.50	52.00
107998	10.70	52.00
108000	11.20	344.00
108003	10.40	52.00
108005	10.60	52.00
108007	10.50	52.00
108009	10.30	52.00
108012	65.90	334.00
108014	10.50	52.00
108016	10.60	52.00
108019	10.50	52.00
108021	10.50	52.00
108023	64.50	328.00
108025	10.30	52.00
108028	10.30	52.00
108030	10.70	52.00
108032	10.50	62.00
108035	62.00	56.00
108037	10.10	52.00
108039	10.40	52.00
108041	10.50	52.00
108044	12.40	62.00
108046	10.50	52.00
108048	10.30	52.00
108051	10.60	52.00
108053	10.50	52.00
108055	12.70	292.00
108058	10.40	52.00
108060	10.40	52.00
108062	10.30	52.00
108064	10.50	56.00
108067	54.40	276.00
108069	10.40	52.00
108071	10.60	52.00
108074	10.60	52.00
108076	10.50	52.00
108078	51.80	262.00
108080	10.20	52.00
108083	10.20	52.00
108085	10.20	52.00
108087	10.60	92.00
108090	49.30	52.00
108092	10.50	52.00
108094	10.40	52.00
108096	10.80	56.00
108099	19.00	96.00
108101	10.40	52.00
108103	10.50	52.00
108106	10.50	52.00
108108	10.50	52.00
108110	20.70	104.00
108113	10.60	50.00
108115	10.20	52.00
108117	10.30	52.00
108119	10.50	52.00
108122	22.20	206.00
108124	10.60	52.00
108126	10.50	52.00
108129	10.70	56.00
108131	10.60	52.00
108133	33.60	170.00
108135	10.10	52.00
108138	10.40	52.00
108140	10.40	52.00
108142	10.20	168.00
108145	27.30	52.00
108147	10.40	52.00
108149	10.30	52.00
108151	10.40	52.00
108154	36.30	184.00
108156	10.10	52.00
108158	10.60	52.00
108161	10.50	52.00
108163	10.50	52.00
108165	38.40	194.00
108168	10.60	52.00
108170	10.40	52.00
108172	10.30	50.00
108174	10.40	56.00
108177	42.30	104.00
108179	10.50	52.00
108181	10.10	52.00
108184	10.40	52.00
108186	10.40	52.00
108188	19.30	98.00
108190	10.40	52.00
108193	10.20	52.00
108195	10.40	52.00
108197	10.40	52.00
108200	18.00	52.00
108202	10.20	52.00
108204	10.40	52.00
108206	10.40	52.00
108209	10.60	266.00
108211	10.40	52.00
108213	10.40	52.00
108216	10.20	52.00
108218	10.50	52.00
108220	54.60	276.00
108223	10.40	52.00
108225	10.50	52.00
108227	10.20	52.00
108229	10.30	52.00
108232	57.00	72.00
108234	10.50	52.00
108236	10.20	52.00
108239	10.30	52.00
108241	10.60	52.00
108243	12.70	66.00
108245	10.30	52.00
108248	10.50	52.00
108250	10.20	52.00
108252	10.50	52.00
108255	11.20	56.00
108257	10.40	52.00
108259	10.40	52.00
108261	10.70	52.00
108264	10.30	328.00
108266	10.30	52.00
108268	10.40	50.00
108271	10.80	56.00
108273	10.40	52.00
108275	66.60	338.00
108278	10.50	52.00
108280	10.50	52.00
108282	10.50	52.00
108284	10.50	52.00
108287	65.10	50.00
108289	10.50	52.00
108291	10.60	52.00
108294	10.50	52.00
108296	10.50	52.00
108298	10.00	50.00
108300	10.20	52.00
108303	10.20	52.00
108305	10.40	52.00
108307	10.60	52.00
108310	10.10	52.00
108312	10.50	52.00
108314	10.90	56.00
108316	10.40	52.00
108319	11.30	340.00
108321	10.60	52.00
108323	10.40	52.00
108326	10.20	52.00
108328	10.60	52.00
108330	64.90	328.00
108333	10.40	52.00
108335	10.60	52.00
108337	10.40	52.00
108339	10.60	52.00
108342	63.50	322.00
108344	10.30	52.00
108346	10.20	52.00
108349	10.50	52.00
108351	10.40	62.00
108353	60.70	52.00
108355	10.30	52.00
108358	10.20	52.00
108360	10.50	52.00
108362	12.40	62.00
108365	10.40	52.00
108367	10.50	52.00
108369	10.40	52.00
108371	10.40	52.00
108374	13.60	68.00
108376	10.60	52.00
108378	10.20	52.00
108381	10.60	52.00
108383	10.30	52.00
108385	53.30	268.00
108388	10.60	52.00
108390	10.40	52.00
108392	10.50	52.00
108394	10.30	52.00
108397	50.90	258.00
108399	10.30	52.00
108401	10.50	52.00
108404	10.30	52.00
108406	10.20	92.00
108408	48.60	52.00
108410	10.30	56.00
108413	10.40	52.00
108415	10.40	52.00
108417	19.20	98.00
108420	10.80	56.00
108422	10.70	56.00
108424	10.30	52.00
108426	10.50	52.00
108429	21.00	104.00
108431	10.60	52.00
108433	10.60	52.00
108436	10.50	52.00
108438	10.20	52.00
108440	21.90	204.00
108443	10.40	52.00
108445	10.40	52.00
108447	10.60	52.00
108449	10.10	52.00
108452	34.30	174.00
108454	10.40	52.00
108456	10.50	52.00
108459	10.40	52.00
108461	10.10	160.00
108463	29.00	52.00
108465	10.60	56.00
108468	10.40	52.00
108470	10.60	52.00
108472	10.30	180.00
108475	10.70	56.00
108477	10.20	52.00
108479	10.40	52.00
108481	10.30	52.00
108484	38.00	190.00
108486	10.60	52.00
108488	10.30	52.00
108491	10.40	52.00
108493	10.60	52.00
108495	41.50	108.00
108498	10.50	52.00
108500	10.30	52.00
108502	10.40	52.00
108504	10.30	52.00
108507	19.90	102.00
108509	10.40	52.00
108511	10.20	52.00
108514	10.20	52.00
108516	10.40	52.00
108518	18.80	96.00
108520	10.40	52.00
108523	10.60	52.00
108525	10.40	52.00
108527	10.20	252.00
108530	17.60	52.00
108532	10.20	52.00
108534	10.50	52.00
108536	10.40	52.00
108539	53.20	268.00
108541	10.10	52.00
108543	10.40	52.00
108546	10.20	52.00
108548	10.40	52.00
108550	54.60	78.00
108553	10.70	52.00
108555	10.50	52.00
108557	10.10	52.00
108559	10.30	52.00
108562	14.00	72.00
108564	10.20	52.00
108566	10.60	52.00
108569	10.20	52.00
108571	10.40	52.00
108573	12.60	66.00
108575	10.30	52.00
108578	10.60	52.00
108580	10.30	52.00
108582	10.30	308.00
108585	11.60	52.00
108587	10.50	52.00
108589	10.50	52.00
108591	10.40	52.00
108594	63.10	318.00
108596	10.50	52.00
108598	10.50	52.00
108601	10.60	52.00
108603	10.50	52.00
108605	65.70	330.00
108608	10.40	52.00
108610	10.10	52.00
108612	10.30	52.00
108614	10.70	52.00
108617	65.70	52.00
108619	10.30	52.00
108621	10.40	52.00
108624	10.50	52.00
108626	10.30	52.00
108628	10.00	50.00
108630	10.20	52.00
108633	10.40	52.00
108635	10.50	52.00
108637	10.50	338.00
108640	10.40	52.00
108642	10.40	52.00
108644	10.50	52.00
108646	10.20	52.00
108649	67.10	340.00
108651	10.60	52.00
108653	10.50	52.00
108656	10.60	52.00
108658	10.60	52.00
108660	66.30	338.00
108663	10.40	52.00
108665	10.70	56.00
108667	10.20	52.00
108669	10.40	58.00
108672	63.80	56.00
108674	10.30	56.00
108676	10.50	52.00
108679	10.50	52.00
108681	12.20	62.00
108683	10.40	52.00
108685	10.40	52.00
108688	10.50	52.00
108690	10.30	52.00
108692	12.50	62.00
108695	10.40	52.00
108697	10.70	52.00
108699	10.40	52.00
108701	10.20	52.00
108704	13.00	324.00
108706	10.40	52.00
108708	10.40	52.00
108711	10.70	56.00
108713	10.10	52.00
108715	60.60	308.00
108718	10.60	52.00
108720	10.60	52.00
108722	10.60	52.00
108724	10.40	82.00
108727	58.50	52.00
108729	10.20	52.00
108731	10.30	52.00
108734	10.40	50.00
108736	17.80	88.00
108738	10.50	52.00
108740	10.20	52.00
108743	10.60	52.00
108745	10.50	52.00
108747	19.20	98.00
108750	10.40	52.00
108752	10.60	52.00
108754	10.40	52.00
108756	10.50	52.00
108759	20.30	262.00
108761	10.70	52.00
108763	10.50	52.00
108766	10.30	52.00
108768	10.40	52.00
108770	36.50	184.00
108773	10.50	52.00
108775	10.50	52.00
108777	10.30	52.00
108779	10.40	52.00
108782	42.50	52.00
108784	10.40	52.00
108786	10.50	52.00
108789	10.40	52.00
108791	10.30	164.00
108793	10.40	52.00
108795	10.50	52.00
108798	10.60	52.00
108800	10.30	52.00
108802	35.50	180.00
108805	10.50	52.00
108807	10.50	52.00
108809	10.40	52.00
108811	10.40	52.00
108814	38.90	138.00
108816	10.60	52.00
108818	10.40	52.00
108821	10.40	52.00
108823	10.50	52.00
108825	23.50	118.00
108828	10.50	52.00
108830	10.40	52.00
108832	10.20	52.00
108834	10.50	52.00
108837	21.70	112.00
108839	10.40	52.00
108841	10.40	52.00
108844	10.50	52.00
108846	10.30	240.00
108848	21.20	52.00
108850	10.60	52.00
108853	10.40	52.00
108855	10.50	52.00
108857	55.80	282.00
108860	10.50	52.00
108862	10.40	52.00
108864	10.90	56.00
108866	10.60	52.00
108869	54.30	276.00
108871	10.50	52.00
108873	10.50	52.00
108876	10.70	52.00
108878	10.70	52.00
108880	16.80	86.00
108883	10.50	52.00
108885	10.40	52.00
108887	10.30	52.00
108889	10.10	52.00
108892	12.70	66.00
108894	10.30	52.00
108896	10.50	52.00
108899	10.50	52.00
108901	10.40	312.00
108903	12.10	52.00
108905	10.60	52.00
108908	10.50	52.00
108910	10.20	52.00
108912	63.20	318.00
108915	10.40	52.00
108917	10.30	52.00
108919	10.50	52.00
108921	10.20	52.00
108924	65.80	334.00
108926	10.40	52.00
108928	10.60	52.00
108931	10.70	52.00
108933	10.50	52.00
108935	65.70	52.00
108938	10.30	52.00
108940	10.40	52.00
108942	10.40	52.00
108944	10.60	52.00
108947	10.00	50.00
108949	10.10	52.00
108951	10.40	52.00
108954	10.50	52.00
108956	10.80	340.00
108958	10.30	52.00
108960	10.40	56.00
108963	10.60	52.00
108965	10.50	52.00
108967	67.80	344.00
108970	10.50	52.00
108972	10.70	56.00
108974	10.60	52.00
108976	10.20	52.00
108979	65.00	330.00
108981	10.40	52.00
108983	10.60	52.00
108986	10.40	52.00
108988	10.40	62.00
108990	63.30	52.00
108993	10.60	52.00
108995	10.30	52.00
108997	10.50	52.00
108999	12.30	62.00
109002	10.50	52.00
109004	10.40	52.00
109006	10.50	52.00
109009	10.30	52.00
109011	12.50	62.00
109013	10.50	52.00
109015	10.40	52.00
109018	10.30	52.00
109020	10.40	52.00
109022	14.00	272.00
109025	10.30	52.00
109027	10.50	52.00
109029	10.40	52.00
109031	10.40	52.00
109034	53.00	268.00
109036	10.40	52.00
109038	10.60	52.00
109041	10.50	52.00
109043	10.40	52.00
109045	50.40	52.00
109048	10.30	52.00
109050	10.80	52.00
109052	10.40	52.00
109054	10.20	92.00
109057	10.60	52.00
109059	10.60	52.00
109061	10.20	52.00
109064	10.30	52.00
109066	20.20	102.00
109068	10.50	52.00
109070	10.50	52.00
109073	10.50	52.00
109075	10.50	52.00
109077	21.50	220.00
109080	10.50	52.00
109082	10.40	52.00
109084	10.50	52.00
109086	10.60	52.00
109089	36.60	186.00
109091	10.00	50.00
109093	10.50	52.00
109096	10.40	52.00
109098	10.20	52.00
109100	31.50	160.00
109103	10.40	52.00
109105	10.40	52.00
109107	10.40	52.00
109109	10.70	176.00
109112	24.30	52.00
109114	10.40	52.00
109116	10.50	52.00
109119	10.60	52.00
109121	38.50	194.00
109123	10.70	56.00
109125	10.40	52.00
109128	10.60	52.00
109130	10.40	52.00
109132	41.30	104.00
109135	10.60	52.00
109137	10.20	52.00
109139	10.70	52.00
109141	10.40	52.00
109144	19.80	102.00
109146	10.50	52.00
109148	10.10	52.00
109151	10.30	52.00
109153	10.60	52.00
109155	18.10	92.00
109158	10.40	52.00
109160	10.40	52.00
109162	10.40	52.00
109164	10.50	262.00
109167	17.40	52.00
109169	10.40	52.00
109171	10.30	52.00
109174	10.10	52.00
109176	53.90	272.00
109178	10.70	56.00
109180	10.50	52.00
109183	10.20	52.00
109185	10.60	52.00
109187	56.40	286.00
109190	10.40	52.00
109192	10.50	52.00
109194	10.40	52.00
109196	10.20	52.00
109199	58.90	62.00
109201	10.40	52.00
109203	10.10	52.00
109206	10.40	52.00
109208	10.50	52.00
109210	11.70	58.00
109213	10.50	52.00
109215	10.50	52.00
109217	10.50	52.00
109219	10.70	328.00
109222	10.40	52.00
109224	10.50	52.00
109226	10.50	52.00
109229	10.50	52.00
109231	66.30	334.00
109233	10.50	52.00
109235	10.40	52.00
109238	10.20	52.00
109240	10.60	52.00
109242	65.30	330.00
109245	10.60	52.00
109247	10.60	52.00
109249	10.50	52.00
109251	10.40	52.00
109254	65.60	52.00
109256	10.10	52.00
109258	10.30	52.00
109261	10.50	52.00
109263	10.60	52.00
109265	10.40	52.00
109268	10.10	52.00
109270	10.40	52.00
109272	10.30	52.00
109274	11.30	56.00
109277	10.60	52.00
109279	10.50	52.00
109281	10.40	52.00
109284	10.60	52.00
109286	11.70	328.00
109288	10.20	52.00
109290	10.60	52.00
109293	10.20	52.00
109295	10.60	52.00
109297	63.40	322.00
109300	10.60	52.00
109302	10.50	52.00
109304	10.60	52.00
109306	10.50	62.00
109309	59.90	52.00
109311	10.40	52.00
109313	10.40	52.00
109316	10.60	52.00
109318	12.70	66.00
109320	10.40	52.00
109323	10.80	56.00
109325	10.50	52.00
109327	10.40	52.00
109329	12.90	66.00
109332	10.50	52.00
109334	10.50	52.00
109336	10.50	52.00
109339	10.60	52.00
109341	15.30	276.00
109343	10.60	52.00
109345	10.50	52.00
109348	10.50	52.00
109350	10.50	52.00
109352	49.80	252.00
109355	10.40	52.00
109357	10.60	52.00
109359	10.40	52.00
109361	10.50	52.00
109364	49.20	250.00
109366	10.10	52.00
109368	10.50	52.00
109371	10.60	52.00
109373	10.40	98.00
109375	10.10	52.00
109378	10.50	52.00
109380	10.50	52.00
109382	10.50	52.00
109384	21.10	104.00
109387	10.30	52.00
109389	10.50	52.00
109391	10.20	52.00
109394	10.50	52.00
109396	22.40	196.00
109398	10.70	52.00
109400	10.30	52.00
109403	10.40	52.00
109405	10.40	52.00
109407	34.50	174.00
109410	10.40	52.00
109412	10.10	52.00
109414	10.60	52.00
109416	10.20	52.00
109419	27.00	138.00
109421	10.40	52.00
109423	10.50	52.00
109426	10.60	52.00
109428	10.40	186.00
109430	23.70	52.00
109433	10.30	52.00
109435	10.30	52.00
109437	10.60	52.00
109439	38.20	194.00
109442	10.60	52.00
109444	10.70	56.00
109446	10.60	52.00
109449	10.50	52.00
109451	42.70	108.00
109453	10.00	52.00
109455	10.40	52.00
109458	10.40	52.00
109460	10.50	52.00
109462	19.30	98.00
109465	10.20	52.00
109467	10.50	52.00
109469	10.40	52.00
109471	10.20	52.00
109474	18.00	92.00
109476	10.50	52.00
109478	10.50	52.00
109481	10.50	52.00
109483	10.70	262.00
109485	16.80	52.00
109488	10.20	52.00
109490	10.50	52.00
109492	10.50	52.00
109494	54.60	276.00
109497	10.50	52.00
109499	10.60	52.00
109501	10.40	52.00
109504	10.50	52.00
109506	56.60	286.00
109508	10.60	52.00
109510	10.60	52.00
109513	10.40	56.00
109515	10.40	52.00
109517	59.40	66.00
109520	10.40	52.00
109522	10.50	52.00
109524	10.30	52.00
109526	10.50	52.00
109529	11.20	56.00
109531	10.60	52.00
109533	10.40	52.00
109536	10.60	52.00
109538	10.50	52.00
109540	10.30	52.00
109543	10.30	52.00
109545	10.40	52.00
109547	10.60	52.00
109549	10.20	334.00
109552	10.30	52.00
109554	10.30	52.00
109556	10.30	52.00
109559	10.20	52.00
109561	65.30	330.00
109563	10.60	52.00
109565	10.50	52.00
109568	10.40	52.00
109570	10.20	50.00
109572	65.60	52.00
109575	10.40	56.00
109577	10.30	52.00
109579	10.50	52.00
109581	10.80	56.00
109584	10.20	52.00
109586	10.30	52.00
109588	10.40	52.00
109591	10.30	52.00
109593	11.50	58.00
109595	10.30	52.00
109598	10.50	52.00
109600	10.30	52.00
109602	10.50	52.00
109604	11.70	330.00
109607	10.60	52.00
109609	10.40	52.00
109611	10.60	52.00
109614	10.30	52.00
109616	62.40	318.00
109618	10.40	52.00
109620	10.60	52.00
109623	10.60	52.00
109625	10.60	52.00
109627	60.40	52.00
109630	10.40	52.00
109632	10.40	52.00
109634	10.40	52.00
109636	10.40	62.00
109639	10.50	52.00
109641	10.30	52.00
109643	10.20	52.00
109646	10.30	52.00
109648	14.00	72.00
109650	10.40	52.00
109653	10.10	52.00
109655	10.30	52.00
109657	10.40	52.00
109659	15.50	266.00
109662	10.20	52.00
109664	10.40	52.00
109666	10.20	52.00
109669	10.30	52.00
109671	51.10	258.00
109673	10.50	52.00
109675	10.60	52.00
109678	10.50	52.00
109680	10.70	56.00
109682	47.50	240.00
109685	10.40	52.00
109687	10.40	52.00
109689	10.60	52.00
109691	10.30	98.00
109694	46.20	52.00
109696	10.50	52.00
109698	10.50	52.00
109701	10.40	52.00
109703	21.30	108.00
109705	10.50	52.00
109708	10.40	52.00
109710	10.40	52.00
109712	10.70	56.00
109714	23.00	200.00
109717	10.40	52.00
109719	10.40	52.00
109721	10.30	52.00
109724	10.50	52.00
109726	31.90	160.00
109728	10.60	52.00
109730	10.20	52.00
109733	10.40	52.00
109735	10.40	52.00
109737	29.80	150.00
109740	10.40	52.00
109742	10.70	56.00
109744	10.40	52.00
109746	10.50	180.00
109749	22.90	56.00
109751	10.60	52.00
109753	10.40	52.00
109756	10.30	52.00
109758	38.90	196.00
109760	10.50	52.00
109763	10.50	52.00
109765	10.40	52.00
109767	10.40	52.00
109769	43.10	216.00
109772	10.40	52.00
109774	10.50	56.00
109776	10.80	52.00
109779	10.50	52.00
109781	47.20	96.00
109783	10.40	52.00
109785	10.40	52.00
109788	10.00	50.00
109790	10.50	52.00
109792	17.40	88.00
109795	10.30	52.00
109797	10.50	52.00
109799	10.50	52.00
109801	10.40	268.00
109804	16.50	52.00
109806	10.40	52.00
109808	10.40	52.00
109811	10.60	52.00
109813	54.60	276.00
109815	10.20	52.00
109818	10.50	52.00
109820	10.70	56.00
109822	10.60	52.00
109824	57.40	288.00
109827	10.50	52.00
109829	10.40	52.00
109831	10.50	52.00
109834	10.60	52.00
109836	59.40	62.00
109838	10.40	52.00
109840	10.60	52.00
109843	10.50	52.00
109845	10.40	52.00
109847	11.50	58.00
109850	10.30	52.00
109852	10.30	52.00
109854	10.20	52.00
109856	10.20	52.00
109859	10.20	52.00
109861	10.70	52.00
109863	10.50	52.00
109866	10.40	52.00
109868	10.40	334.00
109870	10.40	52.00
109873	10.50	52.00
109875	10.60	52.00
109877	10.40	52.00
109879	64.90	328.00
109882	10.50	52.00
109884	10.20	52.00
109886	10.50	52.00
109889	10.20	52.00
109891	65.40	52.00
109893	10.70	52.00
109895	10.60	52.00
109898	10.20	52.00
109900	10.40	52.00
109902	10.40	52.00
109905	10.30	52.00
109907	10.50	52.00
109909	10.50	52.00
109911	11.20	56.00
109914	10.20	52.00
109916	10.40	52.00
109918	10.50	52.00
109921	10.40	52.00
109923	11.70	330.00
109925	10.50	52.00
109928	10.50	52.00
109930	10.50	52.00
109932	10.50	52.00
109934	64.40	328.00
109937	10.60	52.00
109939	10.40	52.00
109941	10.40	52.00
109944	10.30	52.00
109946	60.20	52.00
109948	10.10	52.00
109950	10.30	52.00
109953	10.50	52.00
109955	10.50	62.00
109957	10.40	52.00
109960	10.40	52.00
109962	10.20	52.00
109964	10.30	52.00
109966	13.20	66.00
109969	10.30	52.00
109971	10.30	52.00
109973	10.40	52.00
109976	10.50	56.00
109978	15.40	272.00
109980	10.50	52.00
109983	10.70	56.00
109985	10.80	56.00
109987	10.60	52.00
109989	49.80	252.00
109992	10.20	52.00
109994	10.70	56.00
109996	10.40	52.00
109999	10.70	56.00
110001	49.20	250.00
110003	10.30	52.00
110005	10.60	52.00
110008	10.40	52.00
110010	10.20	98.00
110012	45.40	52.00
110015	10.40	50.00
110017	10.50	52.00
110019	10.30	52.00
110021	21.10	108.00
110024	10.30	52.00
110026	10.40	52.00
110028	10.40	52.00
110031	10.60	52.00
110033	23.30	118.00
110035	10.50	52.00
110038	10.10	52.00
110040	10.60	52.00
110042	10.50	52.00
110044	32.30	164.00
110047	10.30	52.00
110049	10.50	52.00
110051	10.20	52.00
110054	10.60	52.00
110056	26.20	134.00
110058	10.30	52.00
110060	10.40	52.00
110063	10.40	52.00
110065	10.40	186.00
110067	23.10	56.00
110070	10.10	52.00
110072	10.50	52.00
110074	10.70	56.00
110076	39.60	200.00
110079	10.60	52.00
110081	10.30	52.00
110083	10.20	52.00
110086	10.50	52.00
110088	44.30	222.00
110090	10.30	52.00
110093	10.10	52.00
110095	10.30	52.00
110097	10.40	52.00
110099	47.50	96.00
110102	10.40	52.00
110104	10.20	52.00
110106	10.60	52.00
110109	10.60	52.00
110111	17.40	88.00
110113	10.40	52.00
110115	10.40	52.00
110118	10.10	52.00
110120	10.60	52.00
110122	16.00	52.00
110125	10.40	52.00
110127	10.60	52.00
110129	10.40	52.00
110131	10.90	278.00
110134	10.10	52.00
110136	10.20	52.00
110138	10.30	52.00
110141	10.50	52.00
110143	57.40	288.00
110145	10.50	52.00
110148	10.30	52.00
110150	10.30	52.00
110152	10.30	56.00
110154	60.40	66.00
110157	10.50	52.00
110159	10.50	52.00
110161	10.60	52.00
110164	10.60	52.00
110166	11.00	56.00
110168	10.40	52.00
110170	10.50	52.00
110173	10.40	52.00
110175	10.40	52.00
110177	10.10	52.00
110180	10.40	52.00
110182	10.20	52.00
110184	10.20	56.00
110186	10.20	334.00
110189	10.00	52.00
110191	10.50	52.00
110193	10.20	52.00
110196	10.30	52.00
110198	65.00	328.00
110200	10.50	52.00
110203	10.40	52.00
110205	10.60	52.00
110207	10.50	52.00
110209	65.70	52.00
110212	10.40	52.00
110214	10.50	56.00
110216	10.50	52.00
110219	10.90	56.00
110221	10.40	52.00
110223	10.50	52.00
110225	10.50	52.00
110228	10.40	52.00
110230	11.40	58.00
110232	10.60	52.00
110235	10.00	50.00
110237	10.50	52.00
110239	10.50	52.00
110241	12.30	328.00
110244	10.70	52.00
110246	10.50	52.00
110248	10.50	52.00
110251	10.40	52.00
110253	61.80	314.00
110255	10.50	52.00
110258	10.40	52.00
110260	10.50	52.00
110262	10.60	52.00
110264	59.90	304.00
110267	10.30	52.00
110269	10.30	52.00
110271	10.60	52.00
110274	10.40	66.00
110276	56.10	52.00
110278	10.60	52.00
110280	10.50	52.00
110283	10.10	52.00
110285	14.30	72.00
110287	10.10	52.00
110290	10.60	52.00
110292	10.50	52.00
110294	10.30	52.00
110296	15.50	258.00
110299	10.30	52.00
110301	10.50	52.00
110303	10.20	50.00
110306	10.70	52.00
110308	50.70	256.00
110310	10.60	52.00
110313	10.50	52.00
110315	10.40	52.00
110317	10.50	52.00
110319	46.40	236.00
110322	10.60	52.00
110324	10.40	52.00
110326	10.50	52.00
110329	10.50	102.00
110331	44.70	52.00
110333	10.50	52.00
110335	10.20	52.00
110338	10.30	52.00
110340	22.20	112.00
110342	10.40	52.00
110345	10.60	52.00
110347	10.30	52.00
110349	10.50	52.00
110351	26.30	132.00
110354	10.60	52.00
110356	10.30	52.00
110358	10.50	52.00
110361	10.70	52.00
110363	31.50	138.00
110365	10.60	52.00
110368	10.40	52.00
110370	10.10	52.00
110372	10.30	52.00
110374	23.60	122.00
110377	10.30	52.00
110379	10.60	52.00
110381	10.30	52.00
110384	10.30	200.00
110386	21.40	52.00
110388	10.50	52.00
110390	10.30	52.00
110393	10.30	52.00
110395	43.40	220.00
110397	10.50	52.00
110400	10.40	52.00
110402	10.50	52.00
110404	10.20	52.00
110406	46.60	236.00
110409	10.30	52.00
110411	10.30	52.00
110413	10.20	52.00
110416	10.20	52.00
110418	50.10	92.00
110420	10.20	56.00
110423	10.50	52.00
110425	10.30	52.00
110427	10.20	52.00
110429	16.70	86.00
110432	10.70	56.00
110434	10.80	56.00
110436	10.60	52.00
110439	10.50	52.00
110441	15.60	52.00
110443	10.40	52.00
110445	10.40	52.00
110448	10.60	52.00
110450	10.40	286.00
110452	10.50	52.00
110455	10.50	52.00
110457	10.50	52.00
110459	10.50	52.00
110461	59.40	302.00
110464	10.40	52.00
110466	10.20	52.00
110468	10.70	56.00
110471	10.40	52.00
110473	61.20	56.00
110475	10.50	52.00
110478	10.30	52.00
110480	10.20	52.00
110482	10.40	52.00
110484	10.50	52.00
110487	10.40	52.00
110489	10.40	52.00
110491	10.30	52.00
110494	10.30	52.00
110496	10.10	52.00
110498	10.30	52.00
110500	10.30	52.00
110503	10.40	52.00
110505	10.20	334.00
110507	10.20	52.00
110510	10.40	52.00
110512	10.60	52.00
110514	10.20	52.00
110516	66.10	334.00
110519	10.30	52.00
110521	10.20	52.00
110523	10.60	52.00
110526	10.50	52.00
110528	66.80	338.00
110530	10.50	52.00
110533	10.20	52.00
110535	10.20	52.00
110537	10.70	56.00
110539	10.50	52.00
110542	10.20	52.00
110544	10.60	52.00
110546	10.40	52.00
110549	12.00	62.00
110551	10.30	52.00
110553	10.60	52.00
110555	10.40	52.00
110558	10.60	52.00
110560	11.80	314.00
110562	10.70	56.00
110565	10.10	52.00
110567	10.40	52.00
110569	10.40	52.00
110571	61.30	312.00
110574	10.60	52.00
110576	10.20	52.00
110578	10.50	52.00
110581	10.50	52.00
110583	57.30	292.00
110585	10.30	52.00
110588	10.50	52.00
110590	10.60	52.00
110592	10.20	66.00
110594	56.60	52.00
110597	10.60	52.00
110599	10.40	52.00
110601	10.30	52.00
110604	15.30	78.00
110606	10.30	52.00
110608	10.50	52.00
110610	10.40	52.00
110613	10.50	52.00
110615	16.60	86.00
110617	10.50	52.00
110620	10.80	52.00
110622	10.50	52.00
110624	10.60	52.00
110626	18.30	242.00
110629	10.40	52.00
110631	10.60	52.00
110633	10.30	52.00
110636	10.20	52.00
110638	45.20	230.00
110640	10.60	52.00
110643	10.50	52.00
110645	10.50	52.00
110647	10.50	108.00
110649	40.80	52.00
110652	10.40	52.00
110654	10.60	52.00
110656	10.40	52.00
110659	25.00	124.00
110661	10.40	52.00
110663	10.40	52.00
110665	10.50	52.00
110668	10.60	52.00
110670	32.20	164.00
110672	10.40	52.00
110675	10.30	52.00
110677	10.40	52.00
110679	10.40	52.00
110681	37.20	122.00
110684	10.30	52.00
110686	10.40	52.00
110688	10.70	56.00
110691	10.50	52.00
110693	21.30	108.00
110695	10.30	52.00
110698	10.20	52.00
110700	10.40	52.00
110702	10.50	52.00
110704	20.70	52.00
110707	10.60	52.00
110709	10.50	52.00
110711	10.20	52.00
110714	46.30	232.00
110716	10.60	52.00
110718	10.50	52.00
110720	10.40	52.00
110723	10.30	52.00
110725	48.60	246.00
110727	10.50	52.00
110730	10.40	52.00
110732	10.40	52.00
110734	10.20	56.00
110736	51.70	86.00
110739	10.60	52.00
110741	10.20	52.00
110743	10.40	52.00
110746	10.20	52.00
110748	16.20	82.00
110750	10.40	52.00
110753	10.50	52.00
110755	10.40	52.00
110757	10.40	52.00
110759	14.30	72.00
110762	10.40	56.00
110764	10.50	52.00
110766	10.40	52.00
110769	10.70	294.00
110771	13.70	52.00
110773	10.40	52.00
110775	10.70	56.00
110778	10.40	52.00
110780	60.40	304.00
110782	10.40	52.00
110785	10.40	52.00
110787	10.50	52.00
110789	10.40	52.00
110791	63.20	56.00
110794	10.40	52.00
110796	10.50	52.00
110798	10.40	52.00
110801	10.50	52.00
110803	10.10	52.00
110805	10.40	52.00
110808	10.50	52.00
110810	10.40	52.00
110812	10.40	52.00
110814	10.20	52.00
110817	10.20	52.00
110819	10.50	52.00
110821	10.40	52.00
110824	10.30	330.00
110826	10.10	52.00
110828	10.40	52.00
110830	10.20	52.00
110833	10.40	52.00
110835	67.00	340.00
110837	10.60	52.00
110840	10.70	56.00
110842	10.40	52.00
110844	10.40	52.00
110846	67.30	340.00
110849	10.50	52.00
110851	10.70	52.00
110853	10.40	52.00
110856	10.20	58.00
110858	66.40	52.00
110860	10.40	52.00
110863	10.60	52.00
110865	10.50	52.00
110867	12.10	62.00
110869	10.40	52.00
110872	10.40	52.00
110874	10.40	52.00
110876	10.50	52.00
110879	12.30	312.00
110881	10.50	52.00
110883	10.50	52.00
110885	10.30	52.00
110888	10.30	52.00
110890	59.20	302.00
110892	10.40	52.00
110895	10.40	52.00
110897	10.20	52.00
110899	10.60	52.00
110901	57.40	292.00
110904	10.60	52.00
110906	10.60	52.00
110908	10.40	52.00
110911	10.50	76.00
110913	53.10	52.00
110915	10.40	52.00
110918	10.60	52.00
110920	10.20	52.00
110922	16.60	86.00
110924	10.50	52.00
110927	10.60	52.00
110929	10.50	52.00
110931	10.10	52.00
110934	17.80	88.00
110936	10.40	52.00
110938	10.30	52.00
110940	10.40	52.00
110943	10.50	52.00
110945	19.50	232.00
110947	10.60	52.00
110950	10.30	52.00
110952	10.30	52.00
110954	10.70	56.00
110956	42.30	216.00
110959	10.30	52.00
110961	10.00	50.00
110963	10.20	52.00
110966	10.60	118.00
110968	38.80	52.00
110970	10.40	52.00
110973	10.50	56.00
110975	10.30	52.00
110977	29.50	148.00
110979	10.10	52.00
110982	10.50	52.00
110984	10.40	52.00
110986	10.60	52.00
110989	34.40	174.00
110991	10.40	52.00
110993	10.50	52.00
110995	10.40	52.00
110998	10.40	52.00
111000	37.80	112.00
111002	10.20	52.00
111005	10.30	52.00
111007	10.50	52.00
111009	10.40	52.00
111011	21.70	112.00
111014	10.30	52.00
111016	10.50	52.00
111018	10.40	52.00
111021	10.40	52.00
111023	19.80	102.00
111025	10.20	52.00
111028	10.50	52.00
111030	10.50	52.00
111032	10.50	246.00
111034	10.40	52.00
111037	10.20	52.00
111039	10.40	52.00
111041	10.30	52.00
111044	50.20	252.00
111046	10.40	52.00
111048	10.60	52.00
111050	10.40	52.00
111053	10.30	52.00
111055	54.00	82.00
111057	10.20	52.00
111060	10.60	52.00
111062	10.60	52.00
111064	10.30	52.00
111066	14.50	72.00
111069	10.00	50.00
111071	10.40	52.00
111073	10.60	52.00
111076	10.30	52.00
111078	13.70	68.00
111080	10.20	52.00
111083	10.40	52.00
111085	10.40	52.00
111087	10.20	302.00
111089	12.10	52.00
111092	10.40	52.00
111094	10.60	52.00
111096	10.50	52.00
111099	62.10	314.00
111101	10.50	52.00
111103	10.40	52.00
111105	10.40	52.00
111108	10.30	52.00
111110	65.10	328.00
111112	10.50	56.00
111115	10.50	52.00
111117	10.50	52.00
111119	10.20	52.00
111121	10.10	52.00
111124	10.50	52.00
111126	10.40	52.00
111128	10.20	52.00
111131	10.20	52.00
111133	10.00	50.00
111135	10.40	52.00
111138	10.50	52.00
111140	10.60	52.00
111142	10.60	334.00
111144	10.10	52.00
111147	10.20	52.00
111149	10.20	52.00
111151	10.20	52.00
111154	68.20	344.00
111156	10.60	52.00
111158	10.40	52.00
111160	10.10	52.00
111163	10.60	52.00
111165	67.00	340.00
111167	10.40	52.00
111170	10.40	52.00
111172	10.60	52.00
111174	10.40	58.00
111176	63.50	52.00
111179	10.60	52.00
111181	10.80	56.00
111183	10.20	52.00
111186	12.20	62.00
111188	10.90	56.00
111190	10.30	52.00
111193	10.60	52.00
111195	10.30	52.00
111197	12.70	66.00
111199	10.50	52.00
111202	10.40	52.00
111204	10.50	52.00
111206	10.40	52.00
111209	56.40	286.00
111211	10.40	52.00
111213	10.50	52.00
111215	10.10	52.00
111218	10.60	52.00
111220	53.50	272.00
111222	10.30	52.00
111225	10.20	52.00
111227	10.30	52.00
111229	10.70	86.00
111231	51.40	52.00
111234	10.30	52.00
111236	10.50	52.00
111238	10.50	52.00
111241	18.00	92.00
111243	10.60	52.00
111245	10.40	52.00
111248	10.50	52.00
111250	10.30	52.00
111252	19.50	98.00
111254	10.30	52.00
111257	10.60	52.00
111259	10.40	52.00
111261	10.50	52.00
111264	21.30	212.00
111266	10.40	56.00
111268	10.70	56.00
111270	10.40	52.00
111273	10.70	56.00
111275	38.20	194.00
111277	10.60	52.00
111280	10.70	56.00
111282	10.40	52.00
111284	10.40	52.00
111286	32.20	104.00
111289	18.70	56.00
111291	10.40	52.00
111293	10.50	52.00
111296	10.50	168.00
111298	10.30	52.00
111300	10.40	52.00
111303	10.50	52.00
111305	10.60	52.00
111307	36.90	186.00
111309	10.60	52.00
111312	10.50	52.00
111314	10.60	52.00
111316	10.80	52.00
111319	41.00	108.00
111321	10.40	52.00
111323	10.60	52.00
111325	10.50	52.00
111328	10.60	52.00
111330	19.80	102.00
111332	10.50	52.00
111335	10.40	52.00
111337	10.40	52.00
111339	10.30	52.00
111341	18.90	96.00
111344	10.70	52.00
111346	10.50	52.00
111348	10.50	52.00
111351	10.60	252.00
111353	17.60	52.00
111355	10.70	56.00
111358	10.50	52.00
111360	10.30	52.00
111362	52.80	266.00
111364	10.60	52.00
111367	10.40	52.00
111369	10.30	52.00
111371	10.50	52.00
111374	54.50	72.00
111376	10.30	52.00
111378	10.50	52.00
111380	10.50	52.00
111383	10.20	52.00
111385	13.90	72.00
111387	10.50	52.00
111390	10.50	52.00
111392	10.30	52.00
111394	10.50	52.00
111396	12.10	62.00
111399	10.60	52.00
111401	10.40	52.00
111403	10.30	52.00
111406	10.40	314.00
111408	11.40	52.00
111410	10.40	52.00
111413	10.40	52.00
111415	10.50	52.00
111417	64.40	324.00
111419	10.20	52.00
111422	10.50	52.00
111424	10.60	52.00
111426	10.60	52.00
111429	66.20	334.00
111431	10.30	52.00
111433	10.30	52.00
111435	10.40	52.00
111438	10.40	52.00
111440	65.50	52.00
111442	10.20	52.00
111445	10.20	52.00
111447	10.20	52.00
111449	10.50	52.00
111451	10.50	52.00
111454	10.40	52.00
111456	10.30	52.00
111458	10.50	52.00
111461	11.20	340.00
111463	10.40	52.00
111465	10.50	52.00
111468	10.30	52.00
111470	10.20	52.00
111472	68.10	344.00
111474	10.40	52.00
111477	10.60	52.00
111479	10.30	52.00
111481	10.50	52.00
111484	63.60	322.00
111486	10.50	52.00
111488	10.50	52.00
111490	10.70	52.00
111493	10.50	62.00
111495	62.50	52.00
111497	10.50	52.00
111500	10.40	52.00
111502	10.70	56.00
111504	12.00	62.00
111506	10.20	52.00
111509	10.50	52.00
111511	10.20	52.00
111513	10.20	52.00
111516	12.50	62.00
111518	10.10	52.00
111520	10.50	52.00
111523	10.60	52.00
111525	10.00	52.00
111527	13.40	282.00
111529	10.60	52.00
111532	10.10	52.00
111534	10.70	56.00
111536	10.40	52.00
111539	53.90	272.00
111541	10.60	52.00
111543	10.40	52.00
111545	10.50	52.00
111548	10.40	86.00
111550	49.90	52.00
111552	10.50	52.00
111555	10.50	52.00
111557	10.30	56.00
111559	18.70	96.00
111561	10.40	52.00
111564	10.50	52.00
111566	10.70	56.00
111568	10.40	52.00
111571	20.00	102.00
111573	10.20	52.00
111575	10.20	52.00
111578	10.60	52.00
111580	10.60	56.00
111582	21.90	210.00
111584	10.40	52.00
111587	10.40	52.00
111589	10.30	52.00
111591	10.60	52.00
111594	34.00	174.00
111596	10.50	52.00
111598	10.50	52.00
111600	10.40	52.00
111603	10.50	52.00
111605	31.20	158.00
111607	10.60	52.00
111610	10.70	52.00
111612	10.40	52.00
111614	10.50	176.00
111616	10.40	52.00
111619	10.60	52.00
111621	10.10	52.00
111623	10.50	52.00
111626	39.30	196.00
111628	10.70	56.00
111630	10.20	52.00
111633	10.50	52.00
111635	10.30	52.00
111637	41.90	104.00
111639	10.40	52.00
111642	10.40	52.00
111644	10.40	56.00
111646	10.60	52.00
111649	19.20	98.00
111651	10.40	52.00
111653	10.40	52.00
111655	10.60	52.00
111658	10.30	52.00
111660	17.70	88.00
111662	10.40	52.00
111665	10.50	52.00
111667	10.60	52.00
111669	10.30	266.00
111671	16.90	52.00
111674	10.60	52.00
111676	10.40	52.00
111678	10.60	52.00
111681	54.50	276.00
111683	10.50	52.00
111685	10.60	52.00
111688	10.70	56.00
111690	10.40	52.00
111692	57.50	292.00
111694	10.20	52.00
111697	10.30	52.00
111699	10.60	52.00
111701	10.40	52.00
111704	12.50	62.00
111706	10.40	52.00
111708	10.20	52.00
111710	10.40	52.00
111713	10.40	52.00
111715	11.50	58.00
111717	10.50	52.00
111720	10.20	52.00
111722	10.40	52.00
111724	10.10	324.00
111726	10.10	52.00
111729	10.20	52.00
111731	10.50	52.00
111733	10.40	52.00
111736	66.20	334.00
111738	10.70	56.00
111740	10.50	52.00
111743	10.60	52.00
111745	10.30	52.00
111747	64.90	328.00
111749	10.40	52.00
111752	10.50	52.00
111754	10.40	52.00
111756	10.50	52.00
111759	66.50	52.00
111761	10.40	52.00
111763	10.20	52.00
111765	10.30	52.00
111768	10.90	56.00
111770	10.20	52.00
111772	10.40	52.00
111775	10.20	52.00
111777	10.20	52.00
111779	11.50	58.00
111781	10.50	52.00
111784	10.60	52.00
111786	10.60	52.00
111788	10.20	52.00
111791	11.70	328.00
111793	10.40	52.00
111795	10.40	52.00
111798	10.60	52.00
111800	10.50	52.00
111802	62.30	314.00
111804	10.60	52.00
111807	10.20	52.00
111809	10.70	52.00
111811	10.70	62.00
111814	59.00	52.00
111816	10.60	52.00
111818	10.40	52.00
111820	10.30	52.00
111823	12.60	62.00
111825	10.40	52.00
111827	10.50	52.00
111830	10.30	52.00
111832	10.40	52.00
111834	14.70	76.00
111836	10.50	52.00
111839	10.30	52.00
111841	10.40	52.00
111843	10.40	52.00
111846	16.50	262.00
111848	10.60	52.00
111850	10.30	52.00
111853	10.60	52.00
111855	10.20	52.00
111857	48.70	246.00
111859	10.50	52.00
111862	10.60	52.00
111864	10.40	52.00
111866	10.60	52.00
111869	47.00	52.00
111871	10.50	52.00
111873	10.50	52.00
111875	10.40	52.00
111878	20.80	104.00
111880	10.40	52.00
111882	10.30	52.00
111885	10.40	52.00
111887	10.50	52.00
111889	22.00	112.00
111891	10.30	52.00
111894	10.60	52.00
111896	10.10	52.00
111898	10.60	52.00
111901	25.70	164.00
111903	10.30	52.00
111905	10.20	52.00
111908	10.30	52.00
111910	10.10	52.00
111912	28.70	144.00
111914	10.50	52.00
111917	10.40	52.00
111919	10.50	52.00
111921	10.40	52.00
111924	23.00	118.00
111926	10.40	52.00
111928	10.40	52.00
111930	10.50	52.00
111933	9.90	196.00
111935	22.20	52.00
111937	10.40	52.00
111940	10.60	52.00
111942	10.20	52.00
111944	42.00	212.00
111946	10.30	52.00
111949	10.50	52.00
111951	10.40	52.00
111953	10.40	52.00
111956	46.70	98.00
111958	10.60	52.00
111960	10.50	52.00
111963	10.30	52.00
111965	10.50	52.00
111967	17.50	88.00
111969	10.10	52.00
111972	10.30	52.00
111974	10.50	52.00
111976	10.20	52.00
111979	16.80	86.00
111981	10.40	52.00
111983	10.40	52.00
111985	10.50	52.00
111988	10.40	272.00
111990	15.40	52.00
111992	10.40	52.00
111995	10.40	52.00
111997	10.40	52.00
111999	56.70	286.00
112001	10.40	52.00
112004	10.40	52.00
112006	10.30	52.00
112008	10.50	52.00
112011	58.30	294.00
112013	10.40	52.00
112015	10.40	52.00
112018	10.50	52.00
112020	10.50	52.00
112022	61.00	62.00
112024	10.30	52.00
112027	10.10	52.00
112029	10.40	52.00
112031	10.40	52.00
112034	10.40	52.00
112036	10.20	52.00
112038	10.60	52.00
112040	10.30	52.00
112043	10.30	330.00
112045	10.60	52.00
112047	10.40	52.00
112050	10.40	52.00
112052	10.40	52.00
112054	65.50	330.00
112056	10.20	52.00
112059	10.30	52.00
112061	10.60	52.00
112063	10.20	52.00
112066	65.20	330.00
112068	10.50	52.00
112070	10.30	52.00
112073	10.50	52.00
112075	10.10	56.00
112077	66.60	52.00
112079	10.40	52.00
112082	10.40	52.00
112084	10.50	52.00
112086	10.90	56.00
112089	10.40	52.00
112091	10.30	52.00
112093	10.50	52.00
112095	10.40	52.00
112098	11.40	58.00
112100	10.50	52.00
112102	10.50	52.00
112105	10.40	52.00
112107	10.50	52.00
112109	11.80	330.00
112111	10.30	52.00
112114	10.60	52.00
112116	10.60	52.00
112118	10.30	52.00
112121	61.00	308.00
112123	10.10	52.00
112125	10.40	52.00
112128	10.30	52.00
112130	10.30	62.00
112132	59.60	52.00
112134	10.60	52.00
112137	10.40	52.00
112139	10.50	52.00
112141	13.20	66.00
112144	10.50	52.00
112146	10.20	52.00
112148	10.40	52.00
112150	10.50	52.00
112153	13.90	68.00
112155	10.30	52.00
112157	10.40	52.00
112160	10.70	52.00
112162	10.50	52.00
112164	15.70	266.00
112166	10.20	52.00
112169	10.50	52.00
112171	10.40	52.00
112173	10.70	56.00
112176	50.90	258.00
112178	10.70	56.00
112180	10.40	52.00
112183	10.50	52.00
112185	10.40	52.00
112187	47.00	240.00
112189	10.50	52.00
112192	10.40	52.00
112194	10.30	52.00
112196	10.40	102.00
112199	10.40	52.00
112201	10.40	52.00
112203	10.40	52.00
112205	10.40	52.00
112208	21.40	108.00
112210	10.50	52.00
112212	10.30	52.00
112215	10.50	52.00
112217	10.50	52.00
112219	23.00	194.00
112221	10.10	52.00
112224	10.50	52.00
112226	10.50	52.00
112228	10.30	52.00
112231	31.20	158.00
112233	10.60	52.00
112235	10.40	52.00
112238	10.50	52.00
112240	10.10	52.00
112242	27.70	140.00
112244	10.20	52.00
112247	10.40	52.00
112249	10.30	52.00
112251	10.40	184.00
112254	22.70	52.00
112256	10.40	52.00
112258	10.30	52.00
112260	10.30	52.00
112263	40.10	204.00
112265	10.30	52.00
112267	10.40	52.00
112270	10.40	52.00
112272	10.30	52.00
112274	43.90	222.00
112276	10.20	52.00
112279	10.40	52.00
112281	10.50	52.00
112283	10.60	52.00
112286	47.70	98.00
112288	10.40	52.00
112290	10.30	52.00
112293	10.70	56.00
112295	10.50	52.00
112297	17.70	88.00
112299	10.50	52.00
112302	10.40	52.00
112304	10.40	52.00
112306	10.20	266.00
112309	16.70	52.00
112311	10.30	52.00
112313	10.40	52.00
112315	10.10	52.00
112318	55.10	278.00
112320	10.60	52.00
112322	10.60	52.00
112325	10.50	52.00
112327	10.40	52.00
112329	57.90	292.00
112331	10.30	52.00
112334	10.50	52.00
112336	10.50	52.00
112338	10.30	52.00
112341	59.10	62.00
112343	10.40	52.00
112345	10.60	52.00
112348	10.40	52.00
112350	10.30	52.00
112352	11.00	56.00
112354	10.20	52.00
112357	10.50	52.00
112359	10.50	52.00
112361	10.50	52.00
112364	10.00	52.00
112366	10.60	52.00
112368	10.40	52.00
112370	10.30	52.00
112373	66.10	334.00
112375	10.50	52.00
112377	10.30	52.00
112380	10.50	52.00
112382	10.50	52.00
112384	65.00	328.00
112386	10.40	52.00
112389	10.50	52.00
112391	10.60	52.00
112393	10.70	52.00
112396	66.50	52.00
112398	10.40	52.00
112400	10.40	50.00
112403	10.50	52.00
112405	11.00	56.00
112407	10.20	52.00
112409	10.50	52.00
112412	10.50	52.00
112414	10.30	52.00
112416	11.40	58.00
112419	10.70	56.00
112421	10.50	52.00
112423	10.50	52.00
112425	10.50	52.00
112428	11.80	328.00
112430	10.60	52.00
112432	10.60	52.00
112435	10.40	52.00
112437	10.40	52.00
112439	62.00	314.00
112441	10.20	52.00
112444	10.40	52.00
112446	10.60	52.00
112448	10.60	52.00
112451	59.00	52.00
112453	10.10	52.00
112455	10.20	52.00
112458	10.40	52.00
112460	10.40	66.00
112462	10.10	52.00
112464	10.20	52.00
112467	10.40	52.00
112469	10.70	56.00
112471	13.60	68.00
112474	10.30	52.00
112476	10.40	52.00
112478	10.80	56.00
112480	10.60	56.00
112483	15.80	268.00
112485	10.50	52.00
112487	10.50	52.00
112490	10.30	52.00
112492	10.50	52.00
112494	49.60	252.00
112496	10.50	52.00
112499	10.70	56.00
112501	10.20	52.00
112503	10.60	52.00
112506	47.80	242.00
112508	10.10	52.00
112510	10.40	52.00
112513	10.50	52.00
112515	10.20	102.00
112517	44.70	52.00
112519	10.40	52.00
112522	10.10	52.00
112524	10.20	52.00
112526	21.60	108.00
112529	10.20	52.00
112531	10.20	52.00
112533	10.60	52.00
112535	10.30	52.00
112538	23.00	180.00
112540	10.70	52.00
112542	10.60	52.00
112545	10.50	52.00
112547	10.60	52.00
112549	31.90	160.00
112551	10.40	52.00
112554	10.50	52.00
112556	10.40	52.00
112558	10.60	52.00
112561	24.80	124.00
112563	10.50	52.00
112565	10.20	52.00
112568	10.70	52.00
112570	10.40	196.00
112572	22.60	52.00
112574	10.20	52.00
112577	10.40	52.00
112579	10.60	52.00
112581	42.20	212.00
112584	10.60	52.00
112586	10.20	52.00
112588	10.40	52.00
112590	10.60	52.00
112593	46.30	232.00
112595	10.40	52.00
112597	10.30	52.00
112600	10.50	52.00
112602	10.50	52.00
112604	48.60	92.00
112606	10.50	52.00
112609	10.60	52.00
112611	10.80	56.00
112613	10.30	52.00
112616	16.80	86.00
112618	10.20	52.00
112620	10.60	52.00
112623	10.50	52.00
112625	10.60	272.00
112627	15.60	52.00
112629	10.50	52.00
112632	10.30	56.00
112634	10.50	52.00
112636	56.40	286.00
112639	10.80	56.00
112641	10.60	52.00
112643	10.50	52.00
112645	10.40	52.00
112648	57.80	292.00
112650	10.60	52.00
112652	10.40	52.00
112655	10.40	52.00
112657	10.40	52.00
112659	60.70	62.00
112661	10.40	52.00
112664	10.30	52.00
112666	10.10	52.00
112668	10.60	52.00
112671	10.50	52.00
112673	10.40	52.00
112675	10.50	52.00
112678	10.50	52.00
112680	10.70	56.00
112682	9.90	50.00
112684	10.30	52.00
112687	10.50	52.00
112689	10.50	56.00
112691	10.50	330.00
112694	10.60	52.00
112696	10.30	52.00
112698	10.60	52.00
112700	10.50	52.00
112703	65.40	330.00
112705	10.60	52.00
112707	10.10	52.00
112710	10.40	52.00
112712	10.40	56.00
112714	67.50	52.00
112716	10.50	52.00
112719	10.20	52.00
112721	10.20	52.00
112723	11.20	56.00
112726	10.20	52.00
112728	10.50	52.00
112730	10.40	52.00
112733	10.40	52.00
112735	11.50	58.00
112737	10.70	56.00
112739	10.30	52.00
112742	10.40	52.00
112744	10.30	56.00
112746	12.30	322.00
112749	10.90	52.00
112751	10.70	52.00
112753	10.30	52.00
112755	10.20	52.00
112758	60.20	304.00
112760	10.60	52.00
112762	10.70	56.00
112765	10.60	52.00
112767	10.40	52.00
112769	58.30	294.00
112771	10.40	52.00
112774	10.50	52.00
112776	10.40	52.00
112778	10.40	68.00
112781	55.40	52.00
112783	10.50	52.00
112785	10.30	52.00
112788	10.40	52.00
112790	14.70	76.00
112792	10.40	52.00
112794	10.40	52.00
112797	10.60	52.00
112799	10.30	52.00
112801	16.90	256.00
112804	10.00	52.00
112806	10.20	52.00
112808	10.40	52.00
112810	10.20	52.00
112813	49.10	250.00
112815	10.20	52.00
112817	10.40	52.00
112820	10.50	52.00
112822	10.20	52.00
112824	45.30	230.00
112826	10.70	56.00
112829	10.50	52.00
112831	10.40	52.00
112833	10.50	104.00
112836	43.30	52.00
112838	10.70	52.00
112840	10.40	52.00
112843	10.50	52.00
112845	22.70	114.00
112847	10.30	52.00
112849	10.50	52.00
112852	10.40	52.00
112854	10.70	56.00
112856	28.90	148.00
112859	10.30	52.00
112861	10.40	52.00
112863	10.20	56.00
112865	10.40	52.00
112868	25.00	128.00
112870	10.40	52.00
112872	10.50	52.00
112875	10.50	52.00
112877	10.20	52.00
112879	22.60	114.00
112881	10.30	52.00
112884	10.10	52.00
112886	10.50	52.00
112888	10.20	206.00
112891	21.20	52.00
112893	10.20	56.00
112895	10.50	52.00
112898	10.60	52.00
112900	44.10	222.00
112902	10.20	52.00
112904	10.40	52.00
112907	10.40	52.00
112909	10.50	52.00
112911	48.00	242.00
112914	10.40	52.00
112916	10.40	52.00
112918	10.50	52.00
112920	10.10	52.00
112923	52.10	88.00
112925	10.50	52.00
112927	10.40	52.00
112930	10.40	52.00
112932	10.40	52.00
112934	15.60	78.00
112936	10.40	52.00
112939	10.30	52.00
112941	10.60	52.00
112943	10.10	52.00
112946	14.80	52.00
112948	10.40	52.00
112950	10.50	52.00
112953	10.20	52.00
112955	10.40	294.00
112957	10.40	52.00
112959	10.60	52.00
112962	10.50	52.00
112964	10.50	52.00
112966	60.70	308.00
112969	10.30	52.00
112971	10.30	52.00
112973	10.30	52.00
112975	10.30	52.00
112978	62.40	52.00
112980	10.60	52.00
112982	10.30	52.00
112985	10.40	52.00
112987	10.60	52.00
112989	10.00	50.00
112991	10.40	52.00
112994	10.40	52.00
112996	10.40	52.00
112998	10.50	52.00
113001	10.20	52.00
113003	10.40	52.00
113005	10.40	52.00
113008	10.40	52.00
113010	10.50	330.00
113012	10.20	52.00
113014	10.50	52.00
113017	10.60	52.00
113019	10.40	52.00
113021	66.20	334.00
113024	10.40	52.00
113026	10.20	52.00
113028	10.60	52.00
113030	10.20	52.00
113033	68.40	52.00
113035	10.30	52.00
113037	10.30	56.00
113040	10.60	52.00
113042	10.40	58.00
113044	10.80	56.00
113046	10.30	52.00
113049	10.20	52.00
113051	10.40	52.00
113053	12.00	62.00
113056	10.30	52.00
113058	10.50	52.00
113060	10.30	52.00
113063	10.60	52.00
113065	12.30	304.00
113067	10.60	52.00
113069	10.20	52.00
113072	10.30	52.00
113074	10.20	52.00
113076	59.10	298.00
113079	10.80	56.00
113081	10.40	52.00
113083	10.40	52.00
113085	10.60	52.00
113088	55.40	282.00
113090	10.40	52.00
113092	10.40	52.00
113095	10.50	52.00
113097	10.30	76.00
113099	54.40	52.00
113101	10.50	52.00
113104	10.70	56.00
113106	10.40	52.00
113108	15.90	78.00
113111	10.30	52.00
113113	10.30	52.00
113115	10.20	52.00
113118	10.40	52.00
113120	17.30	252.00
113122	10.60	52.00
113124	10.70	52.00
113127	10.40	52.00
113129	10.40	52.00
113131	46.50	236.00
113134	10.50	52.00
113136	10.20	52.00
113138	10.40	52.00
113140	10.60	52.00
113143	44.80	226.00
113145	10.30	52.00
113147	10.50	52.00
113150	10.20	52.00
113152	10.30	108.00
113154	40.30	52.00
113156	10.20	52.00
113159	10.60	52.00
113161	10.10	52.00
113163	25.30	128.00
113166	10.40	52.00
113168	10.30	52.00
113170	10.10	52.00
113173	10.00	50.00
113175	30.50	154.00
113177	10.20	52.00
113179	10.20	52.00
113182	10.50	52.00
113184	10.20	52.00
113186	34.90	132.00
113189	10.40	52.00
113191	10.10	52.00
113193	10.80	56.00
113195	10.40	52.00
113198	22.10	112.00
113200	10.60	52.00
113202	10.40	52.00
113205	10.30	52.00
113207	10.40	210.00
113209	21.00	52.00
113211	10.50	52.00
113214	10.40	52.00
113216	10.40	52.00
113218	43.60	220.00
113221	10.40	52.00
113223	10.30	52.00
113225	10.10	52.00
113228	10.30	52.00
113230	48.10	242.00
113232	10.50	52.00
113234	10.60	52.00
113237	10.70	52.00
113239	10.50	52.00
113241	51.10	86.00
113244	10.30	52.00
113246	10.40	52.00
113248	10.50	52.00
113250	10.40	52.00
113253	16.30	82.00
113255	10.50	52.00
113257	10.20	52.00
113260	10.50	52.00
113262	10.40	52.00
113264	14.30	72.00
113266	10.20	52.00
113269	10.70	52.00
113271	10.50	52.00
113273	10.80	294.00
113276	13.30	52.00
113278	10.50	52.00
113280	10.40	52.00
113283	10.50	52.00
113285	60.10	304.00
113287	10.40	52.00
113289	10.70	56.00
113292	10.50	52.00
113294	10.60	56.00
113296	62.70	56.00
113299	10.40	52.00
113301	10.70	52.00
113303	10.50	52.00
113305	10.50	52.00
113308	10.30	52.00
113310	10.20	52.00
113312	10.60	52.00
113315	10.40	52.00
113317	10.30	52.00
113319	10.20	52.00
113321	10.50	52.00
113324	10.50	52.00
113326	10.10	52.00
113328	10.20	330.00
113331	10.10	52.00
113333	10.80	52.00
113335	10.60	52.00
113338	10.50	52.00
113340	65.70	334.00
113342	10.40	52.00
113344	10.30	52.00
113347	10.20	52.00
113349	10.50	52.00
113351	67.50	340.00
113354	10.60	52.00
113356	10.30	52.00
113358	10.40	52.00
113360	10.50	58.00
113363	10.50	52.00
113365	10.20	52.00
113367	10.40	52.00
113370	10.70	56.00
113372	11.70	58.00
113374	10.90	56.00
113376	10.50	52.00
113379	10.30	52.00
113381	10.30	52.00
113383	12.20	318.00
113386	10.70	52.00
113388	10.20	52.00
113390	10.20	52.00
113393	10.40	52.00
113395	59.50	302.00
113397	10.50	52.00
113399	10.50	52.00
113402	10.20	52.00
113404	10.40	52.00
113406	57.80	292.00
113409	10.60	52.00
113411	10.40	52.00
113413	10.40	52.00
113415	10.60	76.00
113418	53.70	52.00
113420	10.40	52.00
113422	10.40	52.00
113425	10.40	52.00
113427	15.70	78.00
113429	10.30	52.00
113431	10.20	52.00
113434	10.40	52.00
113436	10.40	52.00
113438	17.40	88.00
113441	10.20	52.00
113443	10.50	52.00
113445	10.20	52.00
113448	10.40	52.00
113450	19.10	242.00
113452	10.60	52.00
113454	10.50	52.00
113457	10.40	52.00
113459	10.60	52.00
113461	43.70	222.00
113464	10.30	52.00
113466	10.30	52.00
113468	10.50	52.00
113470	10.70	108.00
113473	41.80	52.00
113475	10.60	52.00
113477	10.30	52.00
113480	10.20	52.00
113482	24.20	122.00
113484	10.30	52.00
113486	10.40	52.00
113489	10.10	52.00
113491	10.20	52.00
113493	30.60	154.00
113496	10.10	52.00
113498	10.60	52.00
113500	10.20	52.00
113503	10.40	52.00
113505	35.20	124.00
113507	10.40	52.00
113509	10.10	52.00
113512	10.40	52.00
113514	10.20	52.00
113516	22.10	112.00
113519	10.40	52.00
113521	10.20	52.00
113523	10.40	52.00
113525	10.40	52.00
113528	21.10	52.00
113530	10.30	52.00
113532	10.30	52.00
113535	10.40	52.00
113537	10.70	222.00
113539	10.60	52.00
113541	10.60	52.00
113544	10.40	52.00
113546	10.20	52.00
113548	50.00	252.00
113551	10.50	52.00
113553	10.10	52.00
113555	10.40	52.00
113558	10.40	52.00
113560	52.40	86.00
113562	10.60	52.00
113564	9.90	52.00
113567	10.40	52.00
113569	10.40	52.00
113571	15.80	78.00
113574	10.20	52.00
113576	10.70	56.00
113578	10.40	52.00
113580	10.70	56.00
113583	15.10	76.00
113585	10.30	52.00
113587	10.30	52.00
113590	10.50	52.00
113592	10.50	288.00
113594	14.60	52.00
113596	10.40	52.00
113599	10.60	52.00
113601	10.60	52.00
113603	58.90	298.00
113606	10.50	52.00
113608	10.50	52.00
113610	10.50	52.00
113613	10.20	52.00
113615	62.00	58.00
113617	10.40	52.00
113619	10.30	52.00
113622	10.30	52.00
113624	10.50	52.00
113626	10.10	52.00
113629	10.20	52.00
113631	10.80	56.00
113633	10.20	52.00
113635	10.40	52.00
113638	10.60	52.00
113640	10.50	52.00
113642	10.40	52.00
113645	10.40	52.00
113647	10.40	330.00
113649	9.90	52.00
113651	10.30	52.00
113654	10.40	52.00
113656	10.50	52.00
113658	64.70	328.00
113661	10.50	52.00
113663	10.30	52.00
113665	10.60	52.00
113668	10.50	52.00
113670	66.30	334.00
113672	10.50	52.00
113674	10.50	52.00
113677	10.60	52.00
113679	10.70	56.00
113681	67.70	52.00
113684	10.50	52.00
113686	10.20	52.00
113688	10.20	52.00
113690	11.40	58.00
113693	10.50	52.00
113695	10.60	52.00
113697	10.40	52.00
113700	10.30	52.00
113702	11.60	338.00
113704	10.30	52.00
113706	10.50	52.00
113709	10.50	52.00
113711	10.70	52.00
113713	78.90	400.00
113716	10.40	52.00
113718	10.40	52.00
113720	10.40	52.00
113723	10.40	52.00
113725	67.50	340.00
113727	10.30	52.00
113729	10.50	52.00
113732	10.50	52.00
113734	10.50	62.00
113736	65.40	52.00
113739	10.20	52.00
113741	10.60	52.00
113743	10.50	52.00
113745	12.70	66.00
113748	10.40	52.00
113750	10.60	52.00
113752	10.50	52.00
113755	10.20	52.00
113757	13.70	68.00
113759	10.20	52.00
113761	10.20	52.00
113764	10.70	52.00
113766	10.50	52.00
113768	15.70	298.00
113771	10.30	52.00
113773	10.30	52.00
113775	10.50	52.00
113778	10.20	52.00
113780	58.00	294.00
113782	10.30	52.00
113784	10.60	52.00
113787	10.50	52.00
113789	10.30	92.00
113791	55.30	52.00
113794	10.80	52.00
113796	10.50	52.00
113798	10.50	52.00
113800	19.10	96.00
113803	10.30	52.00
113805	10.40	52.00
113807	10.20	52.00
113810	10.20	52.00
113812	20.10	102.00
113814	10.20	52.00
113816	10.30	52.00
113819	10.60	52.00
113821	10.40	52.00
113823	21.60	250.00
113826	10.60	52.00
113828	10.20	52.00
113830	10.40	52.00
113833	10.60	52.00
113835	45.80	232.00
113837	10.10	52.00
113839	10.20	52.00
113842	10.40	52.00
113844	10.50	52.00
113846	37.80	194.00
113849	10.60	52.00
113851	10.20	52.00
113853	10.30	56.00
113855	10.60	176.00
113858	10.00	50.00
113860	10.10	52.00
113862	10.50	52.00
113865	10.60	52.00
113867	39.20	196.00
113869	10.40	52.00
113871	10.10	52.00
113874	10.40	52.00
113876	10.40	52.00
113878	42.00	118.00
113881	10.50	52.00
113883	10.30	52.00
113885	10.40	52.00
113888	10.50	52.00
113890	21.50	108.00
113892	10.40	52.00
113894	10.50	52.00
113897	10.10	52.00
113899	10.40	52.00
113901	20.00	102.00
113904	10.50	52.00
113906	10.60	50.00
113908	10.40	52.00
113910	10.50	262.00
113913	16.60	52.00
113915	10.60	52.00
113917	10.30	52.00
113920	10.40	52.00
113922	54.50	276.00
113924	10.40	52.00
113926	10.30	52.00
113929	10.30	52.00
113931	10.40	52.00
113933	55.90	282.00
113936	10.60	52.00
113938	10.70	52.00
113940	10.50	52.00
113943	10.50	52.00
113945	59.00	66.00
113947	10.20	52.00
113949	10.60	52.00
113952	10.40	52.00
113954	10.50	52.00
113956	11.20	56.00
113959	10.20	52.00
113961	10.50	52.00
113963	10.50	52.00
113965	10.60	322.00
113968	10.70	52.00
113970	10.50	52.00
113972	10.50	52.00
113975	10.50	52.00
113977	65.70	330.00
113979	10.50	52.00
113981	10.50	52.00
113984	10.60	52.00
113986	10.50	52.00
113988	65.80	334.00
113991	10.20	52.00
113993	10.20	52.00
113995	10.60	52.00
113998	10.50	52.00
114000	65.20	52.00
114002	10.40	52.00
114004	10.10	52.00
114007	10.10	52.00
114009	10.80	56.00
114011	10.50	52.00
114014	10.30	52.00
114016	10.40	52.00
114018	10.50	52.00
114020	11.20	56.00
114023	10.60	52.00
114025	10.10	52.00
114027	10.30	52.00
114030	10.60	52.00
114032	11.80	328.00
114034	10.40	52.00
114036	10.60	52.00
114039	10.60	52.00
114041	10.20	52.00
114043	62.00	314.00
114046	10.40	52.00
114048	10.10	52.00
114050	10.40	52.00
114053	10.60	62.00
114055	60.90	52.00
114057	10.20	56.00
114059	10.20	52.00
114062	10.30	52.00
114064	12.80	66.00
114066	10.20	52.00
114069	10.60	52.00
114071	10.20	52.00
114073	10.70	56.00
114075	13.90	68.00
114078	10.20	52.00
114080	10.40	52.00
114082	10.60	52.00
114085	10.60	52.00
114087	15.50	268.00
114089	10.10	52.00
114091	10.60	52.00
114094	10.40	52.00
114096	10.10	52.00
114098	51.70	262.00
114101	10.60	52.00
114103	10.20	52.00
114105	10.40	52.00
114108	10.20	52.00
114110	47.90	56.00
114112	10.60	52.00
114114	10.40	52.00
114117	10.40	52.00
114119	10.60	102.00
114121	10.30	52.00
114124	10.40	52.00
114126	10.20	52.00
114128	10.50	52.00
114130	21.30	108.00
114133	10.20	52.00
114135	10.50	52.00
114137	10.50	52.00
114140	10.30	52.00
114142	23.80	190.00
114144	10.50	52.00
114146	10.60	52.00
114149	10.20	52.00
114151	10.40	52.00
114153	30.40	154.00
114156	10.40	52.00
114158	10.10	52.00
114160	10.60	52.00
114163	10.30	52.00
114165	27.10	138.00
114167	10.50	52.00
114169	10.50	52.00
114172	10.50	52.00
114174	10.70	186.00
114176	22.60	52.00
114179	10.20	52.00
114181	10.30	52.00
114183	10.50	52.00
114185	40.60	204.00
114188	10.40	52.00
114190	10.50	52.00
114192	10.60	52.00
114195	10.50	52.00
114197	43.00	98.00
114199	10.20	52.00
114201	10.40	52.00
114204	10.40	52.00
114206	10.40	52.00
114208	18.20	92.00
114211	10.50	52.00
114213	10.50	52.00
114215	10.20	52.00
114218	10.20	52.00
114220	16.80	86.00
114222	10.50	52.00
114224	10.50	52.00
114227	10.40	52.00
114229	10.40	276.00
114231	15.80	50.00
114234	10.50	52.00
114236	10.40	52.00
114238	10.40	52.00
114240	56.10	282.00
114243	10.70	56.00
114245	10.50	52.00
114247	10.40	52.00
114250	10.40	52.00
114252	59.10	298.00
114254	10.20	52.00
114256	10.60	52.00
114259	10.70	52.00
114261	10.40	52.00
114263	61.10	58.00
114266	10.50	52.00
114268	10.50	52.00
114270	10.40	52.00
114273	10.60	52.00
114275	10.50	52.00
114277	10.50	52.00
114279	10.50	52.00
114282	10.30	52.00
114284	10.40	330.00
114286	10.20	52.00
114289	10.30	52.00
114291	10.20	52.00
114293	10.50	52.00
114295	65.20	330.00
114298	10.10	52.00
114300	10.50	52.00
114302	10.10	52.00
114305	10.60	52.00
114307	65.90	334.00
114309	10.40	52.00
114311	10.50	52.00
114314	10.50	52.00
114316	10.50	56.00
114318	66.20	52.00
114321	10.40	52.00
114323	10.40	52.00
114325	10.60	52.00
114328	11.40	58.00
114330	10.50	52.00
114332	10.60	52.00
114334	10.40	52.00
114337	10.60	52.00
114339	11.60	58.00
114341	10.60	52.00
114344	10.40	52.00
114346	10.40	52.00
114348	10.20	52.00
114350	12.00	314.00
114353	10.20	52.00
114355	10.70	56.00
114357	10.20	52.00
114360	10.30	52.00
114362	61.00	308.00
114364	10.30	52.00
114366	10.40	52.00
114369	10.30	52.00
114371	10.40	52.00
114373	57.60	52.00
114376	10.50	52.00
114378	10.10	52.00
114380	10.40	52.00
114383	14.10	72.00
114385	10.60	52.00
114387	10.10	52.00
114389	10.40	52.00
114392	10.20	52.00
114394	15.80	78.00
114396	10.40	52.00
114399	10.50	52.00
114401	10.40	52.00
114403	10.70	52.00
114405	17.40	262.00
114408	10.50	52.00
114410	10.70	52.00
114412	10.70	56.00
114415	10.20	52.00
114417	47.00	240.00
114419	10.50	52.00
114421	10.40	52.00
114424	10.50	52.00
114426	10.50	52.00
114428	44.70	226.00
114431	10.10	52.00
114433	10.60	52.00
114435	10.90	52.00
114438	10.60	112.00
114440	40.70	52.00
114442	10.40	52.00
114444	10.20	52.00
114447	10.40	52.00
114449	25.20	128.00
114451	10.60	52.00
114454	10.50	52.00
114456	10.20	52.00
114458	10.60	52.00
114460	31.30	148.00
114463	10.70	52.00
114465	10.40	52.00
114467	10.30	52.00
114470	10.30	52.00
114472	26.10	132.00
114474	10.60	52.00
114476	10.40	52.00
114479	10.50	52.00
114481	10.30	52.00
114483	22.30	112.00
114486	10.50	52.00
114488	10.40	52.00
114490	10.50	52.00
114493	10.20	212.00
114495	21.00	52.00
114497	10.40	52.00
114499	10.50	52.00
114502	10.40	52.00
114504	39.80	200.00
114506	10.20	52.00
114509	10.20	52.00
114511	10.50	52.00
114513	10.60	52.00
114515	42.10	212.00
114518	10.50	52.00
114520	10.30	52.00
114522	10.50	52.00
114525	10.10	52.00
114527	45.50	98.00
114529	10.50	52.00
114531	10.40	52.00
114534	10.40	52.00
114536	10.40	52.00
114538	18.90	96.00
114541	10.50	52.00
114543	10.20	52.00
114545	10.20	52.00
114548	10.30	262.00
114550	16.60	52.00
114552	10.50	52.00
114554	10.50	52.00
114557	10.20	52.00
114559	53.70	272.00
114561	10.30	52.00
114564	10.60	52.00
114566	10.40	52.00
114568	10.30	52.00
114570	55.40	278.00
114573	10.60	52.00
114575	10.40	52.00
114577	10.30	52.00
114580	10.20	52.00
114582	57.60	72.00
114584	10.50	52.00
114586	10.30	52.00
114589	10.20	52.00
114591	10.30	52.00
114593	12.80	66.00
114596	10.40	52.00
114598	10.60	52.00
114600	10.20	52.00
114603	10.20	52.00
114605	11.50	52.00
114607	10.40	52.00
114609	10.30	52.00
114612	10.40	52.00
114614	10.30	318.00
114616	10.00	50.00
114619	10.50	52.00
114621	10.40	52.00
114623	10.60	52.00
114625	66.10	334.00
114628	10.40	52.00
114630	10.40	52.00
114632	10.60	52.00
114635	10.50	52.00
114637	65.10	52.00
114639	10.40	52.00
114641	10.40	52.00
114644	10.40	52.00
114646	10.60	52.00
114648	10.30	52.00
114651	10.60	52.00
114653	10.40	52.00
114655	10.40	52.00
114658	10.50	52.00
114660	10.20	52.00
114662	10.50	52.00
114664	10.50	52.00
114667	10.50	52.00
114669	11.40	344.00
114671	10.40	52.00
114674	10.50	52.00
114676	10.40	52.00
114678	10.70	56.00
114680	64.60	328.00
114683	10.50	52.00
114685	10.50	52.00
114687	10.50	52.00
114690	10.30	52.00
114692	63.50	52.00
114694	10.50	52.00
114696	10.40	50.00
114699	10.60	52.00
114701	10.50	62.00
114703	10.30	52.00
114706	10.40	52.00
114708	10.50	52.00
114710	10.60	52.00
114713	12.30	62.00
114715	10.30	52.00
114717	10.50	52.00
114719	10.20	52.00
114722	10.40	52.00
114724	13.60	282.00
114726	10.20	52.00
114729	10.50	52.00
114731	10.10	52.00
114733	10.50	52.00
114735	53.90	272.00
114738	10.40	52.00
114740	10.50	52.00
114742	10.50	52.00
114745	10.30	52.00
114747	50.60	256.00
114749	10.40	52.00
114751	10.60	52.00
114754	10.40	52.00
114756	10.10	92.00
114758	49.50	52.00
114761	10.50	52.00
114763	10.60	52.00
114765	10.50	52.00
114768	19.30	98.00
114770	10.50	52.00
114772	10.30	52.00
114774	10.50	52.00
114777	10.40	52.00
114779	21.20	220.00
114781	10.50	52.00
114784	10.60	52.00
114786	10.20	52.00
114788	10.60	52.00
114790	38.40	194.00
114793	10.40	52.00
114795	10.70	56.00
114797	10.60	52.00
114800	10.70	56.00
114802	32.70	168.00
114804	10.70	56.00
114806	10.50	52.00
114809	10.30	52.00
114811	10.60	168.00
114813	26.60	52.00
114816	10.40	52.00
114818	10.30	52.00
114820	10.40	52.00
114823	37.20	186.00
114825	10.40	52.00
114827	10.50	52.00
114829	10.50	52.00
114832	10.50	52.00
114834	39.00	196.00
114836	10.00	52.00
114839	10.50	52.00
114841	10.20	52.00
114843	10.60	52.00
114845	42.10	108.00
114848	10.30	52.00
114850	10.60	52.00
114852	10.50	52.00
114855	10.40	52.00
114857	19.00	96.00
114859	10.60	52.00
114861	10.30	52.00
114864	10.20	52.00
114866	10.20	246.00
114868	18.20	52.00
114871	10.30	52.00
114873	10.20	52.00
114875	10.40	52.00
114878	52.40	266.00
114880	10.40	52.00
114882	10.50	52.00
114884	10.40	52.00
114887	10.40	52.00
114889	54.40	276.00
114891	10.50	52.00
114894	10.00	50.00
114896	10.60	52.00
114898	10.40	52.00
114900	56.80	72.00
114903	10.40	52.00
114905	10.20	52.00
114907	10.60	52.00
114910	10.50	52.00
114912	13.00	66.00
114914	10.30	52.00
114916	10.50	52.00
114919	10.30	52.00
114921	10.30	52.00
114923	11.40	58.00
114926	10.50	52.00
114928	10.70	52.00
114930	10.30	52.00
114933	10.40	324.00
114935	10.40	52.00
114937	10.50	52.00
114939	10.60	52.00
114942	10.40	52.00
114944	66.20	334.00
114946	10.30	52.00
114949	10.40	52.00
114951	10.40	52.00
114953	10.40	52.00
114955	64.90	52.00
114958	10.50	52.00
114960	10.40	52.00
114962	10.50	52.00
114965	10.40	52.00
114967	10.50	52.00
114969	10.40	52.00
114971	10.00	50.00
114974	10.10	52.00
114976	10.60	52.00
114978	10.10	52.00
114981	10.70	56.00
114983	10.40	52.00
114985	10.20	52.00
114988	11.30	338.00
114990	10.60	52.00
114992	10.00	52.00
114994	10.30	52.00
114997	10.10	52.00
114999	65.20	330.00
115001	10.50	52.00
115004	10.30	52.00
115006	10.70	56.00
115008	10.40	52.00
115010	61.50	312.00
115013	10.40	52.00
115015	10.60	52.00
115017	10.40	52.00
115020	10.60	62.00
115022	59.30	52.00
115024	10.50	52.00
115026	10.50	52.00
115029	10.30	52.00
115031	12.90	66.00
115033	10.50	52.00
115036	10.50	52.00
115038	10.70	56.00
115040	10.60	52.00
115043	14.80	282.00
115045	10.40	52.00
115047	10.50	52.00
115049	10.30	52.00
115052	10.40	52.00
115054	51.60	262.00
115056	10.40	52.00
115059	10.60	52.00
115061	10.40	52.00
115063	10.30	52.00
115065	50.00	252.00
115068	10.40	52.00
115070	10.10	56.00
115072	10.50	52.00
115075	10.60	98.00
115077	46.20	52.00
115079	10.40	52.00
115081	10.50	52.00
115084	10.40	52.00
115086	20.50	104.00
115088	10.50	52.00
115091	10.50	52.00
115093	10.20	52.00
115095	10.50	52.00
115098	22.20	112.00
115100	10.40	52.00
115102	10.40	52.00
115104	10.40	52.00
115107	10.40	52.00
115109	26.60	180.00
115111	10.50	52.00
115114	10.60	52.00
115116	10.30	52.00
115118	10.40	52.00
115120	27.80	140.00
115123	10.40	52.00
115125	10.30	52.00
115127	10.80	56.00
115130	10.40	184.00
115132	24.50	52.00
115134	10.40	52.00
115136	10.30	52.00
115139	10.60	52.00
115141	39.30	196.00
115143	10.40	52.00
115146	10.50	52.00
115148	10.50	52.00
115150	10.30	52.00
115153	42.60	216.00
115155	10.70	56.00
115157	10.40	52.00
115159	10.50	52.00
115162	10.40	52.00
115164	46.00	98.00
115166	10.20	52.00
115169	10.40	52.00
115171	10.60	52.00
115173	10.30	52.00
115175	17.90	92.00
115178	10.50	52.00
115180	10.50	52.00
115182	10.40	52.00
115185	10.60	52.00
115187	16.30	52.00
115189	10.60	52.00
115191	10.40	52.00
115194	10.60	52.00
115196	10.50	278.00
115198	10.40	52.00
115201	10.30	52.00
115203	10.50	52.00
115205	10.30	52.00
115208	57.30	288.00
115210	10.40	52.00
115212	10.50	52.00
115214	10.40	52.00
115217	10.40	52.00
115219	60.00	62.00
115221	10.60	52.00
115224	10.30	50.00
115226	10.40	52.00
115228	10.20	52.00
115230	10.90	56.00
115233	10.20	52.00
115235	10.50	52.00
115237	10.30	52.00
115240	10.50	52.00
115242	10.40	52.00
115244	10.40	52.00
115246	10.40	52.00
115249	10.60	52.00
115251	10.70	334.00
115253	10.20	52.00
115256	10.50	52.00
115258	10.20	52.00
115260	10.60	52.00
115263	65.70	334.00
115265	10.60	52.00
115267	10.50	52.00
115269	10.60	52.00
115272	10.50	52.00
115274	65.70	52.00
115276	10.50	52.00
115279	10.30	52.00
115281	10.80	52.00
115283	10.50	56.00
115285	10.50	52.00
115288	10.20	52.00
115290	10.50	52.00
115292	10.50	52.00
115295	11.30	56.00
115297	10.20	52.00
115299	10.50	52.00
115301	10.20	52.00
115304	10.30	52.00
115306	11.80	334.00
115308	10.60	52.00
115311	10.40	52.00
115313	10.30	52.00
115315	10.40	52.00
115318	61.50	312.00
115320	10.40	52.00
115322	10.60	52.00
115324	10.60	52.00
115327	10.50	52.00
115329	60.80	308.00
115331	10.60	52.00
115334	10.30	52.00
115336	10.70	52.00
115338	10.70	62.00
115340	56.70	52.00
115343	10.60	52.00
115345	10.30	52.00
115347	10.50	52.00
115350	14.10	72.00
115352	10.40	52.00
115354	10.40	52.00
115356	10.20	52.00
115359	10.60	52.00
115361	15.50	268.00
115363	10.40	52.00
115366	10.40	52.00
115368	10.20	56.00
115370	10.60	52.00
115373	51.00	258.00
115375	10.30	52.00
115377	10.30	52.00
115379	10.30	52.00
115382	10.30	52.00
115384	47.50	242.00
115386	10.50	52.00
115389	10.60	52.00
115391	10.70	52.00
115393	10.30	102.00
115395	46.40	52.00
115398	10.50	52.00
115400	10.40	52.00
115402	10.50	52.00
115405	21.40	108.00
115407	10.50	52.00
115409	10.70	56.00
115411	10.20	52.00
115414	10.50	52.00
115416	22.90	114.00
115418	10.50	52.00
115421	10.70	52.00
115423	10.40	52.00
115425	10.50	52.00
115428	27.50	164.00
115430	10.20	52.00
115432	10.60	52.00
115434	10.60	52.00
115437	10.40	52.00
115439	27.60	140.00
115441	10.50	52.00
115444	10.50	52.00
115446	10.30	52.00
115448	10.20	184.00
115450	22.90	52.00
115453	10.50	52.00
115455	10.50	52.00
115457	10.30	56.00
115460	39.60	200.00
115462	10.40	52.00
115464	10.50	52.00
115466	10.40	52.00
115469	10.20	52.00
115471	44.00	222.00
115473	10.30	52.00
115476	10.30	52.00
115478	10.20	52.00
115480	10.50	52.00
115483	48.30	96.00
115485	10.50	52.00
115487	10.40	56.00
115489	10.70	56.00
115492	10.60	52.00
115494	17.00	86.00
115496	10.50	52.00
115499	10.40	52.00
115501	10.50	52.00
115503	10.50	52.00
115505	16.00	82.00
115508	10.40	52.00
115510	10.50	52.00
115512	10.50	52.00
115515	10.50	282.00
115517	14.40	52.00
115519	10.40	52.00
115521	10.60	52.00
115524	10.30	52.00
115526	58.00	292.00
115528	10.20	52.00
115531	10.40	52.00
115533	10.40	52.00
115535	10.40	52.00
115538	59.80	62.00
115540	10.50	52.00
115542	10.50	52.00
115544	10.40	52.00
115547	10.20	52.00
115549	11.30	56.00
115551	10.40	52.00
115554	10.70	56.00
115556	10.70	56.00
115558	10.40	52.00
115560	10.10	52.00
115563	10.40	52.00
115565	10.50	52.00
115567	10.70	56.00
115570	10.00	330.00
115572	10.10	52.00
115574	10.20	52.00
115576	10.30	52.00
115579	10.10	52.00
115581	65.90	334.00
115583	10.20	52.00
115586	10.20	52.00
115588	10.20	52.00
115590	10.50	52.00
115593	65.20	330.00
115595	10.50	52.00
115597	10.40	52.00
115599	10.50	52.00
115602	10.30	52.00
115604	67.50	52.00
115606	10.50	52.00
115609	10.40	52.00
115611	10.70	56.00
115613	11.50	58.00
115615	10.50	52.00
115618	10.40	52.00
115620	10.60	52.00
115622	10.30	52.00
115625	11.80	324.00
115627	10.60	52.00
115629	10.50	52.00
115631	10.70	52.00
115634	10.40	52.00
115636	62.20	314.00
115638	10.40	52.00
115641	10.70	56.00
115643	10.40	52.00
115645	10.20	52.00
115648	58.40	294.00
115650	10.40	52.00
115652	10.40	52.00
115654	10.60	52.00
115657	10.40	66.00
115659	56.80	52.00
115661	10.30	52.00
115664	10.60	52.00
115666	10.60	52.00
115668	14.50	72.00
115670	10.30	52.00
115673	10.60	52.00
115675	10.30	52.00
115677	10.40	52.00
115680	16.40	82.00
115682	10.60	52.00
115684	10.50	52.00
115686	10.50	52.00
115689	10.40	52.00
115691	18.00	246.00
115693	10.70	56.00
115696	10.40	52.00
115698	10.50	52.00
115700	10.50	52.00
115703	46.10	232.00
115705	10.60	52.00
115707	10.30	52.00
115709	10.20	52.00
115712	10.40	104.00
115714	43.00	52.00
115716	10.50	52.00
115719	10.40	52.00
115721	10.60	52.00
115723	22.90	114.00
115725	10.20	52.00
115728	10.70	56.00
115730	10.40	52.00
115732	10.20	52.00
115735	27.50	138.00
115737	10.10	52.00
115739	10.40	52.00
115741	10.20	52.00
115744	10.60	52.00
115746	33.60	144.00
115748	10.40	52.00
115751	10.40	52.00
115753	10.20	52.00
115755	10.60	52.00
115758	22.90	114.00
115760	10.50	52.00
115762	10.30	52.00
115764	10.40	52.00
115767	10.50	52.00
115769	21.60	52.00
115771	10.50	52.00
115774	10.60	52.00
115776	10.40	56.00
115778	10.60	222.00
115780	10.60	52.00
115783	10.40	52.00
115785	10.50	52.00
115787	10.40	52.00
115790	47.00	236.00
115792	10.50	52.00
115794	10.60	52.00
115796	10.60	52.00
115799	10.20	52.00
115801	50.90	86.00
115803	10.60	52.00
115806	10.50	52.00
115808	10.20	52.00
115810	10.50	52.00
115813	16.20	82.00
115815	10.40	52.00
115817	10.50	52.00
115819	10.40	52.00
115822	10.50	52.00
115824	14.20	72.00
115826	10.40	52.00
115829	10.50	52.00
115831	10.40	52.00
115833	10.50	298.00
115835	13.30	52.00
115838	10.60	52.00
115840	10.60	52.00
115842	10.40	52.00
115845	60.40	304.00
115847	10.50	52.00
115849	10.20	52.00
115851	10.20	52.00
115854	10.20	52.00
115856	62.70	56.00
115858	10.40	52.00
115861	10.30	52.00
115863	10.40	56.00
115865	10.30	52.00
115868	10.30	52.00
115870	10.30	52.00
115872	10.40	52.00
115874	10.20	52.00
115877	10.50	52.00
115879	10.20	52.00
115881	10.40	52.00
115884	10.20	52.00
115886	10.20	52.00
115888	10.60	330.00
115890	10.10	52.00
115893	10.50	52.00
115895	10.50	52.00
115897	10.70	56.00
115900	66.90	338.00
115902	10.40	52.00
115904	10.30	52.00
115906	10.50	52.00
115909	10.40	52.00
115911	67.40	340.00
115913	10.30	52.00
115916	10.30	52.00
115918	10.20	52.00
115920	10.60	58.00
115923	67.10	52.00
115925	10.50	52.00
115927	10.30	52.00
115929	10.20	52.00
115932	12.00	62.00
115934	10.40	52.00
115936	10.50	52.00
115939	10.20	52.00
115941	10.40	52.00
115943	12.50	312.00
115945	10.40	52.00
115948	10.40	52.00
115950	10.40	52.00
115952	10.60	52.00
115955	57.60	292.00
115957	10.20	52.00
115959	10.60	52.00
115961	10.30	52.00
115964	10.40	52.00
115966	56.60	288.00
115968	10.20	52.00
115971	10.40	52.00
115973	10.40	52.00
115975	10.40	78.00
115978	52.70	52.00
115980	10.60	52.00
115982	10.20	52.00
115984	10.50	52.00
115987	17.40	88.00
115989	10.60	52.00
115991	10.20	52.00
115994	10.20	52.00
115996	10.70	56.00
115998	18.80	96.00
116000	10.40	52.00
116003	10.40	52.00
116005	10.30	52.00
116007	10.50	52.00
116010	20.20	230.00
116012	10.30	52.00
116014	10.50	52.00
116016	10.20	52.00
116019	10.30	52.00
116021	39.80	204.00
116023	10.80	56.00
116026	10.20	52.00
116028	10.50	52.00
116030	10.20	52.00
116033	36.30	52.00
116035	10.50	52.00
116037	10.60	52.00
116039	10.30	52.00
116042	29.90	150.00
116044	10.20	52.00
116046	10.60	52.00
116049	10.40	52.00
116051	10.40	52.00
116053	35.70	180.00
116055	10.20	52.00
116058	10.40	52.00
116060	10.50	52.00
116062	10.30	56.00
116065	37.90	112.00
116067	10.40	52.00
116069	10.70	52.00
116071	10.30	52.00
116074	10.20	52.00
116076	21.50	108.00
116078	10.50	52.00
116081	10.40	52.00
116083	10.50	52.00
116085	10.30	52.00
116088	19.50	98.00
116090	10.60	52.00
116092	10.60	52.00
116094	10.20	52.00
116097	10.40	246.00
116099	18.80	52.00
116101	10.60	52.00
116104	10.40	52.00
116106	10.40	52.00
116108	50.60	256.00
116110	10.20	52.00
116113	10.50	52.00
116115	10.40	52.00
116117	10.30	52.00
116120	53.50	82.00
116122	10.70	52.00
116124	10.40	52.00
116126	10.20	52.00
116129	10.50	52.00
116131	14.60	76.00
116133	10.30	52.00
116136	10.90	56.00
116138	10.60	52.00
116140	10.40	52.00
116143	13.80	68.00
116145	10.70	56.00
116147	10.40	52.00
116149	10.30	52.00
116152	10.40	302.00
116154	12.30	50.00
116156	10.60	52.00
116159	10.30	52.00
116161	10.70	56.00
116163	62.20	314.00
116165	10.30	52.00
116168	10.40	52.00
116170	10.10	52.00
116172	10.50	52.00
116175	65.00	328.00
116177	10.50	52.00
116179	10.60	52.00
116181	10.20	52.00
116184	10.40	52.00
116186	65.50	52.00
116188	10.10	52.00
116191	10.30	52.00
116193	10.40	52.00
116195	10.40	52.00
116198	10.00	50.00
116200	10.30	52.00
116202	10.50	52.00
116204	10.10	52.00
116207	10.70	334.00
116209	10.20	52.00
116211	10.30	52.00
116214	10.50	52.00
116216	10.30	52.00
116218	68.20	344.00
116220	10.40	52.00
116223	10.20	52.00
116225	10.40	52.00
116227	10.50	52.00
116230	67.80	344.00
116232	10.50	52.00
116234	10.50	52.00
116236	10.60	52.00
116239	10.30	58.00
116241	64.40	56.00
116243	10.40	52.00
116246	10.30	52.00
116248	10.20	52.00
116250	12.10	62.00
116253	10.70	56.00
116255	10.20	52.00
116257	10.20	52.00
116259	10.30	52.00
116262	12.30	62.00
116264	10.60	52.00
116266	10.70	52.00
116269	10.50	52.00
116271	10.20	52.00
116273	12.80	294.00
116275	10.40	52.00
116278	10.60	52.00
116280	10.40	52.00
116282	10.60	52.00
116285	55.40	282.00
116287	10.40	52.00
116289	10.30	52.00
116291	10.20	52.00
116294	10.70	78.00
116296	53.60	52.00
116298	10.40	52.00
116301	10.60	52.00
116303	10.40	52.00
116305	17.50	88.00
116308	10.20	52.00
116310	10.40	52.00
116312	10.30	52.00
116314	10.60	52.00
116317	18.80	96.00
116319	10.60	52.00
116321	10.50	52.00
116324	10.60	52.00
116326	10.60	52.00
116328	20.10	226.00
116330	10.50	52.00
116333	10.50	52.00
116335	10.50	52.00
116337	10.40	52.00
116340	42.30	212.00
116342	10.40	52.00
116344	10.40	52.00
116346	10.60	52.00
116349	10.70	56.00
116351	36.90	52.00
116353	10.60	52.00
116356	10.50	52.00
116358	10.50	52.00
116360	10.20	140.00
116363	10.50	52.00
116365	10.50	52.00
116367	10.50	52.00
116369	10.30	52.00
116372	33.50	170.00
116374	10.70	56.00
116376	10.20	52.00
116379	10.30	52.00
116381	10.30	52.00
116383	37.20	118.00
116385	10.30	52.00
116388	10.60	52.00
116390	10.40	52.00
116392	10.50	52.00
116395	20.80	104.00
116397	10.70	56.00
116399	10.50	52.00
116401	10.60	52.00
116404	10.30	52.00
116406	20.40	104.00
116408	10.40	52.00
116411	10.40	52.00
116413	10.20	52.00
116415	10.50	242.00
116418	18.60	52.00
116420	10.50	52.00
116422	10.40	52.00
116424	10.40	52.00
116427	50.50	256.00
116429	10.60	52.00
116431	10.30	52.00
116434	10.40	52.00
116436	10.40	52.00
116438	53.10	82.00
116440	10.40	52.00
116443	10.40	52.00
116445	10.60	52.00
116447	10.50	52.00
116450	15.10	76.00
116452	10.40	52.00
116454	10.60	52.00
116456	10.50	52.00
116459	10.70	56.00
116461	13.60	68.00
116463	10.50	52.00
116466	10.20	52.00
116468	10.20	52.00
116470	10.60	304.00
116473	12.50	52.00
116475	10.40	52.00
116477	10.40	52.00
116479	10.20	52.00
116482	62.00	314.00
116484	10.20	52.00
116486	10.40	52.00
116489	10.50	52.00
116491	10.60	52.00
116493	64.40	324.00
116495	10.40	52.00
116498	10.50	56.00
116500	10.20	52.00
116502	10.50	52.00
116505	65.80	52.00
116507	10.30	52.00
116509	10.30	52.00
116511	10.40	52.00
116514	10.50	52.00
116516	9.90	50.00
116518	10.40	52.00
116521	10.40	52.00
116523	10.60	52.00
116525	10.70	334.00
116528	10.30	52.00
116530	10.60	52.00
116532	10.60	52.00
116534	10.50	52.00
116537	67.40	340.00
116539	10.40	52.00
116541	10.50	52.00
116544	10.10	52.00
116546	10.40	52.00
116548	66.80	338.00
116550	10.30	52.00
116553	10.50	52.00
116555	10.20	56.00
116557	10.40	58.00
116560	64.80	52.00
116562	10.50	56.00
116564	10.20	52.00
116566	10.60	52.00
116569	12.20	62.00
116571	10.70	56.00
116573	10.30	52.00
116576	10.40	52.00
116578	10.20	52.00
116580	12.40	62.00
116583	10.40	52.00
116585	10.30	52.00
116587	10.30	52.00
116589	10.70	52.00
116592	12.40	288.00
116594	10.50	52.00
116596	10.50	52.00
116599	10.60	52.00
116601	10.50	52.00
116603	55.60	282.00
116605	10.20	52.00
116608	10.40	52.00
116610	10.60	52.00
116612	10.50	52.00
116615	51.80	52.00
116617	10.50	52.00
116619	10.30	52.00
116621	10.40	52.00
116624	10.70	88.00
116626	10.20	52.00
116628	10.40	52.00
116631	10.30	52.00
116633	10.40	52.00
116635	18.80	96.00
116638	10.20	52.00
116640	10.30	52.00
116642	10.60	52.00
116644	10.40	52.00
116647	20.00	232.00
116649	10.20	52.00
116651	10.60	52.00
116654	10.50	52.00
116656	10.40	52.00
116658	42.30	212.00
116660	10.50	52.00
116663	10.40	52.00
116665	10.40	52.00
116667	10.20	52.00
116670	38.40	194.00
116672	10.50	52.00
116674	10.30	52.00
116676	10.20	52.00
116679	10.30	140.00
116681	30.90	52.00
116683	10.30	52.00
116686	10.50	52.00
116688	10.40	52.00
116690	33.90	170.00
116693	10.30	52.00
116695	10.40	52.00
116697	10.20	52.00
116699	10.70	56.00
116702	36.50	114.00
116704	10.40	52.00
116706	10.40	52.00
116709	10.50	52.00
116711	10.60	52.00
116713	21.70	112.00
116715	10.60	52.00
116718	10.30	52.00
116720	10.60	52.00
116722	10.40	52.00
116725	20.30	102.00
116727	10.60	52.00
116729	10.60	52.00
116731	10.40	52.00
116734	10.70	240.00
116736	19.10	50.00
116738	10.40	52.00
116741	10.20	52.00
116743	10.40	52.00
116745	49.70	252.00
116748	10.20	52.00
116750	10.60	52.00
116752	10.50	52.00
116754	10.40	52.00
116757	53.40	268.00
116759	10.60	52.00
116761	10.50	52.00
116764	10.80	52.00
116766	10.40	52.00
116768	55.40	76.00
116770	10.60	52.00
116773	10.30	52.00
116775	10.60	52.00
116777	10.40	52.00
116780	13.50	68.00
116782	10.20	52.00
116784	10.40	52.00
116786	10.40	52.00
116789	10.30	304.00
116791	12.20	96.00
116793	14.50	52.00
116796	10.60	52.00
116798	10.60	52.00
116800	62.20	314.00
116803	10.10	52.00
116805	10.70	56.00
116807	10.40	52.00
116809	10.10	52.00
116812	64.80	328.00
116814	10.60	52.00
116816	10.40	52.00
116819	10.10	52.00
116821	10.50	52.00
116823	65.60	50.00
116825	10.50	52.00
116828	10.60	52.00
116830	10.60	52.00
116832	10.40	52.00
116835	9.90	50.00
116837	10.10	52.00
116839	10.50	52.00
116841	10.60	52.00
116844	10.60	52.00
116846	10.50	52.00
116848	10.40	52.00
116851	10.40	52.00
116853	10.40	52.00
116855	11.10	344.00
116858	10.60	52.00
116860	10.50	52.00
116862	10.40	52.00
116864	10.40	52.00
116867	66.90	338.00
116869	10.20	52.00
116871	10.70	56.00
116874	10.50	52.00
116876	10.20	58.00
116878	63.60	52.00
116880	10.40	52.00
116883	10.50	52.00
116885	10.30	52.00
116887	12.10	62.00
116890	10.50	52.00
116892	10.30	52.00
116894	10.20	52.00
116896	10.40	52.00
116899	12.00	62.00
116901	10.60	52.00
116903	10.30	52.00
116906	10.50	52.00
116908	10.30	52.00
116910	12.30	308.00
116913	10.70	52.00
116915	10.50	52.00
116917	10.50	52.00
116919	10.40	52.00
116922	58.20	294.00
116924	10.70	56.00
116926	10.50	52.00
116929	10.50	52.00
116931	10.30	52.00
116933	56.40	52.00
116935	10.30	52.00
116938	10.60	52.00
116940	10.40	52.00
116942	10.40	76.00
116945	10.40	52.00
116947	10.00	50.00
116949	10.20	52.00
116951	10.20	52.00
116954	17.20	86.00
116956	10.40	52.00
116958	10.50	52.00
116961	10.80	56.00
116963	10.70	52.00
116965	18.80	240.00
116968	10.30	52.00
116970	10.70	52.00
116972	10.70	52.00
116974	10.40	52.00
116977	45.50	230.00
116979	10.50	52.00
116981	10.40	52.00
116984	10.50	52.00
116986	10.20	52.00
116988	42.70	216.00
116990	10.50	52.00
116993	10.60	52.00
116995	10.40	52.00
116997	10.70	122.00
117000	37.70	52.00
117002	10.50	52.00
117004	10.70	56.00
117006	10.50	52.00
117009	29.60	150.00
117011	10.50	52.00
117013	10.30	52.00
117016	10.50	52.00
117018	10.40	52.00
117020	34.70	134.00
117023	10.60	52.00
117025	10.70	52.00
117027	10.70	52.00
117029	10.50	56.00
117032	22.30	114.00
117034	10.50	52.00
117036	10.60	52.00
117039	10.40	52.00
117041	10.40	52.00
117043	21.10	108.00
117045	10.50	52.00
117048	10.40	52.00
117050	10.30	52.00
117052	10.50	222.00
117055	19.60	52.00
117057	10.30	52.00
117059	10.50	52.00
117061	10.50	52.00
117064	47.80	242.00
117066	10.70	56.00
117068	10.30	52.00
117071	10.20	52.00
117073	10.40	52.00
117075	51.70	262.00
117078	10.50	52.00
117080	10.70	52.00
117082	10.40	52.00
117084	10.60	52.00
117087	53.80	82.00
117089	10.30	52.00
117091	10.40	52.00
117094	10.50	52.00
117096	10.40	52.00
117098	14.30	72.00
117100	10.60	52.00
117103	10.60	52.00
117105	10.50	52.00
117107	10.40	294.00
117110	13.10	52.00
117112	10.60	52.00
117114	10.20	52.00
117116	10.30	52.00
117119	60.10	304.00
117121	10.10	52.00
117123	10.60	52.00
117126	10.60	52.00
117128	10.60	52.00
117130	62.90	318.00
117133	10.20	52.00
117135	10.30	52.00
117137	10.50	52.00
117139	10.30	52.00
117142	65.20	52.00
117144	10.50	52.00
117146	10.40	52.00
117149	10.40	52.00
117151	10.50	52.00
117153	10.40	52.00
117155	10.50	52.00
117158	10.50	52.00
117160	10.70	56.00
117162	10.30	52.00
117165	10.10	52.00
117167	10.40	52.00
117169	10.40	56.00
117171	10.10	52.00
117174	10.40	334.00
117176	10.10	52.00
117178	10.30	52.00
117181	10.50	52.00
117183	10.40	52.00
117185	67.50	340.00
117188	10.70	56.00
117190	10.20	52.00
117192	10.20	52.00
117194	10.30	52.00
117197	67.30	52.00
117199	10.60	52.00
117201	10.50	52.00
117204	10.40	52.00
117206	11.80	58.00
117208	10.50	52.00
117210	10.40	52.00
117213	10.30	52.00
117215	10.50	52.00
117217	12.10	62.00
117220	10.80	56.00
117222	10.30	52.00
117224	10.40	52.00
117226	10.70	52.00
117229	12.30	294.00
117231	10.60	52.00
117233	10.60	52.00
117236	10.50	52.00
117238	10.40	52.00
117240	57.40	292.00
117243	10.50	52.00
117245	10.70	56.00
117247	10.40	52.00
117249	10.40	52.00
117252	53.80	272.00
117254	10.50	52.00
117256	10.60	52.00
117259	10.50	56.00
117261	10.60	86.00
117263	51.90	52.00
117265	10.20	52.00
117268	10.40	52.00
117270	10.60	52.00
117272	17.90	92.00
117275	10.50	52.00
117277	10.50	52.00
117279	10.60	52.00
117281	10.40	52.00
117284	19.10	242.00
117286	10.50	56.00
117288	10.10	52.00
117291	10.40	52.00
117293	10.70	56.00
117295	44.20	222.00
117298	10.50	52.00
117300	10.50	52.00
117302	10.30	52.00
117304	10.20	52.00
117307	41.20	210.00
117309	10.10	52.00
117311	10.50	52.00
117314	10.50	52.00
117316	10.50	124.00
117318	34.00	52.00
117320	10.20	52.00
117323	10.50	52.00
117325	10.40	52.00
117327	32.80	168.00
117330	10.40	52.00
117332	10.40	52.00
117334	10.30	52.00
117336	10.50	52.00
117339	36.60	184.00
117341	10.60	52.00
117343	10.40	52.00
117346	10.70	56.00
117348	10.50	52.00
117350	39.10	112.00
117353	10.40	52.00
117355	10.40	52.00
117357	10.30	52.00
117359	10.50	52.00
117362	20.60	104.00
117364	10.40	52.00
117366	10.40	52.00
117369	10.20	52.00
117371	10.40	232.00
117373	19.50	52.00
117375	10.50	52.00
117378	10.50	52.00
117380	10.40	52.00
117382	48.50	246.00
117385	10.10	52.00
117387	10.20	52.00
117389	10.40	52.00
117391	10.40	52.00
117394	52.70	266.00
117396	10.40	52.00
117398	10.30	52.00
117401	10.10	52.00
117403	10.50	52.00
117405	54.20	78.00
117408	10.40	52.00
117410	10.40	52.00
117412	10.20	52.00
117414	10.40	52.00
117417	14.50	72.00
117419	10.50	52.00
117421	10.50	52.00
117424	10.30	52.00
117426	10.50	52.00
117428	12.80	52.00
117430	10.30	52.00
117433	10.40	52.00
117435	10.50	52.00
117437	10.60	304.00
117440	10.40	52.00
117442	10.10	52.00
117444	10.60	52.00
117446	10.50	52.00
117449	63.00	318.00
117451	10.60	52.00
117453	10.40	52.00
117456	10.10	52.00
117458	10.50	52.00
117460	66.20	50.00
117463	10.30	52.00
117465	10.40	52.00
117467	10.50	52.00
117469	10.60	52.00
117472	9.90	50.00
117474	10.60	52.00
117476	10.30	52.00
117479	10.60	52.00
117481	10.40	52.00
117483	10.20	52.00
117485	10.40	52.00
117488	10.70	52.00
117490	10.50	52.00
117492	10.70	340.00
117495	10.30	52.00
117497	10.60	52.00
117499	10.40	52.00
117501	10.40	52.00
117504	67.80	344.00
117506	10.60	52.00
117508	10.00	50.00
117511	10.50	52.00
117513	10.30	52.00
117515	64.30	52.00
117518	10.20	52.00
117520	10.60	52.00
117522	10.70	52.00
117524	10.30	62.00
117527	10.50	52.00
117529	10.50	52.00
117531	10.40	52.00
117534	10.50	52.00
117536	12.20	62.00
117538	10.60	52.00
117540	10.70	56.00
117543	10.20	52.00
117545	10.60	52.00
117547	12.80	294.00
117550	10.40	52.00
117552	10.50	52.00
117554	10.40	56.00
117556	10.20	52.00
117559	55.40	282.00
117561	10.20	52.00
117563	10.50	52.00
117566	10.40	52.00
117568	10.60	52.00
117570	53.40	272.00
117573	10.30	52.00
117575	10.50	52.00
117577	10.50	52.00
117579	10.30	86.00
117582	50.20	52.00
117584	10.40	52.00
117586	10.40	52.00
117589	10.80	56.00
117591	18.10	92.00
117593	10.50	52.00
117595	10.10	52.00
117598	10.60	52.00
117600	10.50	52.00
117602	19.20	230.00
117605	10.20	52.00
117607	10.60	52.00
117609	10.20	52.00
117611	10.40	52.00
117614	44.20	222.00
117616	10.30	52.00
117618	10.40	52.00
117621	10.20	52.00
117623	10.20	52.00
117625	38.90	196.00
117628	10.50	52.00
117630	10.40	52.00
117632	10.50	52.00
117634	10.20	132.00
117637	35.10	52.00
117639	10.50	52.00
117641	10.40	52.00
117644	10.30	52.00
117646	32.30	164.00
117648	10.60	52.00
117650	10.20	52.00
117653	10.40	52.00
117655	10.40	52.00
117657	35.80	180.00
117660	10.70	56.00
117662	10.60	52.00
117664	10.50	52.00
117666	10.40	52.00
117669	38.00	112.00
117671	10.60	52.00
117673	10.40	52.00
117676	10.50	52.00
117678	10.40	52.00
117680	20.90	104.00
117683	10.10	52.00
117685	10.30	52.00
117687	10.40	52.00
117689	10.30	52.00
117692	19.30	52.00
117694	10.30	52.00
117696	10.40	52.00
117699	10.50	52.00
117701	49.50	250.00
117703	10.50	52.00
117705	10.50	52.00
117708	10.20	52.00
117710	10.50	52.00
117712	52.00	262.00
117715	10.50	52.00
117717	10.50	52.00
117719	10.60	52.00
117721	10.50	52.00
117724	54.70	78.00
117726	10.60	52.00
117728	10.50	52.00
117731	10.50	52.00
117733	10.60	52.00
117735	14.10	72.00
117738	10.40	52.00
117740	10.50	52.00
117742	10.40	52.00
117744	10.40	52.00
117747	13.00	66.00
117749	10.50	52.00
117751	10.40	52.00
117754	10.60	52.00
117756	10.50	308.00
117758	10.30	52.00
117760	10.40	52.00
117763	10.30	52.00
117765	10.10	52.00
117767	63.60	322.00
117770	10.70	56.00
117772	10.40	52.00
117774	10.40	52.00
117776	10.60	52.00
117779	65.90	50.00
117781	10.40	52.00
117783	10.10	52.00
117786	10.40	52.00
117788	10.40	52.00
117790	9.90	50.00
117793	10.70	56.00
117795	10.40	52.00
117797	10.40	52.00
117799	10.50	52.00
117802	10.40	52.00
117804	10.60	52.00
117806	10.60	52.00
117809	10.40	52.00
117811	10.60	340.00
117813	10.50	52.00
117815	10.40	52.00
117818	10.40	52.00
117820	10.60	52.00
117822	66.80	338.00
117825	10.60	52.00
117827	10.60	52.00
117829	10.50	52.00
117831	10.30	52.00
117834	65.10	330.00
117836	10.40	52.00
117838	10.40	52.00
117841	10.20	52.00
117843	10.20	62.00
117845	62.00	52.00
117848	10.60	52.00
117850	10.60	52.00
117852	10.50	52.00
117854	12.50	62.00
117857	10.20	52.00
117859	10.40	52.00
117861	10.40	52.00
117864	10.50	52.00
117866	12.60	288.00
117868	10.40	52.00
117870	10.20	52.00
117873	10.50	52.00
117875	10.40	52.00
117877	55.60	282.00
117880	10.40	52.00
117882	10.30	52.00
117884	10.50	52.00
117886	10.40	52.00
117889	56.40	286.00
117891	10.60	52.00
117893	10.40	52.00
117896	10.50	52.00
117898	10.40	72.00
117900	55.40	52.00
117903	10.40	52.00
117905	10.40	52.00
117907	10.50	52.00
117909	17.80	88.00
117912	10.40	52.00
117914	10.60	52.00
117916	10.50	52.00
117919	10.60	52.00
117921	19.00	96.00
117923	10.50	52.00
117925	10.20	52.00
117928	10.50	52.00
117930	10.50	52.00
117932	21.20	212.00
117935	10.50	52.00
117937	10.60	52.00
117939	10.30	52.00
117941	10.60	52.00
117944	38.80	196.00
117946	10.70	56.00
117948	10.50	52.00
117951	10.30	52.00
117953	10.60	140.00
117955	31.10	52.00
117958	10.60	52.00
117960	10.40	52.00
117962	10.80	56.00
117964	33.90	170.00
117967	10.40	52.00
117969	10.40	52.00
117971	10.50	52.00
117974	10.50	52.00
117976	38.00	190.00
117978	10.90	56.00
117980	10.20	52.00
117983	10.50	56.00
117985	10.70	56.00
117987	40.90	108.00
117990	10.20	52.00
117992	10.40	52.00
117994	10.60	52.00
117996	10.50	52.00
117999	19.40	98.00
118001	10.20	52.00
118003	10.20	52.00
118006	10.60	52.00
118008	10.40	52.00
118010	18.40	52.00
118013	10.40	52.00
118015	10.40	52.00
118017	10.40	52.00
118019	10.60	262.00
118022	10.40	52.00
118024	10.50	52.00
118026	10.40	52.00
118029	10.50	52.00
118031	54.30	276.00
118033	10.60	52.00
118035	10.20	52.00
118038	10.50	52.00
118040	10.40	52.00
118042	56.20	72.00
118045	10.40	52.00
118047	10.40	52.00
118049	10.20	56.00
118051	10.40	52.00
118054	13.10	66.00
118056	10.60	52.00
118058	10.50	52.00
118061	10.80	56.00
118063	10.30	52.00
118065	11.60	58.00
118068	10.30	52.00
118070	10.30	52.00
118072	10.40	52.00
118074	10.20	324.00
118077	10.50	52.00
118079	10.50	52.00
118081	10.50	52.00
118084	10.30	52.00
118086	65.70	330.00
118088	10.30	52.00
118090	10.70	56.00
118093	10.60	52.00
118095	10.30	52.00
118097	65.90	52.00
118100	10.40	52.00
118102	10.40	52.00
118104	10.60	52.00
118106	10.50	52.00
118109	10.20	52.00
118111	10.60	52.00
118113	10.50	52.00
118116	10.50	52.00
118118	10.80	56.00
118120	10.20	52.00
118123	10.60	52.00
118125	10.40	52.00
118127	10.50	56.00
118129	11.40	338.00
118132	10.30	52.00
118134	10.20	52.00
118136	10.60	52.00
118139	10.20	52.00
118141	65.30	330.00
118143	10.20	52.00
118145	10.40	52.00
118148	10.20	52.00
118150	10.50	52.00
118152	62.00	314.00
118155	10.40	52.00
118157	10.30	52.00
118159	10.60	52.00
118161	10.20	62.00
118164	61.30	52.00
118166	10.40	56.00
118168	10.80	56.00
118171	10.40	52.00
118173	12.70	66.00
118175	10.60	52.00
118178	10.50	52.00
118180	10.40	52.00
118182	10.60	52.00
118184	13.80	282.00
118187	10.20	52.00
118189	10.60	52.00
118191	10.40	52.00
118194	10.40	52.00
118196	53.40	272.00
118198	10.40	52.00
118200	10.50	52.00
118203	10.30	52.00
118205	10.80	56.00
118207	51.40	258.00
118210	10.50	52.00
118212	10.70	56.00
118214	10.20	52.00
118216	10.40	92.00
118219	47.40	52.00
118221	10.40	52.00
118223	10.60	52.00
118226	10.40	52.00
118228	19.70	98.00
118230	10.40	52.00
118233	10.30	52.00
118235	10.20	52.00
118237	10.50	52.00
118239	20.70	104.00
118242	10.20	52.00
118244	10.60	52.00
118246	10.20	52.00
118249	10.40	52.00
118251	23.40	204.00
118253	10.40	52.00
118255	10.40	52.00
118258	10.40	52.00
118260	10.10	52.00
118262	31.20	158.00
118265	10.40	52.00
118267	10.30	52.00
118269	10.40	52.00
118271	10.50	52.00
118274	26.20	52.00
118276	10.00	52.00
118278	10.60	52.00
118281	10.50	52.00
118283	37.80	190.00
118285	10.60	52.00
118288	10.50	52.00
118290	10.60	52.00
118292	10.50	52.00
118294	42.30	212.00
118297	10.20	52.00
118299	10.20	52.00
118301	10.50	52.00
118304	10.30	52.00
118306	44.80	98.00
118308	10.30	52.00
118310	10.10	52.00
118313	10.10	52.00
118315	10.80	56.00
118317	18.10	92.00
118320	10.40	52.00
118322	10.40	52.00
118324	10.30	52.00
118326	10.50	52.00
118329	16.80	86.00
118331	10.60	52.00
118333	10.20	52.00
118336	10.50	52.00
118338	10.20	272.00
118340	15.80	52.00
118343	10.50	52.00
118345	10.30	52.00
118347	10.10	52.00
118349	56.20	286.00
118352	10.50	52.00
118354	10.40	52.00
118356	10.30	52.00
118359	10.10	52.00
118361	58.40	68.00
118363	10.30	52.00
118365	10.50	52.00
118368	10.20	52.00
118370	10.40	52.00
118372	11.40	58.00
118375	10.40	52.00
118377	10.60	52.00
118379	10.30	52.00
118381	10.60	52.00
118384	10.70	56.00
118386	10.50	52.00
118388	10.50	52.00
118391	10.10	52.00
118393	10.60	328.00
118395	10.10	52.00
118398	10.60	52.00
118400	10.60	52.00
118402	10.30	52.00
118404	65.40	330.00
118407	10.40	52.00
118409	10.40	52.00
118411	10.30	52.00
118414	10.40	52.00
118416	66.20	334.00
118418	10.60	52.00
118420	10.50	52.00
118423	10.60	52.00
118425	10.60	52.00
118427	65.40	52.00
118430	10.50	52.00
118432	10.50	52.00
118434	10.50	52.00
118436	10.90	56.00
118439	10.20	52.00
118441	10.60	52.00
118443	10.10	52.00
118446	10.70	56.00
118448	11.20	344.00
118450	10.60	52.00
118453	10.60	52.00
118455	10.30	52.00
118457	10.50	52.00
118459	65.00	328.00
118462	10.30	52.00
118464	10.50	52.00
118466	10.30	52.00
118469	10.20	52.00
118471	63.20	322.00
118473	10.50	52.00
118475	10.50	52.00
118478	10.40	52.00
118480	10.80	62.00
118482	60.20	52.00
118485	10.60	52.00
118487	10.60	52.00
118489	10.20	52.00
118491	12.40	62.00
118494	10.50	52.00
118496	10.30	52.00
118498	10.30	52.00
118501	10.30	52.00
118503	13.50	68.00
118505	10.40	52.00
118508	10.40	52.00
118510	10.50	52.00
118512	10.30	52.00
118514	15.40	272.00
118517	10.30	52.00
118519	10.50	52.00
118521	10.50	52.00
118524	10.60	52.00
118526	51.20	258.00
118528	10.20	52.00
118530	10.50	52.00
118533	10.50	52.00
118535	10.50	92.00
118537	48.80	52.00
118540	10.80	52.00
118542	10.70	52.00
118544	10.20	52.00
118546	19.70	98.00
118549	10.50	52.00
118551	10.30	52.00
118553	10.20	52.00
118556	10.40	52.00
118558	20.90	104.00
118560	10.40	52.00
118563	10.50	52.00
118565	10.60	52.00
118567	10.50	52.00
118569	23.30	196.00
118572	10.40	52.00
118574	10.60	52.00
118576	10.60	52.00
118579	10.40	52.00
118581	33.00	168.00
118583	10.80	56.00
118585	10.20	52.00
118588	10.50	52.00
118590	10.10	52.00
118592	26.60	52.00
118595	10.40	52.00
118597	10.30	52.00
118599	10.30	52.00
118601	10.30	186.00
118604	10.40	52.00
118606	10.40	52.00
118608	10.40	52.00
118611	10.40	52.00
118613	40.40	204.00
118615	10.40	52.00
118618	10.50	52.00
118620	10.60	52.00
118622	10.40	52.00
118624	44.00	102.00
118627	10.50	52.00
118629	10.30	52.00
118631	10.50	52.00
118634	10.50	52.00
118636	19.40	98.00
118638	10.20	52.00
118640	10.60	52.00
118643	10.40	52.00
118645	10.30	52.00
118647	17.90	92.00
118650	10.50	52.00
118652	10.20	52.00
118654	10.40	52.00
118656	10.50	268.00
118659	16.70	52.00
118661	10.10	52.00
118663	10.30	52.00
118666	10.60	52.00
118668	54.50	276.00
118670	10.50	52.00
118673	10.30	52.00
118675	10.20	52.00
118677	10.40	52.00
118679	56.40	72.00
118682	10.50	52.00
118684	10.40	52.00
118686	10.50	52.00
118689	10.40	52.00
118691	13.00	66.00
118693	10.60	52.00
118695	10.20	52.00
118698	10.50	52.00
118700	10.30	52.00
118702	11.80	58.00
118705	10.60	52.00
118707	10.10	52.00
118709	10.30	52.00
118711	10.40	322.00
118714	10.50	52.00
118716	10.70	52.00
118718	10.70	52.00
118721	10.30	52.00
118723	65.60	330.00
118725	10.40	52.00
118728	10.30	52.00
118730	10.40	52.00
118732	10.40	52.00
118734	81.00	410.00
118737	10.40	52.00
118739	10.50	52.00
118741	10.40	52.00
118744	10.20	52.00
118746	64.50	52.00
118748	10.40	52.00
118750	10.40	52.00
118753	10.50	52.00
118755	10.40	52.00
118757	9.90	50.00
118760	10.40	52.00
118762	10.30	52.00
118764	10.40	52.00
118766	11.40	340.00
118769	10.50	52.00
118771	10.70	52.00
118773	10.50	52.00
118776	10.30	52.00
118778	69.30	350.00
118780	10.30	52.00
118783	10.60	52.00
118785	10.20	52.00
118787	10.40	52.00
118789	70.60	358.00
118792	10.40	52.00
118794	10.40	52.00
118796	10.30	52.00
118799	10.50	62.00
118801	67.70	52.00
118803	10.40	52.00
118805	10.40	52.00
118808	10.60	52.00
118810	12.40	62.00
118812	10.90	56.00
118815	10.40	52.00
118817	10.40	52.00
118819	10.40	52.00
118821	14.00	72.00
118824	10.30	52.00
118826	10.60	52.00
118828	10.40	52.00
118831	10.60	52.00
118833	14.90	262.00
118835	10.20	52.00
118838	10.40	52.00
118840	10.50	52.00
118842	10.60	52.00
118844	57.80	292.00
118847	10.70	56.00
118849	10.20	52.00
118851	10.20	52.00
118854	10.40	92.00
118856	47.20	52.00
118858	10.20	52.00
118860	10.40	52.00
118863	10.30	52.00
118865	19.30	98.00
118867	10.50	52.00
118870	10.10	52.00
118872	10.50	52.00
118874	10.50	52.00
118876	21.00	104.00
118879	10.70	56.00
118881	10.70	56.00
118883	10.40	52.00
118886	10.20	52.00
118888	22.80	240.00
118890	10.20	52.00
118893	10.50	52.00
118895	10.50	52.00
118897	10.20	52.00
118899	40.10	204.00
118902	10.60	52.00
118904	10.40	52.00
118906	10.50	52.00
118909	10.50	52.00
118911	34.50	174.00
118913	10.40	52.00
118915	10.50	52.00
118918	10.40	52.00
118920	10.40	190.00
118922	29.20	52.00
118925	10.40	52.00
118927	10.10	52.00
118929	10.60	52.00
118931	41.50	210.00
118934	10.30	52.00
118936	10.40	52.00
118938	10.20	52.00
118941	10.20	52.00
118943	44.40	98.00
118945	10.40	52.00
118948	10.60	52.00
118950	10.40	52.00
118952	10.40	52.00
118954	18.10	92.00
118957	10.60	52.00
118959	10.40	52.00
118961	10.60	52.00
118964	10.30	52.00
118966	16.40	82.00
118968	10.50	52.00
118970	10.60	52.00
118973	10.50	52.00
118975	10.60	276.00
118977	15.40	52.00
118980	10.30	52.00
118982	10.40	52.00
118984	10.20	52.00
118986	56.30	286.00
118989	10.30	52.00
118991	10.20	52.00
118993	10.50	52.00
118996	10.60	52.00
118998	58.90	298.00
119000	10.40	52.00
119003	10.50	52.00
119005	10.40	52.00
119007	10.30	52.00
119009	61.20	56.00
119012	10.30	52.00
119014	10.50	52.00
119016	10.30	52.00
119019	10.40	52.00
119021	10.50	52.00
119023	10.50	52.00
119025	10.60	52.00
119028	10.30	52.00
119030	10.50	330.00
119032	10.20	52.00
119035	10.60	52.00
119037	10.40	52.00
119039	10.50	52.00
119041	65.30	330.00
119044	10.20	52.00
119046	10.30	52.00
119048	10.60	52.00
119051	10.30	52.00
119053	66.10	334.00
119055	10.50	52.00
119058	10.50	52.00
119060	10.20	52.00
119062	10.40	56.00
119064	67.40	52.00
119067	10.40	52.00
119069	10.50	52.00
119071	10.70	56.00
119074	11.30	56.00
119076	10.40	52.00
119078	10.50	52.00
119080	10.50	52.00
119083	10.40	52.00
119085	12.00	62.00
119087	10.70	52.00
119090	10.20	52.00
119092	10.10	52.00
119094	10.20	56.00
119096	12.20	308.00
119099	10.50	52.00
119101	10.10	52.00
119103	10.20	52.00
119106	10.30	52.00
119108	59.50	302.00
119110	10.20	52.00
119113	10.50	52.00
119115	10.60	52.00
119117	10.30	62.00
119119	56.70	52.00
119122	10.40	52.00
119124	10.40	52.00
119126	10.30	52.00
119129	13.70	68.00
119131	10.30	52.00
119133	10.40	52.00
119135	10.50	52.00
119138	10.40	52.00
119140	15.60	78.00
119142	10.60	52.00
119145	10.30	52.00
119147	10.40	52.00
119149	10.40	52.00
119151	16.80	258.00
119154	10.30	52.00
119156	10.40	52.00
119158	10.40	52.00
119161	10.40	52.00
119163	47.30	240.00
119165	10.50	52.00
119168	10.40	52.00
119170	10.50	52.00
119172	10.40	52.00
119174	46.30	56.00
119177	10.70	52.00
119179	10.30	52.00
119181	10.50	52.00
119184	10.20	108.00
119186	10.50	52.00
119188	10.30	52.00
119190	10.50	52.00
119193	10.40	52.00
119195	23.30	118.00
119197	10.60	52.00
119200	10.50	52.00
119202	10.60	52.00
119204	10.70	52.00
119206	29.50	140.00
119209	10.60	52.00
119211	10.50	52.00
119213	10.50	52.00
119216	10.40	52.00
119218	25.30	128.00
119220	10.60	52.00
119223	10.40	52.00
119225	10.40	52.00
119227	10.50	52.00
119229	22.40	114.00
119232	10.40	52.00
119234	10.50	52.00
119236	10.60	52.00
119239	10.40	200.00
119241	21.40	52.00
119243	10.70	56.00
119245	10.50	52.00
119248	10.50	52.00
119250	45.00	226.00
119252	10.30	52.00
119255	10.40	52.00
119257	10.60	52.00
119259	10.20	52.00
119261	48.10	92.00
119264	10.40	52.00
119266	10.70	52.00
119268	10.60	52.00
119271	10.60	56.00
119273	17.10	86.00
119275	10.30	52.00
119278	10.60	52.00
119280	10.50	52.00
119282	10.60	52.00
119284	16.20	82.00
119287	10.50	52.00
119289	10.40	52.00
119291	10.70	52.00
119294	10.30	278.00
119296	14.60	52.00
119298	10.50	52.00
119300	10.70	52.00
119303	10.50	52.00
119305	57.60	292.00
119307	10.60	52.00
119310	10.50	52.00
119312	10.50	52.00
119314	10.50	52.00
119316	60.50	304.00
119319	10.30	52.00
119321	10.50	52.00
119323	10.60	52.00
119326	10.40	52.00
119328	62.80	56.00
119330	10.40	52.00
119333	10.30	52.00
119335	10.40	52.00
119337	10.60	52.00
119339	10.50	52.00
119342	10.20	52.00
119344	10.50	52.00
119346	10.30	52.00
119349	10.60	338.00
119351	10.30	52.00
119353	10.70	52.00
119355	10.30	52.00
119358	10.40	52.00
119360	65.30	330.00
119362	10.40	52.00
119365	10.70	56.00
119367	10.40	52.00
119369	10.50	52.00
119371	66.00	334.00
119374	10.30	52.00
119376	10.40	52.00
119378	10.10	52.00
119381	10.50	52.00
119383	67.60	50.00
119385	10.30	52.00
119388	10.20	52.00
119390	10.60	52.00
119392	11.30	56.00
119394	10.30	52.00
119397	10.40	52.00
119399	10.20	52.00
119401	10.20	52.00
119404	12.00	62.00
119406	10.60	52.00
119408	10.50	52.00
119410	10.70	56.00
119413	10.40	52.00
119415	12.00	322.00
119417	10.60	52.00
119420	10.40	52.00
119422	10.30	52.00
119424	10.40	52.00
119426	59.30	302.00
119429	10.40	52.00
119431	10.50	52.00
119433	10.40	52.00
119436	10.40	52.00
119438	59.30	52.00
119440	10.70	52.00
119443	10.40	52.00
119445	10.20	52.00
119447	13.00	66.00
119449	10.60	52.00
119452	10.40	52.00
119454	10.10	52.00
119456	10.20	52.00
119459	14.00	72.00
119461	10.30	52.00
119463	10.60	52.00
119465	10.50	52.00
119468	10.50	52.00
119470	16.00	258.00
119472	10.40	52.00
119475	10.60	52.00
119477	10.50	52.00
119479	10.40	52.00
119481	49.00	250.00
119484	10.10	52.00
119486	10.20	52.00
119488	10.50	52.00
119491	10.30	52.00
119493	45.80	232.00
119495	10.60	52.00
119498	10.50	52.00
119500	10.40	52.00
119502	10.30	102.00
119504	44.50	52.00
119507	10.20	52.00
119509	10.50	52.00
119511	10.50	52.00
119514	21.70	108.00
119516	10.40	52.00
119518	10.30	52.00
119520	10.30	52.00
119523	10.50	52.00
119525	24.80	184.00
119527	10.40	52.00
119530	10.30	52.00
119532	10.40	52.00
119534	10.40	52.00
119536	27.40	138.00
119539	10.40	52.00
119541	10.20	52.00
119543	10.50	52.00
119546	10.20	52.00
119548	24.00	122.00
119550	10.50	52.00
119553	10.10	52.00
119555	10.30	52.00
119557	10.40	196.00
119559	21.30	52.00
119562	10.60	52.00
119564	10.50	52.00
119566	10.30	52.00
119569	42.80	216.00
119571	10.40	52.00
119573	10.10	52.00
119575	10.40	52.00
119578	10.60	52.00
119580	46.20	232.00
119582	10.30	52.00
119585	10.40	52.00
119587	10.30	52.00
119589	10.20	52.00
119591	49.90	88.00
119594	10.30	52.00
119596	10.30	52.00
119598	10.60	52.00
119601	10.70	56.00
119603	16.10	82.00
119605	10.30	52.00
119608	10.60	52.00
119610	10.30	52.00
119612	10.20	278.00
119614	15.40	52.00
119617	10.50	52.00
119619	10.20	52.00
119621	10.30	52.00
119624	56.30	286.00
119626	10.50	52.00
119628	10.10	52.00
119630	10.00	50.00
119633	10.50	52.00
119635	59.10	298.00
119637	10.50	52.00
119640	10.20	52.00
119642	10.40	52.00
119644	10.50	52.00
119646	61.70	56.00
119649	10.50	52.00
119651	10.40	52.00
119653	10.30	52.00
119656	10.50	52.00
119658	10.20	52.00
119660	10.90	56.00
119663	10.50	52.00
119665	10.60	52.00
119667	10.50	52.00
119669	9.90	52.00
119672	10.30	52.00
119674	10.50	52.00
119676	10.50	52.00
119679	10.30	334.00
119681	10.40	52.00
119683	10.40	52.00
119685	10.40	52.00
119688	10.60	52.00
119690	65.70	334.00
119692	10.20	52.00
119695	10.20	52.00
119697	10.50	52.00
119699	10.40	56.00
119701	67.70	52.00
119704	10.60	52.00
119706	10.40	52.00
119708	10.60	52.00
119711	11.30	56.00
119713	10.60	52.00
119715	10.60	52.00
119718	10.40	52.00
119720	10.40	52.00
119722	12.00	62.00
119724	10.70	56.00
119727	10.50	52.00
119729	10.60	52.00
119731	10.30	52.00
119734	12.10	304.00
119736	10.70	52.00
119738	10.20	52.00
119740	10.20	52.00
119743	10.40	52.00
119745	58.90	298.00
119747	10.80	56.00
119750	10.40	52.00
119752	10.40	52.00
119754	10.40	52.00
119756	55.70	52.00
119759	10.60	52.00
119761	10.10	52.00
119763	10.40	52.00
119766	10.40	72.00
119768	10.50	52.00
119770	10.40	52.00
119773	10.50	52.00
119775	10.60	52.00
119777	15.30	78.00
119779	10.10	52.00
119782	10.60	52.00
119784	10.40	52.00
119786	10.00	52.00
119789	17.00	252.00
119791	10.40	52.00
119793	10.20	52.00
119795	10.30	52.00
119798	10.30	52.00
119800	46.90	240.00
119802	10.40	52.00
119805	10.20	52.00
119807	10.60	52.00
119809	10.50	52.00
119811	44.50	226.00
119814	10.50	52.00
119816	10.40	52.00
119818	10.20	52.00
119821	10.60	108.00
119823	38.60	52.00
119825	10.30	52.00
119828	10.20	52.00
119830	10.30	52.00
119832	25.80	132.00
119834	10.40	52.00
119837	10.50	52.00
119839	10.50	52.00
119841	10.30	52.00
119844	31.50	138.00
119846	10.40	52.00
119848	10.50	52.00
119850	10.20	52.00
119853	10.40	52.00
119855	24.10	122.00
119857	10.30	52.00
119860	10.20	52.00
119862	10.50	52.00
119864	10.50	52.00
119866	21.50	108.00
119869	10.50	52.00
119871	10.50	52.00
119873	10.60	52.00
119876	10.50	216.00
119878	20.70	52.00
119880	10.50	56.00
119883	10.50	52.00
119885	10.40	52.00
119887	46.90	236.00
119889	10.30	52.00
119892	10.50	52.00
119894	10.60	52.00
119896	10.60	52.00
119899	51.00	258.00
119901	10.60	52.00
119903	10.60	52.00
119905	10.20	52.00
119908	10.50	52.00
119910	52.80	82.00
119912	10.20	52.00
119915	10.30	52.00
119917	10.60	52.00
119919	10.50	52.00
119921	14.70	76.00
119924	10.40	52.00
119926	10.40	52.00
119928	10.80	56.00
119931	10.50	52.00
119933	13.10	52.00
119935	10.40	52.00
119938	10.40	52.00
119940	10.20	52.00
119942	60.50	304.00
119944	10.50	52.00
119947	10.60	52.00
119949	10.50	52.00
119951	10.40	52.00
119954	63.00	318.00
119956	10.40	52.00
119958	10.50	52.00
119960	10.70	52.00
119963	10.40	52.00
119965	65.50	52.00
119967	10.40	52.00
119970	10.40	52.00
119972	10.20	52.00
119974	10.60	52.00
119976	10.10	52.00
119979	10.40	52.00
119981	10.10	52.00
119983	10.50	52.00
119986	10.60	52.00
119988	10.30	52.00
119990	10.50	52.00
119993	10.50	52.00
119995	10.60	52.00
119997	10.40	340.00
119999	10.50	52.00
120002	10.60	52.00
120004	10.40	52.00
120006	10.60	52.00
120009	67.90	344.00
120011	10.20	52.00
120013	10.40	52.00
120015	10.60	52.00
120018	10.40	58.00
120020	64.80	52.00
120022	10.50	52.00
120025	10.40	52.00
120027	10.60	52.00
120029	10.10	62.00
120031	10.60	52.00
120034	10.60	52.00
120036	10.30	52.00
120038	10.50	52.00
120041	12.00	62.00
120043	10.40	52.00
120045	10.80	56.00
120048	10.50	52.00
120050	10.30	52.00
120052	12.40	292.00
120054	10.40	52.00
120057	10.40	52.00
120059	10.40	52.00
120061	10.40	52.00
120064	54.00	276.00
120066	10.20	52.00
120068	10.40	52.00
120070	10.40	52.00
120073	10.60	52.00
120075	53.30	268.00
120077	10.50	52.00
120080	10.60	56.00
120082	10.30	52.00
120084	10.60	82.00
120086	50.50	52.00
120089	10.70	56.00
120091	10.40	52.00
120093	10.40	52.00
120096	17.60	88.00
120098	10.70	56.00
120100	10.30	52.00
120103	10.40	52.00
120105	10.20	52.00
120107	18.80	232.00
120109	10.40	52.00
120112	10.50	52.00
120114	10.30	52.00
120116	10.70	56.00
120119	44.10	222.00
120121	10.10	52.00
120123	10.60	52.00
120125	10.50	52.00
120128	10.30	52.00
120130	40.30	204.00
120132	10.30	52.00
120135	10.50	52.00
120137	10.30	52.00
120139	10.20	122.00
120141	37.20	52.00
120144	10.20	52.00
120146	10.40	52.00
120148	10.50	52.00
120151	28.60	144.00
120153	10.50	52.00
120155	10.50	52.00
120158	10.50	52.00
120160	10.40	52.00
120162	34.00	170.00
120164	10.40	52.00
120167	10.70	52.00
120169	10.40	52.00
120171	10.10	52.00
120174	37.60	112.00
120176	10.30	52.00
120178	10.40	52.00
120180	10.60	52.00
120183	10.40	52.00
120185	21.50	108.00
120187	10.60	52.00
120190	10.40	52.00
120192	10.40	52.00
120194	10.50	220.00
120196	19.30	52.00
120199	10.30	52.00
120201	10.50	52.00
120203	10.40	52.00
120206	48.30	242.00
120208	10.50	52.00
120210	10.20	52.00
120213	10.40	52.00
120215	10.60	52.00
120217	50.40	256.00
120219	10.10	52.00
120222	10.30	52.00
120224	10.30	52.00
120226	10.50	52.00
120229	53.80	82.00
120231	10.70	52.00
120233	10.50	52.00
120235	10.60	52.00
120238	10.40	52.00
120240	14.40	72.00
120242	10.60	52.00
120245	10.40	52.00
120247	10.40	52.00
120249	10.40	52.00
120251	13.80	52.00
120254	10.60	52.00
120256	10.40	52.00
120258	10.50	52.00
120261	10.40	308.00
120263	10.30	52.00
120265	10.30	52.00
120268	10.50	52.00
120270	10.40	52.00
120272	62.80	318.00
120274	10.40	52.00
120277	10.20	52.00
120279	10.10	52.00
120281	10.30	52.00
120284	64.90	52.00
120286	10.50	52.00
120288	10.10	52.00
120290	10.60	52.00
120293	10.30	52.00
120295	10.10	52.00
120297	10.60	52.00
120300	10.40	52.00
120302	10.50	52.00
120304	10.50	52.00
120306	10.30	52.00
120309	10.60	52.00
120311	10.50	52.00
120313	10.40	52.00
120316	10.30	334.00
120318	10.20	52.00
120320	10.50	52.00
120323	10.30	52.00
120325	10.40	52.00
120327	67.90	344.00
120329	10.80	56.00
120332	10.10	52.00
120334	10.50	52.00
120336	10.40	52.00
120339	67.00	52.00
120341	10.40	52.00
120343	10.40	52.00
120345	10.20	52.00
120348	10.50	62.00
120350	10.30	52.00
120352	10.60	52.00
120355	10.70	56.00
120357	10.40	52.00
120359	12.20	62.00
120361	10.60	52.00
120364	10.70	56.00
120366	10.50	52.00
120368	10.30	52.00
120371	12.30	294.00
120373	10.20	52.00
120375	10.60	52.00
120378	10.40	52.00
120380	10.20	52.00
120382	57.10	288.00
120384	10.30	52.00
120387	10.70	56.00
120389	10.20	52.00
120391	10.40	52.00
120394	54.10	276.00
120396	10.50	52.00
120398	10.40	52.00
120400	10.80	52.00
120403	10.40	82.00
120405	52.70	52.00
120407	10.20	52.00
120410	10.40	52.00
120412	10.60	52.00
120414	17.60	88.00
120416	10.60	52.00
120419	10.20	52.00
120421	10.30	52.00
120423	10.40	52.00
120426	18.90	96.00
120428	10.70	52.00
120430	10.40	52.00
120433	10.40	52.00
120435	10.50	52.00
120437	43.50	220.00
120439	10.60	52.00
120442	10.20	52.00
120444	10.30	52.00
120446	10.40	52.00
120449	41.80	212.00
120451	10.30	52.00
120453	10.30	52.00
120455	10.20	52.00
120458	10.50	128.00
120460	33.80	52.00
120462	10.40	52.00
120465	10.30	52.00
120467	10.40	52.00
120469	29.80	150.00
120471	10.40	52.00
120474	10.50	52.00
120476	10.50	52.00
120478	10.40	52.00
120481	35.30	176.00
120483	10.20	52.00
120485	10.50	52.00
120488	10.60	52.00
120490	10.60	52.00
120492	38.50	114.00
120494	10.60	52.00
120497	10.20	52.00
120499	10.40	52.00
120501	10.50	52.00
120504	20.00	102.00
120506	10.50	52.00
120508	10.50	52.00
120510	10.60	52.00
120513	10.40	232.00
120515	19.30	52.00
120517	10.50	52.00
120520	10.50	52.00
120522	10.30	52.00
120524	49.30	250.00
120526	10.20	52.00
120529	10.20	52.00
120531	10.30	52.00
120533	10.30	52.00
120536	52.70	266.00
120538	10.20	52.00
120540	10.20	52.00
120543	10.30	52.00
120545	10.20	56.00
120547	55.10	76.00
120549	10.30	52.00
120552	10.40	52.00
120554	10.40	52.00
120556	10.60	52.00
120559	13.90	68.00
120561	10.50	52.00
120563	10.60	52.00
120565	10.60	52.00
120568	10.50	52.00
120570	12.40	62.00
120572	10.50	52.00
120575	10.30	52.00
120577	10.30	52.00
120579	10.40	312.00
120581	11.40	52.00
120584	10.50	52.00
120586	10.70	56.00
120588	10.00	50.00
120591	63.90	324.00
120593	10.50	52.00
120595	10.50	52.00
120598	10.50	52.00
120600	10.70	56.00
120602	66.30	50.00
120604	10.40	52.00
120607	10.30	52.00
120609	10.20	52.00
120611	10.60	52.00
120614	10.10	52.00
120616	10.40	52.00
120618	10.20	52.00
120620	10.40	52.00
120623	10.70	56.00
120625	10.20	52.00
120627	10.40	52.00
120630	10.50	52.00
120632	10.40	56.00
120634	10.90	340.00
120636	10.10	56.00
120639	10.60	52.00
120641	10.30	52.00
120643	10.60	52.00
120646	68.10	344.00
120648	10.60	52.00
120650	10.50	52.00
120653	10.60	52.00
120655	10.40	52.00
120657	64.30	324.00
120659	10.50	52.00
120662	10.30	52.00
120664	10.60	56.00
120666	10.10	58.00
120669	62.40	52.00
120671	10.60	52.00
120673	10.40	52.00
120675	10.30	52.00
120678	12.30	62.00
120680	10.70	56.00
120682	10.30	52.00
120685	10.20	52.00
120687	10.60	52.00
120689	12.60	292.00
120691	10.40	52.00
120694	10.50	52.00
120696	10.20	52.00
120698	10.20	52.00
120701	54.20	276.00
120703	10.40	52.00
120705	10.40	52.00
120708	10.50	52.00
120710	10.60	52.00
120712	52.30	266.00
120714	10.10	52.00
120717	10.40	52.00
120719	10.20	52.00
120721	10.20	86.00
120724	48.70	52.00
120726	10.50	52.00
120728	10.70	56.00
120730	10.50	52.00
120733	18.60	96.00
120735	10.50	52.00
120737	10.50	52.00
120740	10.50	52.00
120742	10.40	52.00
120744	20.10	102.00
120746	10.50	52.00
120749	10.20	52.00
120751	10.50	52.00
120753	10.60	52.00
120756	21.90	216.00
120758	10.50	52.00
120760	10.20	52.00
120763	10.60	52.00
120765	10.40	52.00
120767	33.30	170.00
120769	10.40	52.00
120772	10.20	52.00
120774	10.20	52.00
120776	10.40	154.00
120779	30.90	52.00
120781	10.50	52.00
120783	10.40	52.00
120785	10.40	52.00
120788	34.80	176.00
120790	10.40	52.00
120792	10.50	52.00
120795	10.40	52.00
120797	10.30	52.00
120799	38.30	194.00
120801	10.60	52.00
120804	10.60	52.00
120806	10.20	52.00
120808	10.40	52.00
120811	41.70	102.00
120813	10.40	52.00
120815	10.40	52.00
120818	10.40	52.00
120820	10.10	52.00
120822	19.50	98.00
120824	10.50	52.00
120827	10.20	52.00
120829	10.40	52.00
120831	10.60	52.00
120834	18.20	52.00
120836	10.30	52.00
120838	10.50	52.00
120840	10.50	52.00
120843	10.40	262.00
120845	10.60	52.00
120847	10.60	52.00
120850	10.40	52.00
120852	10.50	52.00
120854	52.90	266.00
120856	10.20	52.00
120859	10.60	52.00
120861	10.20	52.00
120863	10.50	52.00
120866	55.80	76.00
120868	10.50	52.00
120870	10.20	52.00
120873	10.40	52.00
120875	10.50	52.00
120877	13.30	68.00
120879	10.40	52.00
120882	10.40	52.00
120884	10.30	52.00
120886	10.40	52.00
120889	12.20	62.00
120891	10.60	52.00
120893	10.50	52.00
120895	10.20	52.00
120898	10.50	314.00
120900	10.30	52.00
120902	10.40	52.00
120905	10.40	52.00
120907	10.60	52.00
120909	65.30	330.00
120911	10.40	52.00
120914	10.60	52.00
120916	10.40	52.00
120918	10.50	52.00
120921	65.60	50.00
120923	10.40	52.00
120925	10.20	52.00
120928	10.40	52.00
120930	10.50	52.00
120932	10.40	52.00
120934	10.40	52.00
120937	10.10	52.00
120939	10.20	52.00
120941	10.50	52.00
120944	10.30	52.00
120946	10.10	52.00
120948	10.50	52.00
120950	10.60	52.00
120953	10.90	344.00
120955	10.60	52.00
120957	10.30	52.00
120960	10.30	52.00
120962	10.50	52.00
120964	65.70	334.00
120966	10.60	52.00
120969	10.60	52.00
120971	10.40	52.00
120973	10.60	52.00
120976	65.00	330.00
120978	10.40	52.00
120980	10.30	52.00
120983	10.60	52.00
120985	10.50	58.00
120987	61.50	56.00
120989	10.40	56.00
120992	10.40	52.00
120994	10.50	52.00
120996	12.40	62.00
120999	10.50	52.00
121001	10.30	52.00
121003	10.60	52.00
121005	10.10	52.00
121008	12.40	292.00
121010	10.10	52.00
121012	10.30	52.00
121015	10.50	52.00
121017	10.20	56.00
121019	56.00	286.00
121021	10.30	52.00
121024	10.40	52.00
121026	10.50	52.00
121028	10.60	52.00
121031	52.40	266.00
121033	10.20	52.00
121035	10.50	52.00
121038	10.30	52.00
121040	10.40	86.00
121042	50.90	52.00
121044	10.60	52.00
121047	10.30	52.00
121049	10.60	52.00
121051	17.90	92.00
121054	10.40	52.00
121056	10.40	52.00
121058	10.70	56.00
121060	10.60	52.00
121063	19.20	98.00
121065	10.50	52.00
121067	10.20	52.00
121070	10.40	52.00
121072	10.40	52.00
121074	21.00	216.00
121076	10.40	52.00
121079	10.30	52.00
121081	10.30	52.00
121083	10.20	52.00
121086	39.90	204.00
121088	10.40	52.00
121090	10.50	52.00
121093	10.40	52.00
121095	10.50	52.00
121097	32.30	52.00
121099	10.50	52.00
121102	10.30	52.00
121104	10.70	52.00
121106	33.30	168.00
121109	10.60	52.00
121111	10.20	52.00
121113	10.20	52.00
121115	10.60	52.00
121118	36.80	186.00
121120	10.50	52.00
121122	10.40	52.00
121125	10.70	52.00
121127	10.50	52.00
121129	40.20	108.00
121131	10.60	52.00
121134	10.30	52.00
121136	10.20	52.00
121138	10.50	52.00
121141	20.10	102.00
121143	10.30	52.00
121145	10.60	52.00
121148	10.40	52.00
121150	10.30	52.00
121152	18.90	96.00
121154	10.50	52.00
121157	10.50	52.00
121159	10.50	52.00
121161	10.60	252.00
121164	17.60	52.00
121166	10.60	52.00
121168	10.30	52.00
121170	10.50	52.00
121173	53.00	268.00
121175	10.40	52.00
121177	10.40	52.00
121180	10.50	52.00
121182	10.60	52.00
121184	55.40	76.00
121186	10.50	52.00
121189	10.40	52.00
121191	10.20	52.00
121193	10.10	52.00
121196	14.00	72.00
121198	10.40	52.00
121200	10.40	52.00
121203	10.50	52.00
121205	10.20	52.00
121207	12.70	66.00
121209	10.40	52.00
121212	10.30	52.00
121214	10.70	56.00
121216	10.50	312.00
121219	10.90	52.00
121221	10.20	52.00
121223	10.40	52.00
121225	10.50	52.00
121228	64.30	324.00
121230	10.50	52.00
121232	10.30	52.00
121235	10.30	52.00
121237	10.30	52.00
121239	66.50	338.00
121241	10.40	52.00
121244	10.70	52.00
121246	10.70	50.00
121248	10.30	52.00
121251	65.30	52.00
121253	10.30	52.00
121255	10.60	52.00
121258	10.30	52.00
121260	10.60	52.00
121262	10.40	52.00
121264	10.40	52.00
121267	10.30	52.00
121269	10.40	52.00
121271	11.00	340.00
121274	10.40	52.00
121276	10.10	52.00
121278	10.20	52.00
121280	10.60	52.00
121283	66.90	338.00
121285	10.50	52.00
121287	10.40	52.00
121290	10.30	52.00
121292	10.30	52.00
121294	63.60	322.00
121296	10.50	52.00
121299	10.50	52.00
121301	10.30	52.00
121303	10.60	62.00
121306	61.50	52.00
121308	10.20	52.00
121310	10.10	52.00
121313	10.80	56.00
121315	12.40	62.00
121317	10.40	52.00
121319	10.30	52.00
121322	10.40	52.00
121324	10.60	52.00
121326	12.80	66.00
121329	10.40	52.00
121331	10.40	52.00
121333	10.40	52.00
121335	10.40	52.00
121338	14.30	276.00
121340	10.40	52.00
121342	10.20	52.00
121345	10.50	52.00
121347	10.50	52.00
121349	51.90	262.00
121351	10.60	52.00
121354	10.30	52.00
121356	10.20	52.00
121358	10.20	88.00
121361	48.50	56.00
121363	10.50	52.00
121365	10.60	52.00
121368	10.20	52.00
121370	18.70	96.00
121372	10.30	52.00
121374	10.40	52.00
121377	10.60	52.00
121379	10.30	52.00
121381	19.90	102.00
121384	10.40	52.00
121386	10.50	52.00
121388	10.40	52.00
121390	10.50	52.00
121393	21.60	212.00
121395	10.50	52.00
121397	10.40	52.00
121400	10.70	56.00
121402	10.60	52.00
121404	37.00	186.00
121406	10.50	52.00
121409	10.50	52.00
121411	10.40	52.00
121413	10.40	52.00
121416	30.70	52.00
121418	10.40	56.00
121420	10.40	52.00
121423	10.50	52.00
121425	10.20	174.00
121427	10.20	52.00
121429	10.40	52.00
121432	10.40	52.00
121434	10.10	52.00
121436	37.30	186.00
121439	10.40	52.00
121441	10.40	52.00
121443	10.40	52.00
121445	10.30	52.00
121448	40.50	108.00
121450	10.40	52.00
121452	10.70	52.00
121455	10.20	52.00
121457	10.30	52.00
121459	20.00	102.00
121461	10.40	52.00
121464	10.40	52.00
121466	10.30	52.00
121468	10.40	52.00
121471	18.00	92.00
121473	10.40	52.00
121475	10.50	52.00
121478	10.30	52.00
121480	10.60	252.00
121482	16.90	52.00
121484	10.30	52.00
121487	10.70	56.00
121489	10.50	52.00
121491	53.30	268.00
121494	10.20	52.00
121496	10.40	52.00
121498	10.20	52.00
121500	10.30	52.00
121503	55.50	76.00
121505	10.60	52.00
121507	10.60	52.00
121510	10.50	52.00
121512	10.40	56.00
121514	13.60	68.00
121516	10.50	52.00
121519	10.40	52.00
121521	10.60	52.00
121523	10.60	52.00
121526	12.30	62.00
121528	10.70	56.00
121530	10.20	52.00
121533	10.20	52.00
121535	10.70	312.00
121537	11.50	52.00
121539	10.40	52.00
121542	10.30	52.00
121544	10.30	52.00
121546	63.50	322.00
121549	10.10	52.00
121551	10.30	52.00
121553	10.20	52.00
121555	10.20	52.00
121558	65.60	330.00
121560	10.40	52.00
121562	10.30	52.00
121565	10.60	56.00
121567	10.60	52.00
121569	65.20	52.00
121571	10.20	52.00
121574	10.40	52.00
121576	10.30	52.00
121578	10.40	52.00
121581	10.10	52.00
121583	10.30	52.00
121585	10.70	56.00
121588	10.80	56.00
121590	10.50	52.00
121592	10.50	52.00
121594	10.40	52.00
121597	10.40	52.00
121599	10.60	52.00
121601	67.40	340.00
121604	10.50	52.00
121606	10.10	52.00
121608	10.40	52.00
121610	10.70	56.00
121613	65.10	330.00
121615	10.20	52.00
121617	10.60	52.00
121620	10.40	52.00
121622	10.40	62.00
121624	62.20	52.00
121626	10.40	52.00
121629	10.50	52.00
121631	10.10	52.00
121633	12.40	62.00
121636	10.40	52.00
121638	10.50	52.00
121640	10.50	52.00
121643	10.40	52.00
121645	12.60	62.00
121647	10.30	52.00
121649	10.50	52.00
121652	10.20	52.00
121654	10.60	52.00
121656	14.40	278.00
121659	10.20	52.00
121661	10.10	52.00
121663	10.50	52.00
121665	10.50	52.00
121668	52.30	266.00
121670	10.40	52.00
121672	10.20	52.00
121675	10.30	52.00
121677	10.40	52.00
121679	49.90	52.00
121681	10.80	52.00
121684	10.70	52.00
121686	10.30	52.00
121688	10.20	92.00
121691	10.30	52.00
121693	10.50	52.00
121695	10.20	52.00
121698	10.50	52.00
121700	19.40	98.00
121702	10.20	52.00
121704	10.40	52.00
121707	10.60	52.00
121709	10.30	56.00
121711	21.30	220.00
121714	10.50	52.00
121716	10.50	52.00
121718	10.30	52.00
121720	10.50	52.00
121723	36.20	184.00
121725	10.30	52.00
121727	10.40	52.00
121730	10.50	52.00
121732	10.50	52.00
121734	29.20	148.00
121736	10.30	52.00
121739	10.40	52.00
121741	10.20	52.00
121743	10.40	180.00
121746	24.20	52.00
121748	10.50	52.00
121750	10.30	52.00
121753	10.50	52.00
121755	38.80	196.00
121757	10.40	52.00
121759	10.40	52.00
121762	10.60	52.00
121764	10.40	52.00
121766	43.00	104.00
121769	10.50	52.00
121771	10.20	52.00
121773	10.60	52.00
121775	10.20	52.00
121778	19.20	98.00
121780	10.40	52.00
121782	10.40	52.00
121785	10.50	52.00
121787	10.50	52.00
121789	18.10	92.00
121791	10.50	52.00
121794	10.40	52.00
121796	10.40	56.00
121798	10.40	262.00
121801	16.70	52.00
121803	10.40	52.00
121805	10.40	52.00
121808	10.60	52.00
121810	54.40	276.00
121812	10.30	52.00
121814	10.50	52.00
121817	10.60	52.00
121819	10.60	52.00
121821	55.10	278.00
121824	10.70	52.00
121826	10.10	52.00
121828	10.30	52.00
121830	10.30	52.00
121833	58.50	66.00
121835	10.40	52.00
121837	10.70	56.00
121840	10.40	52.00
121842	10.70	56.00
121844	11.60	58.00
121846	10.40	52.00
121849	10.40	52.00
121851	10.20	52.00
121853	10.10	314.00
121856	11.30	52.00
121858	10.50	52.00
121860	10.30	52.00
121863	10.60	52.00
121865	65.40	330.00
121867	10.50	52.00
121869	10.50	52.00
121872	10.30	52.00
121874	10.20	52.00
121876	66.30	334.00
121879	10.40	52.00
121881	10.60	52.00
121883	10.40	52.00
121885	10.60	56.00
121888	65.70	52.00
121890	10.50	52.00
121892	10.20	52.00
121895	10.60	52.00
121897	10.50	52.00
121899	10.50	52.00
121901	10.40	52.00
121904	10.40	52.00
121906	10.50	52.00
121908	11.10	56.00
121911	10.30	52.00
121913	10.40	52.00
121915	10.40	52.00
121918	10.60	52.00
121920	11.70	338.00
121922	10.40	52.00
121924	10.50	52.00
121927	10.50	52.00
121929	10.20	52.00
121931	62.60	318.00
121934	10.20	52.00
121936	10.30	52.00
121938	10.60	52.00
121940	10.20	62.00
121943	61.40	52.00
121945	10.60	52.00
121947	10.50	52.00
121950	10.40	52.00
121952	12.60	62.00
121954	10.40	52.00
121956	10.20	52.00
121959	10.40	52.00
121961	10.30	52.00
121963	12.70	66.00
121966	10.60	52.00
121968	10.50	52.00
121970	10.70	52.00
121973	10.40	52.00
121975	14.70	268.00
121977	10.50	52.00
121979	10.20	52.00
121982	10.10	52.00
121984	10.50	52.00
121986	52.00	262.00
121989	10.60	52.00
121991	10.30	52.00
121993	10.20	52.00
121995	10.00	50.00
121998	48.80	52.00
122000	10.40	52.00
122002	10.60	52.00
122005	10.50	52.00
122007	10.60	96.00
122009	10.70	56.00
122011	10.10	52.00
122014	10.40	52.00
122016	10.50	52.00
122018	20.60	104.00
122021	10.50	52.00
122023	10.40	52.00
122025	10.30	52.00
122028	10.00	56.00
122030	22.00	206.00
122032	10.30	52.00
122034	10.50	52.00
122037	10.30	52.00
122039	10.40	52.00
122041	33.20	168.00
122044	10.50	52.00
122046	10.40	52.00
122048	10.40	52.00
122050	10.60	52.00
122053	27.90	140.00
122055	10.20	52.00
122057	10.40	52.00
122060	10.40	52.00
122062	10.50	184.00
122064	22.70	52.00
122066	10.20	52.00
122069	10.50	52.00
122071	10.40	52.00
122073	39.80	200.00
122076	10.50	52.00
122078	10.40	52.00
122080	10.40	52.00
122083	10.50	52.00
122085	42.60	216.00
122087	10.40	52.00
122089	10.40	52.00
122092	10.40	52.00
122094	10.50	56.00
122096	19.20	98.00
122099	10.40	52.00
122101	10.30	52.00
122103	10.50	52.00
122105	10.60	52.00
122108	17.70	88.00
122110	10.10	52.00
122112	10.40	52.00
122115	10.50	52.00
122117	10.10	266.00
122119	17.10	52.00
122121	10.40	52.00
122124	10.40	52.00
122126	10.40	52.00
122128	54.40	276.00
122131	10.30	52.00
122133	10.40	52.00
122135	10.50	52.00
122138	10.70	56.00
122140	56.80	288.00
122142	10.50	52.00
122144	10.60	52.00
122147	10.40	52.00
122149	10.40	52.00
122151	58.30	66.00
122154	10.50	52.00
122156	10.20	52.00
122158	10.30	52.00
122160	10.50	52.00
122163	11.90	58.00
122165	10.10	52.00
122167	10.40	52.00
122170	10.40	52.00
122172	10.50	52.00
122174	10.50	52.00
122176	10.40	52.00
122179	10.60	52.00
122181	10.40	52.00
122183	10.40	330.00
122186	10.50	52.00
122188	10.40	52.00
122190	10.30	52.00
122193	10.40	52.00
122195	65.60	330.00
122197	10.20	52.00
122199	10.40	52.00
122202	10.40	52.00
122204	10.60	52.00
122206	65.80	52.00
122209	10.70	52.00
122211	10.20	52.00
122213	10.10	52.00
122215	10.50	52.00
122218	10.60	52.00
122220	10.50	52.00
122222	10.30	52.00
122225	10.40	52.00
122227	11.40	58.00
122229	10.90	56.00
122231	10.50	52.00
122234	10.20	52.00
122236	9.80	52.00
122238	11.70	334.00
122241	10.60	52.00
122243	10.60	52.00
122245	10.40	52.00
122248	10.50	52.00
122250	63.00	318.00
122252	10.20	52.00
122254	10.20	52.00
122257	10.60	52.00
122259	10.40	52.00
122261	59.50	52.00
122264	10.60	52.00
122266	10.60	56.00
122268	10.40	56.00
122270	12.40	62.00
122273	10.60	52.00
122275	10.40	52.00
122277	10.00	50.00
122280	10.40	52.00
122282	13.50	68.00
122284	10.30	52.00
122286	10.40	52.00
122289	10.40	52.00
122291	10.40	52.00
122293	15.60	268.00
122296	10.60	52.00
122298	10.50	52.00
122300	10.30	52.00
122303	10.30	52.00
122305	50.80	258.00
122307	10.30	52.00
122309	10.20	52.00
122312	10.40	52.00
122314	10.40	52.00
122316	48.60	246.00
122319	10.50	56.00
122321	10.40	52.00
122323	10.70	52.00
122325	10.50	98.00
122328	44.50	52.00
122330	10.40	52.00
122332	10.50	52.00
122335	10.60	52.00
122337	21.40	108.00
122339	19.40	98.00
122341	10.30	52.00
122344	10.40	52.00
122346	10.30	52.00
122348	22.40	186.00
122351	10.40	52.00
122353	10.50	52.00
122355	10.50	52.00
122358	10.40	52.00
122360	33.00	168.00
122362	10.10	52.00
122364	10.40	52.00
122367	10.40	52.00
122369	10.20	52.00
122371	26.10	132.00
122374	10.40	52.00
122376	10.20	52.00
122378	10.60	50.00
122380	10.10	184.00
122383	22.80	52.00
122385	10.50	52.00
122387	10.40	52.00
122390	10.40	52.00
122392	39.60	200.00
122394	10.30	52.00
122396	10.20	52.00
122399	10.50	52.00
122401	10.60	52.00
122403	43.60	220.00
122406	10.50	52.00
122408	10.50	52.00
122410	10.50	52.00
122413	10.30	52.00
122415	46.50	96.00
122417	10.40	52.00
122419	10.50	52.00
122422	10.40	52.00
122424	10.40	52.00
122426	17.70	88.00
122429	10.40	52.00
122431	10.20	52.00
122433	10.70	56.00
122435	10.40	266.00
122438	16.10	52.00
122440	10.20	52.00
122442	10.40	52.00
122445	10.00	52.00
122447	55.70	282.00
122449	10.60	52.00
122451	10.20	52.00
122454	10.50	52.00
122456	10.30	52.00
122458	57.90	292.00
122461	10.50	52.00
122463	10.40	52.00
122465	10.40	52.00
122468	10.30	52.00
122470	60.00	62.00
122472	10.20	52.00
122474	10.50	52.00
122477	10.30	52.00
122479	10.30	52.00
122481	10.50	52.00
122484	10.20	52.00
122486	10.40	52.00
122488	10.20	52.00
122490	10.50	52.00
122493	10.20	56.00
122495	10.20	52.00
122497	10.00	52.00
122500	10.40	52.00
122502	10.50	330.00
122504	10.40	52.00
122506	10.20	52.00
122509	10.40	52.00
122511	10.40	52.00
122513	65.00	328.00
122516	10.50	52.00
122518	10.40	52.00
122520	10.60	52.00
122523	10.30	52.00
122525	66.80	52.00
122527	10.50	52.00
122529	10.20	52.00
122532	10.30	52.00
122534	10.80	56.00
122536	10.20	52.00
122539	10.50	52.00
122541	10.00	50.00
122543	10.30	52.00
122545	11.20	56.00
122548	10.50	52.00
122550	10.50	52.00
122552	10.70	52.00
122555	10.40	52.00
122557	11.80	328.00
122559	10.60	52.00
122561	10.40	52.00
122564	10.40	52.00
122566	10.40	52.00
122568	61.50	312.00
122571	10.50	52.00
122573	10.30	52.00
122575	10.40	52.00
122578	10.50	52.00
122580	60.40	52.00
122582	10.20	52.00
122584	10.20	52.00
122587	10.60	52.00
122589	10.50	62.00
122591	10.10	52.00
122594	10.50	52.00
122596	10.60	52.00
122598	10.70	56.00
122600	13.50	68.00
122603	10.30	52.00
122605	10.50	52.00
122607	10.40	52.00
122610	10.40	52.00
122612	15.30	268.00
122614	10.70	52.00
122616	10.30	50.00
122619	10.50	52.00
122621	10.80	56.00
122623	50.90	258.00
122626	10.50	52.00
122628	10.40	52.00
122630	10.40	52.00
122633	10.40	52.00
122635	48.10	242.00
122637	10.40	52.00
122639	10.20	52.00
122642	10.50	52.00
122644	10.60	98.00
122646	45.60	52.00
122649	10.20	52.00
122651	10.40	52.00
122653	10.50	52.00
122655	21.30	108.00
122658	10.60	52.00
122660	10.40	52.00
122662	10.40	52.00
122665	10.40	52.00
122667	22.80	114.00
122669	10.50	52.00
122671	10.50	52.00
122674	10.50	52.00
122676	10.70	56.00
122678	28.70	144.00
122681	10.40	52.00
122683	10.60	52.00
122685	10.50	52.00
122688	10.20	52.00
122690	25.60	132.00
122692	10.40	52.00
122694	10.30	52.00
122697	10.20	52.00
122699	10.40	194.00
122701	22.30	52.00
122704	10.50	52.00
122706	10.30	52.00
122708	10.50	52.00
122710	42.20	212.00
122713	10.30	52.00
122715	10.60	52.00
122717	10.40	52.00
122720	10.20	52.00
122722	45.60	230.00
122724	10.50	52.00
122726	10.70	52.00
122729	10.50	56.00
122731	10.40	52.00
122733	48.80	92.00
122736	10.50	52.00
122738	10.50	52.00
122740	10.50	52.00
122743	10.50	52.00
122745	17.10	86.00
122747	10.50	52.00
122749	10.30	52.00
122752	10.40	52.00
122754	10.30	272.00
122756	15.80	52.00
122759	10.60	52.00
122761	10.50	52.00
122763	10.50	52.00
122765	55.90	282.00
122768	10.40	52.00
122770	10.40	52.00
122772	10.20	52.00
122775	10.40	52.00
122777	57.80	292.00
122779	10.40	52.00
122781	10.30	52.00
122784	10.30	52.00
122786	10.20	52.00
122788	60.10	62.00
122791	10.40	52.00
122793	10.40	52.00
122795	10.50	52.00
122798	10.70	56.00
122800	10.60	52.00
122802	10.20	52.00
122804	10.40	52.00
122807	10.60	52.00
122809	10.40	52.00
122811	9.90	50.00
122814	10.60	52.00
122816	10.40	52.00
122818	10.40	52.00
122820	10.20	330.00
122823	10.40	52.00
122825	10.50	52.00
122827	10.40	52.00
122830	10.40	52.00
122832	65.70	330.00
122834	10.10	52.00
122836	10.40	52.00
122839	10.50	52.00
122841	10.60	52.00
122843	66.70	52.00
122846	10.10	52.00
122848	10.40	52.00
122850	10.50	52.00
122853	10.30	56.00
122855	10.50	52.00
122857	10.70	56.00
122859	10.20	52.00
122862	10.20	52.00
122864	11.50	58.00
122866	10.20	52.00
122869	10.20	52.00
122871	10.40	52.00
122873	10.60	52.00
122875	12.00	324.00
122878	10.20	52.00
122880	10.60	52.00
122882	10.40	52.00
122885	10.40	52.00
122887	63.00	318.00
122889	10.20	52.00
122891	10.10	52.00
122894	10.60	52.00
122896	10.10	52.00
122898	59.80	302.00
122901	10.50	52.00
122903	10.40	52.00
122905	10.50	52.00
122908	10.60	62.00
122910	57.50	52.00
122912	10.60	52.00
122914	10.60	52.00
122917	10.40	52.00
122919	13.20	66.00
122921	10.60	52.00
122924	10.40	52.00
122926	10.50	52.00
122928	10.40	52.00
122930	15.70	268.00
122933	10.20	52.00
122935	10.60	52.00
122937	10.30	52.00
122940	10.30	52.00
122942	50.20	256.00
122944	10.80	56.00
122946	10.40	52.00
122949	10.40	52.00
122951	10.60	52.00
122953	49.50	252.00
122956	10.40	52.00
122958	10.40	52.00
122960	10.40	52.00
122963	10.40	98.00
122965	46.20	52.00
122967	10.50	52.00
122969	10.40	52.00
122972	10.10	52.00
122974	20.80	104.00
122976	10.40	52.00
122979	10.40	52.00
122981	10.40	52.00
122983	10.40	52.00
122985	22.60	114.00
122988	10.60	52.00
122990	10.40	52.00
122992	10.50	52.00
122995	10.50	56.00
122997	28.40	160.00
122999	10.40	52.00
123001	10.40	52.00
123004	10.30	52.00
123006	10.50	52.00
123008	26.30	134.00
123011	10.40	52.00
123013	10.20	52.00
123015	10.50	52.00
123018	10.30	186.00
123020	22.70	52.00
123022	10.40	52.00
123024	10.40	52.00
123027	10.60	52.00
123029	40.10	204.00
123031	10.50	52.00
123034	10.40	52.00
123036	10.50	52.00
123038	10.50	52.00
123040	43.80	220.00
123043	10.60	52.00
123045	10.40	52.00
123047	10.30	52.00
123050	10.20	52.00
123052	47.60	96.00
123054	10.60	52.00
123056	10.60	52.00
123059	10.20	52.00
123061	10.70	56.00
123063	17.00	86.00
123066	10.20	52.00
123068	10.30	52.00
123070	10.30	52.00
123073	10.60	52.00
123075	15.70	52.00
123077	10.60	52.00
123079	10.40	52.00
123082	10.60	52.00
123084	10.40	282.00
123086	10.50	52.00
123089	10.40	52.00
123091	10.20	52.00
123093	10.10	52.00
123095	57.50	292.00
123098	10.40	52.00
123100	10.30	52.00
123102	10.30	52.00
123105	10.30	52.00
123107	59.90	62.00
123109	10.40	52.00
123111	10.50	52.00
123114	10.20	52.00
123116	10.40	52.00
123118	11.30	56.00
123121	10.60	52.00
123123	10.60	52.00
123125	10.70	56.00
123128	10.60	52.00
123130	10.20	52.00
123132	10.60	52.00
123134	10.20	52.00
123137	10.60	52.00
123139	10.00	338.00
123141	9.80	52.00
123144	10.80	56.00
123146	10.30	52.00
123148	10.40	52.00
123150	65.70	330.00
123153	10.40	52.00
123155	10.40	52.00
123157	10.20	52.00
123160	10.40	52.00
123162	65.70	52.00
123164	10.30	52.00
123166	10.40	52.00
123169	10.40	52.00
123171	10.20	52.00
123173	10.30	52.00
123176	10.70	56.00
123178	10.60	52.00
123180	10.40	52.00
123183	11.10	56.00
123185	10.40	52.00
123187	10.70	56.00
123189	10.30	52.00
123192	10.60	52.00
123194	11.60	330.00
123196	10.80	52.00
123199	10.60	52.00
123201	10.20	52.00
123203	10.30	52.00
123205	63.90	324.00
123208	10.40	52.00
123210	10.60	52.00
123212	10.30	52.00
123215	10.40	52.00
123217	61.70	314.00
123219	10.50	52.00
123221	10.60	52.00
123224	10.60	52.00
123226	10.30	62.00
123228	59.00	52.00
123231	10.20	52.00
123233	10.50	52.00
123235	10.40	52.00
123238	12.70	66.00
123240	9.90	50.00
123242	10.20	52.00
123244	10.60	52.00
123247	10.20	52.00
123249	14.30	272.00
123251	10.40	52.00
123254	10.00	52.00
123256	10.30	52.00
123258	10.50	52.00
123260	51.50	262.00
123263	10.20	52.00
123265	10.50	52.00
123267	10.50	52.00
123270	10.40	52.00
123272	48.70	246.00
123274	10.40	52.00
123276	10.40	52.00
123279	10.40	52.00
123281	10.50	96.00
123283	45.90	56.00
123286	10.30	52.00
123288	10.50	52.00
123290	10.30	52.00
123293	20.80	104.00
123295	10.40	52.00
123297	10.60	52.00
123299	10.60	52.00
123302	10.60	52.00
123304	21.90	112.00
123306	10.40	52.00
123309	10.30	52.00
123311	10.60	52.00
123313	10.50	52.00
123315	24.70	170.00
123318	10.40	52.00
123320	10.20	52.00
123322	10.70	56.00
123325	10.40	52.00
123327	28.10	140.00
123329	10.40	52.00
123331	10.30	52.00
123334	10.30	52.00
123336	10.50	52.00
123338	23.90	52.00
123341	10.50	52.00
123343	10.60	52.00
123345	10.40	52.00
123348	10.60	196.00
123350	10.20	52.00
123352	10.40	52.00
123354	10.60	52.00
123357	10.70	56.00
123359	43.10	216.00
123361	10.70	56.00
123364	10.40	52.00
123366	10.30	52.00
123368	10.40	52.00
123370	46.20	98.00
123373	10.40	52.00
123375	10.40	52.00
123377	10.50	52.00
123380	10.50	52.00
123382	17.30	88.00
123384	10.30	52.00
123386	10.50	52.00
123389	10.40	52.00
123391	10.50	52.00
123393	16.50	86.00
123396	10.60	52.00
123398	10.10	52.00
123400	10.20	52.00
123403	10.70	276.00
123405	15.20	52.00
123407	10.50	52.00
123409	10.50	52.00
123412	10.40	52.00
123414	56.60	286.00
123416	10.40	52.00
123419	10.40	52.00
123421	10.20	52.00
123423	10.60	52.00
123425	59.00	62.00
123428	10.30	52.00
123430	10.20	52.00
123432	10.50	52.00
123435	10.40	52.00
123437	11.70	58.00
123439	10.30	52.00
123441	10.50	52.00
123444	10.70	56.00
123446	10.10	52.00
123448	10.30	52.00
123451	10.30	52.00
123453	10.40	52.00
123455	10.20	52.00
123458	10.40	334.00
123460	9.90	52.00
123462	10.50	52.00
123464	10.40	52.00
123467	10.60	52.00
123469	65.80	334.00
123471	10.20	52.00
123474	10.40	52.00
123476	10.50	52.00
123478	10.40	52.00
123480	65.30	330.00
123483	10.70	52.00
123485	10.30	52.00
123487	10.70	52.00
123490	10.60	56.00
123492	67.50	52.00
123494	10.20	52.00
123496	10.50	52.00
123499	10.50	52.00
123501	11.20	56.00
123503	10.50	52.00
123506	10.40	52.00
123508	10.30	52.00
123510	10.40	52.00
123513	12.00	328.00
123515	10.70	52.00
123517	10.20	52.00
123519	10.40	52.00
123522	10.40	52.00
123524	62.60	318.00
123526	10.40	52.00
123529	10.40	52.00
123531	10.20	52.00
123533	10.60	52.00
123535	59.70	302.00
123538	10.50	52.00
123540	10.60	52.00
123542	10.40	52.00
123545	10.70	62.00
123547	58.50	56.00
123549	10.50	52.00
123551	10.30	52.00
123554	10.40	52.00
123556	13.50	68.00
123558	10.50	52.00
123561	10.70	56.00
123563	10.30	52.00
123565	10.10	52.00
123568	14.80	76.00
123570	10.50	52.00
123572	10.40	52.00
123574	10.40	52.00
123577	10.30	52.00
123579	16.70	256.00
123581	10.20	52.00
123584	10.30	52.00
123586	10.50	52.00
123588	10.70	56.00
123590	49.10	250.00
123593	10.30	52.00
123595	10.40	52.00
123597	10.40	52.00
123600	10.50	98.00
123602	44.60	52.00
123604	10.50	52.00
123606	10.40	52.00
123609	10.60	52.00
123611	21.10	108.00
123613	10.40	52.00
123616	10.80	56.00
123618	10.50	52.00
123620	10.40	52.00
123623	23.60	118.00
123625	10.40	52.00
123627	10.40	52.00
123629	10.50	52.00
123632	10.10	52.00
123634	28.90	158.00
123636	10.50	52.00
123639	10.50	52.00
123641	10.50	52.00
123643	10.30	52.00
123645	24.70	124.00
123648	10.20	52.00
123650	10.40	52.00
123652	10.50	52.00
123655	10.10	52.00
123657	23.00	52.00
123659	10.20	52.00
123661	10.30	52.00
123664	10.60	52.00
123666	10.50	204.00
123668	10.40	52.00
123671	10.20	52.00
123673	10.30	52.00
123675	10.40	52.00
123678	42.60	216.00
123680	10.50	52.00
123682	10.40	52.00
123684	10.40	52.00
123687	10.40	52.00
123689	46.70	96.00
123691	10.50	52.00
123694	10.40	52.00
123696	10.40	52.00
123698	10.60	52.00
123700	18.00	92.00
123703	10.40	52.00
123705	10.30	52.00
123707	10.50	52.00
123710	10.30	52.00
123712	16.70	86.00
123714	10.40	52.00
123716	10.20	52.00
123719	10.30	52.00
123721	10.40	276.00
123723	16.10	52.00
123726	10.30	52.00
123728	10.60	52.00
123730	10.40	52.00
123733	55.70	282.00
123735	10.60	52.00
123737	10.30	52.00
123739	10.30	52.00
123742	10.60	52.00
123744	58.80	66.00
123746	10.60	52.00
123749	10.10	52.00
123751	10.50	52.00
123753	10.50	52.00
123755	18.00	92.00
123758	10.60	52.00
123760	10.40	52.00
123762	10.30	52.00
123765	10.60	52.00
123767	12.70	66.00
123769	10.50	52.00
123771	10.40	52.00
123774	10.50	56.00
123776	10.40	330.00
123778	11.10	52.00
123781	10.30	52.00
123783	10.40	56.00
123785	10.50	52.00
123788	65.30	330.00
123790	10.40	52.00
123792	10.40	52.00
123794	10.40	52.00
123797	10.50	52.00
123799	65.00	328.00
123801	10.70	56.00
123804	10.40	52.00
123806	10.60	52.00
123808	10.20	52.00
123810	67.30	52.00
123813	10.60	52.00
123815	10.50	52.00
123817	10.20	52.00
123820	11.30	56.00
123822	10.40	52.00
123824	10.50	52.00
123826	10.60	52.00
123829	10.50	52.00
123831	11.60	58.00
123833	10.70	52.00
123836	10.50	52.00
123838	10.30	52.00
123840	10.80	52.00
123843	62.20	314.00
123845	10.40	52.00
123847	10.50	52.00
123849	10.30	52.00
123852	10.70	56.00
123854	66.90	338.00
123856	10.60	52.00
123859	10.30	52.00
123861	10.20	52.00
123863	10.40	62.00
123865	64.00	52.00
123868	10.30	52.00
123870	10.20	52.00
123872	10.20	52.00
123875	13.50	68.00
123877	10.50	52.00
123879	10.20	52.00
123881	10.30	52.00
123884	10.50	52.00
123886	15.80	78.00
123888	10.40	52.00
123891	10.50	52.00
123893	10.40	52.00
123895	10.40	52.00
123898	17.10	246.00
123900	10.50	52.00
123902	10.50	52.00
123904	10.40	52.00
123907	10.20	52.00
123909	54.40	276.00
123911	10.60	52.00
123914	10.60	52.00
123916	10.20	52.00
123918	10.40	52.00
123920	43.80	52.00
123923	10.70	52.00
123925	10.40	52.00
123927	10.60	52.00
123930	21.20	108.00
123932	10.10	52.00
123934	10.30	52.00
123936	10.40	52.00
123939	10.50	52.00
123941	22.90	114.00
123943	10.50	52.00
123946	10.40	52.00
123948	10.60	52.00
123950	10.00	52.00
123953	29.00	206.00
123955	10.50	52.00
123957	10.00	56.00
123959	10.40	52.00
123962	10.40	52.00
123964	24.70	124.00
123966	10.20	52.00
123969	10.50	52.00
123971	10.50	52.00
123973	10.00	50.00
123975	22.40	114.00
123978	10.40	52.00
123980	10.50	50.00
123982	10.30	52.00
123985	10.50	210.00
123987	20.70	52.00
123989	10.40	52.00
123991	10.40	52.00
123994	10.50	52.00
123996	46.30	232.00
123998	10.50	52.00
124001	10.10	52.00
124003	10.50	52.00
124005	10.50	52.00
124008	49.50	92.00
124010	10.50	52.00
124012	10.60	52.00
124014	10.60	52.00
124017	10.60	52.00
124019	16.80	86.00
124021	10.30	52.00
124024	10.40	52.00
124026	10.20	52.00
124028	10.60	52.00
124030	15.30	78.00
124033	10.50	52.00
124035	10.50	52.00
124037	10.50	52.00
124040	10.50	286.00
124042	14.50	52.00
124044	10.40	52.00
124046	10.40	52.00
124049	10.40	52.00
124051	58.60	294.00
124053	10.60	52.00
124056	10.40	52.00
124058	10.50	52.00
124060	10.40	52.00
124063	60.80	308.00
124065	10.60	56.00
124067	10.20	52.00
124069	10.60	52.00
124072	10.70	52.00
124074	62.90	52.00
124076	10.30	52.00
124079	10.30	52.00
124081	10.40	52.00
124083	10.30	52.00
124085	10.10	52.00
124088	10.20	52.00
124090	10.50	52.00
124092	10.50	52.00
124095	10.60	330.00
124097	10.10	52.00
124099	10.00	56.00
124101	10.60	52.00
124104	10.50	52.00
124106	66.30	334.00
124108	10.50	52.00
124111	10.40	52.00
124113	10.40	52.00
124115	10.40	52.00
124118	67.10	340.00
124120	10.40	52.00
124122	10.50	52.00
124124	10.50	56.00
124127	10.60	56.00
124129	67.90	52.00
124131	10.60	52.00
124134	10.30	52.00
124136	10.50	52.00
124138	11.70	58.00
124140	10.60	52.00
124143	10.50	52.00
124145	10.20	52.00
124147	10.20	52.00
124150	12.10	62.00
124152	10.60	52.00
124154	10.50	52.00
124156	10.30	52.00
124159	10.30	52.00
124161	12.00	308.00
124163	10.60	52.00
124166	10.40	52.00
124168	10.30	52.00
124170	10.60	52.00
124173	59.10	298.00
124175	10.50	52.00
124177	10.40	52.00
124179	10.50	52.00
124182	10.30	66.00
124184	56.00	52.00
124186	10.40	52.00
124189	10.60	52.00
124191	10.20	52.00
124193	14.10	72.00
124195	10.40	52.00
124198	10.40	52.00
124200	10.50	52.00
124202	10.50	52.00
124205	16.40	82.00
124207	10.50	52.00
124209	10.60	52.00
124211	10.60	52.00
124214	10.30	52.00
124216	17.40	256.00
124218	10.30	52.00
124221	10.60	56.00
124223	10.70	56.00
124225	10.50	52.00
124228	46.10	232.00
124230	10.40	52.00
124232	10.40	52.00
124234	10.30	52.00
124237	10.60	52.00
124239	45.30	52.00
124241	10.40	52.00
124244	10.60	56.00
124246	10.40	52.00
124248	10.10	108.00
124250	10.30	52.00
124253	10.50	52.00
124255	10.40	52.00
124257	10.50	52.00
124260	25.40	128.00
124262	10.50	52.00
124264	10.40	52.00
124266	10.60	52.00
124269	10.50	52.00
124271	31.50	144.00
124273	10.30	52.00
124276	10.20	52.00
124278	10.50	52.00
124280	10.80	56.00
124283	25.90	132.00
124285	10.40	52.00
124287	10.40	52.00
124289	10.40	52.00
124292	10.50	52.00
124294	21.60	108.00
124296	10.60	52.00
124299	10.30	52.00
124301	10.40	52.00
124303	10.40	212.00
124305	21.20	52.00
124308	10.40	52.00
124310	10.00	50.00
124312	10.20	52.00
124315	46.10	232.00
124317	10.50	52.00
124319	10.50	52.00
124321	10.20	52.00
124324	10.20	52.00
124326	45.70	230.00
124328	10.40	52.00
124331	10.80	52.00
124333	10.20	52.00
124335	10.30	52.00
124338	18.20	92.00
124340	10.10	52.00
124342	10.30	52.00
124344	10.60	52.00
124347	10.20	52.00
124349	17.00	86.00
124351	10.50	52.00
124354	10.50	52.00
124356	10.50	52.00
124358	10.20	272.00
124360	15.00	52.00
124363	10.50	52.00
124365	10.60	52.00
124367	10.50	52.00
124370	56.30	286.00
124372	10.40	52.00
124374	10.70	56.00
124376	10.20	52.00
124379	10.40	52.00
124381	58.20	294.00
124383	10.10	52.00
124386	10.60	52.00
124388	10.40	52.00
124390	10.40	52.00
124393	61.20	58.00
124395	10.70	52.00
124397	10.40	52.00
124399	10.30	52.00
124402	10.20	52.00
124404	10.50	52.00
124406	10.60	52.00
124409	10.50	52.00
124411	10.30	52.00
124413	10.70	334.00
124415	9.90	52.00
124418	10.80	52.00
124420	10.20	52.00
124422	10.30	52.00
124425	65.50	330.00
124427	10.50	52.00
124429	10.40	52.00
124431	10.60	52.00
124434	10.40	52.00
124436	65.60	330.00
124438	10.40	52.00
124441	10.20	52.00
124443	10.50	52.00
124445	10.40	56.00
124448	67.20	52.00
124450	10.50	52.00
124452	10.40	52.00
124454	10.50	52.00
124457	11.50	58.00
124459	10.40	52.00
124461	10.50	52.00
124464	10.10	52.00
124466	10.40	52.00
124468	11.60	58.00
124470	10.40	52.00
124473	10.30	52.00
124475	10.40	52.00
124477	10.60	52.00
124480	12.30	314.00
124482	10.50	52.00
124484	10.40	52.00
124486	10.30	52.00
124489	10.60	52.00
124491	58.20	294.00
124493	10.50	52.00
124496	10.40	52.00
124498	10.40	52.00
124500	10.30	52.00
124503	57.40	52.00
124505	10.70	52.00
124507	10.20	52.00
124509	10.70	52.00
124512	14.60	76.00
124514	10.40	52.00
124516	10.40	52.00
124519	10.50	52.00
124521	10.20	52.00
124523	16.10	82.00
124525	10.50	52.00
124528	10.60	52.00
124530	10.30	56.00
124532	10.60	52.00
124535	17.30	250.00
124537	10.40	52.00
124539	10.50	52.00
124541	10.30	52.00
124544	10.50	52.00
124546	47.70	242.00
124548	10.50	52.00
124551	10.40	52.00
124553	10.60	52.00
124555	10.50	52.00
124558	43.20	220.00
124560	10.50	52.00
124562	10.30	52.00
124564	10.40	52.00
124567	10.60	112.00
124569	41.10	52.00
124571	10.50	52.00
124574	10.50	52.00
124576	10.40	52.00
124578	24.80	124.00
124580	10.20	52.00
124583	10.50	52.00
124585	10.40	52.00
124587	10.50	52.00
124590	31.80	150.00
124592	10.40	52.00
124594	10.40	52.00
124596	10.30	52.00
124599	10.40	52.00
124601	23.70	122.00
124603	10.40	52.00
124606	10.30	52.00
124608	10.50	52.00
124610	10.30	52.00
124613	22.40	114.00
124615	10.50	52.00
124617	10.40	52.00
124619	10.20	52.00
124622	10.40	212.00
124624	20.80	52.00
124626	10.70	52.00
124629	10.20	52.00
124631	10.50	52.00
124633	45.70	230.00
124635	10.50	52.00
124638	10.30	52.00
124640	10.60	52.00
124642	10.30	52.00
124645	48.00	242.00
124647	10.60	52.00
124649	10.20	52.00
124651	10.20	52.00
124654	10.40	52.00
124656	52.20	88.00
124658	10.50	52.00
124661	10.30	52.00
124663	10.40	52.00
124665	10.40	52.00
124668	15.60	78.00
124670	10.40	52.00
124672	10.40	52.00
124674	10.70	56.00
124677	10.50	286.00
124679	14.70	52.00
124681	10.40	52.00
124684	10.40	52.00
124686	10.60	52.00
124688	59.00	298.00
124690	10.50	52.00
124693	10.50	52.00
124695	10.20	52.00
124697	10.20	52.00
124700	61.80	312.00
124702	10.50	52.00
124704	10.30	52.00
124706	10.20	52.00
124709	10.50	52.00
124711	64.40	52.00
124713	10.50	52.00
124716	10.10	56.00
124718	10.50	52.00
124720	10.50	52.00
124723	10.00	50.00
124725	10.50	52.00
124727	10.50	52.00
124729	10.50	52.00
124732	10.60	52.00
124734	10.10	52.00
124736	10.40	52.00
124739	10.20	52.00
124741	10.50	52.00
124743	10.70	334.00
124745	10.40	52.00
124748	10.40	52.00
124750	10.50	52.00
124752	10.30	52.00
124755	68.20	344.00
124757	10.60	52.00
124759	10.60	52.00
124761	10.80	56.00
124764	10.40	58.00
124766	66.60	52.00
124768	10.30	52.00
124771	10.40	52.00
124773	10.20	52.00
124775	12.00	62.00
124778	10.60	52.00
124780	10.40	52.00
124782	10.40	52.00
124784	10.40	52.00
124787	12.40	62.00
124789	10.70	56.00
124791	10.20	52.00
124794	10.40	52.00
124796	10.30	56.00
124798	12.40	304.00
124800	10.50	52.00
124803	10.20	52.00
124805	10.20	52.00
124807	10.60	52.00
124810	55.90	282.00
124812	10.40	52.00
124814	10.40	52.00
124816	10.50	52.00
124819	10.40	52.00
124821	55.40	282.00
124823	10.20	52.00
124826	10.40	52.00
124828	10.20	52.00
124830	10.60	82.00
124833	10.50	52.00
124835	10.50	52.00
124837	10.60	52.00
124839	10.40	52.00
124842	17.60	88.00
124844	10.40	52.00
124846	10.60	52.00
124849	10.50	52.00
124851	10.40	52.00
124853	18.90	240.00
124855	10.60	52.00
124858	10.60	56.00
124860	10.10	52.00
124862	10.10	52.00
124865	44.50	226.00
124867	10.30	52.00
124869	10.70	56.00
124871	10.50	52.00
124874	10.40	52.00
124876	38.50	196.00
124878	10.40	52.00
124881	10.20	52.00
124883	10.40	52.00
124885	10.50	138.00
124888	34.30	52.00
124890	10.50	52.00
124892	10.50	52.00
124894	10.40	52.00
124897	32.70	164.00
124899	10.60	52.00
124901	10.30	52.00
124904	10.70	56.00
124906	10.60	52.00
124908	37.00	122.00
124910	10.40	52.00
124913	10.50	52.00
124915	10.60	52.00
124917	10.80	52.00
124920	21.40	108.00
124922	10.60	52.00
124924	10.40	52.00
124926	10.40	52.00
124929	10.60	52.00
124931	20.40	104.00
124933	10.30	52.00
124936	10.40	52.00
124938	10.70	52.00
124940	10.50	240.00
124943	18.70	52.00
124945	10.20	52.00
124947	10.40	52.00
124949	10.40	52.00
124952	50.70	256.00
124954	10.50	52.00
124956	10.80	56.00
124959	10.50	52.00
124961	10.50	52.00
124963	52.50	266.00
124965	10.20	52.00
124968	10.40	52.00
124970	10.30	52.00
124972	10.30	52.00
124975	55.60	78.00
124977	10.50	52.00
124979	10.40	52.00
124981	10.60	52.00
124984	10.20	52.00
124986	13.70	68.00
124988	10.20	52.00
124991	10.50	52.00
124993	10.50	52.00
124995	10.50	52.00
124998	12.40	52.00
125000	10.50	52.00
125002	10.40	52.00
125004	10.50	52.00
125007	61.90	314.00
125009	10.30	52.00
125011	10.40	52.00
125014	10.50	52.00
125016	10.50	52.00
125018	64.40	324.00
125020	10.60	52.00
125023	10.20	52.00
125025	10.60	52.00
125027	10.70	52.00
125030	66.00	50.00
125032	10.60	52.00
125034	10.60	52.00
125036	10.40	52.00
125039	10.50	52.00
125041	9.90	50.00
125043	10.50	52.00
125046	10.20	52.00
125048	10.40	52.00
125050	10.50	52.00
125053	10.30	52.00
125055	10.20	52.00
125057	10.20	52.00
125059	10.70	52.00
125062	10.80	340.00
125064	10.30	56.00
125066	10.80	56.00
125069	10.40	52.00
125071	10.40	52.00
125073	67.30	340.00
125075	10.40	52.00
125078	10.40	52.00
125080	10.70	56.00
125082	10.60	52.00
125085	64.00	52.00
125087	10.50	52.00
125089	10.40	52.00
125091	10.50	50.00
125094	10.40	62.00
125096	10.70	56.00
125098	10.30	52.00
125101	10.40	52.00
125103	10.30	52.00
125105	12.30	62.00
125108	10.30	52.00
125110	10.50	52.00
125112	10.20	52.00
125114	10.40	52.00
125117	12.90	294.00
125119	10.40	52.00
125121	10.50	52.00
125124	10.60	52.00
125126	10.60	52.00
125128	54.00	276.00
125130	10.40	52.00
125133	10.50	52.00
125135	10.70	56.00
125137	10.30	52.00
125140	52.90	268.00
125142	10.20	52.00
125144	10.40	52.00
125146	10.20	52.00
125149	10.40	86.00
125151	49.00	52.00
125153	10.50	52.00
125156	10.40	52.00
125158	10.70	56.00
125160	19.30	98.00
125163	10.80	56.00
125165	10.50	52.00
125167	10.50	52.00
125169	10.40	52.00
125172	20.80	220.00
125174	10.30	52.00
125176	10.50	50.00
125179	10.40	52.00
125181	10.50	52.00
125183	40.60	206.00
125185	10.70	56.00
125188	10.50	52.00
125190	10.60	52.00
125192	10.50	52.00
125195	33.90	170.00
125197	10.50	52.00
125199	10.40	52.00
125201	10.60	52.00
125204	10.30	164.00
125206	28.50	52.00
125208	10.40	52.00
125211	10.30	52.00
125213	10.30	52.00
125215	35.70	180.00
125218	10.50	52.00
125220	10.40	52.00
125222	10.50	52.00
125224	10.70	56.00
125227	39.00	196.00
125229	10.40	52.00
125231	10.40	52.00
125234	10.50	52.00
125236	10.20	52.00
125238	43.10	104.00
125240	10.50	52.00
125243	10.40	52.00
125245	10.50	52.00
125247	10.40	52.00
125250	18.80	96.00
125252	10.60	52.00
125254	10.50	52.00
125256	10.50	52.00
125259	10.40	252.00
125261	18.00	52.00
125263	10.20	52.00
125266	10.40	52.00
125268	10.20	52.00
125270	52.60	266.00
125273	10.40	52.00
125275	10.30	52.00
125277	10.50	52.00
125279	10.50	52.00
125282	55.10	278.00
125284	10.30	52.00
125286	10.50	52.00
125289	10.20	52.00
125291	10.60	52.00
125293	57.00	68.00
125295	10.20	52.00
125298	10.50	52.00
125300	10.30	52.00
125302	10.70	56.00
125305	13.00	66.00
125307	10.40	52.00
125309	10.50	52.00
125311	10.40	52.00
125314	10.20	52.00
125316	11.40	58.00
125318	10.50	52.00
125321	10.20	52.00
125323	10.50	52.00
125325	10.40	324.00
125328	10.40	52.00
125330	10.50	52.00
125332	10.40	52.00
125334	10.30	52.00
125337	65.50	330.00
125339	10.50	52.00
125341	10.70	56.00
125344	10.70	56.00
125346	10.50	52.00
125348	65.10	50.00
125350	10.40	52.00
125353	10.40	52.00
125355	10.50	52.00
125357	10.40	52.00
125360	10.10	52.00
125362	10.60	52.00
125364	10.60	52.00
125366	10.60	52.00
125369	10.90	56.00
125371	10.40	52.00
125373	10.30	52.00
125376	10.50	52.00
125378	10.30	52.00
125380	11.10	344.00
125383	10.60	52.00
125385	10.50	52.00
125387	10.60	52.00
125389	10.30	52.00
125392	65.10	330.00
125394	10.30	52.00
125396	10.50	52.00
125399	10.60	52.00
125401	10.40	52.00
125403	64.00	52.00
125405	10.50	52.00
125408	10.50	52.00
125410	10.40	52.00
125412	10.60	62.00
125415	10.60	52.00
125417	10.70	56.00
125419	10.60	52.00
125421	10.60	52.00
125424	12.40	62.00
125426	10.60	52.00
125428	10.50	52.00
125431	10.40	52.00
125433	10.40	52.00
125435	13.20	278.00
125438	10.20	52.00
125440	10.60	52.00
125442	10.50	52.00
125444	10.60	52.00
125447	53.80	272.00
125449	10.10	52.00
125451	10.30	52.00
125454	10.40	52.00
125456	10.50	52.00
125458	50.90	258.00
125460	10.40	52.00
125463	10.50	52.00
125465	10.60	52.00
125467	10.50	88.00
125470	49.70	52.00
125472	10.40	52.00
125474	10.40	52.00
125476	10.30	52.00
125479	18.70	96.00
125481	10.50	52.00
125483	10.40	52.00
125486	10.10	52.00
125488	10.20	52.00
125490	20.50	104.00
125493	10.60	52.00
125495	10.60	52.00
125497	10.40	52.00
125499	10.60	52.00
125502	41.40	210.00
125504	10.50	52.00
125506	10.30	52.00
125509	10.50	52.00
125511	10.60	52.00
125513	35.70	180.00
125515	10.40	52.00
125518	10.00	50.00
125520	10.30	52.00
125522	10.30	158.00
125525	30.20	52.00
125527	10.30	52.00
125529	10.10	52.00
125531	10.60	52.00
125534	35.10	176.00
125536	10.50	52.00
125538	10.60	52.00
125541	10.50	52.00
125543	10.50	52.00
125545	39.10	196.00
125548	10.50	52.00
125550	10.40	52.00
125552	10.50	52.00
125554	10.40	52.00
125557	42.80	104.00
125559	10.20	52.00
125561	10.20	52.00
125564	10.40	52.00
125566	10.50	52.00
125568	18.90	96.00
125570	10.10	52.00
125573	10.30	52.00
125575	10.70	56.00
125577	10.20	52.00
125580	17.60	52.00
125582	10.50	52.00
125584	10.60	52.00
125586	10.50	52.00
125589	10.20	266.00
125591	10.50	52.00
125593	10.70	56.00
125596	10.60	52.00
125598	10.70	56.00
125600	54.60	276.00
125603	10.60	52.00
125605	10.60	52.00
125607	10.60	52.00
125609	10.50	50.00
125612	57.30	72.00
125614	10.60	52.00
125616	10.40	52.00
125619	10.30	52.00
125621	10.50	52.00
125623	12.60	66.00
125625	10.60	52.00
125628	10.10	52.00
125630	10.40	52.00
125632	10.40	52.00
125635	11.60	58.00
125637	10.40	52.00
125639	10.20	52.00
125641	10.40	52.00
125644	10.50	324.00
125646	10.40	56.00
125648	10.50	52.00
125651	10.10	52.00
125653	10.60	52.00
125655	66.10	334.00
125658	10.20	52.00
125660	10.40	52.00
125662	10.50	52.00
125664	10.50	52.00
125667	65.70	52.00
125669	10.40	52.00
125671	10.50	52.00
125674	10.50	56.00
125676	10.40	52.00
125678	10.10	52.00
125680	10.20	52.00
125683	10.50	52.00
125685	10.60	52.00
125687	10.30	52.00
125690	10.20	52.00
125692	10.50	52.00
125694	10.50	52.00
125696	10.60	52.00
125699	11.30	340.00
125701	10.50	52.00
125703	10.30	56.00
125706	10.10	52.00
125708	10.40	52.00
125710	67.40	340.00
125713	10.60	52.00
125715	10.50	52.00
125717	10.70	56.00
125719	10.50	52.00
125722	65.00	330.00
125724	10.40	52.00
125726	10.40	52.00
125729	10.30	52.00
125731	10.50	62.00
125733	60.90	52.00
125735	10.40	52.00
125738	10.60	52.00
125740	10.40	52.00
125742	12.50	62.00
125745	10.40	52.00
125747	10.40	52.00
125749	10.60	52.00
125751	10.20	52.00
125754	13.00	286.00
125756	10.10	52.00
125758	10.50	52.00
125761	10.40	56.00
125763	10.40	52.00
125765	53.80	272.00
125768	10.30	52.00
125770	10.50	52.00
125772	10.20	52.00
125774	10.40	52.00
125777	50.90	258.00
125779	10.50	52.00
125781	10.50	52.00
125784	10.60	52.00
125786	10.40	92.00
125788	48.60	52.00
125790	10.50	52.00
125793	10.40	52.00
125795	10.70	56.00
125797	19.70	98.00
125800	10.50	52.00
125802	10.30	52.00
125804	10.30	52.00
125806	10.70	56.00
125809	21.60	108.00
125811	10.30	52.00
125813	10.40	52.00
125816	10.40	52.00
125818	10.30	52.00
125820	24.00	184.00
125823	10.50	52.00
125825	10.30	52.00
125827	10.50	52.00
125829	10.20	52.00
125832	30.90	158.00
125834	10.30	52.00
125836	10.40	52.00
125839	10.50	52.00
125841	10.50	176.00
125843	24.60	52.00
125845	10.30	56.00
125848	10.30	52.00
125850	10.50	52.00
125852	37.30	186.00
125855	10.40	52.00
125857	10.30	52.00
125859	10.60	52.00
125861	10.50	52.00
125864	40.70	206.00
125866	10.50	52.00
125868	10.50	52.00
125871	10.10	52.00
125873	10.60	52.00
125875	44.40	98.00
125878	10.60	52.00
125880	10.40	56.00
125882	10.40	52.00
125884	10.10	52.00
125887	18.30	92.00
125889	10.30	52.00
125891	10.60	52.00
125894	10.40	52.00
125896	10.50	52.00
125898	17.90	52.00
125900	10.60	52.00
125903	10.30	52.00
125905	10.40	52.00
125907	10.40	266.00
125910	10.50	52.00
125912	10.40	52.00
125914	10.60	52.00
125916	10.30	52.00
125919	54.70	276.00
125921	10.40	52.00
125923	10.20	52.00
125926	10.70	56.00
125928	10.60	52.00
125930	56.40	72.00
125933	10.20	52.00
125935	10.30	52.00
125937	10.50	52.00
125939	10.50	52.00
125942	13.30	68.00
125944	10.20	52.00
125946	10.60	52.00
125949	10.40	52.00
125951	10.40	52.00
125953	11.50	58.00
125955	10.20	52.00
125958	10.40	52.00
125960	10.40	52.00
125962	10.40	322.00
125965	10.50	52.00
125967	10.40	52.00
125969	10.50	52.00
125971	10.20	52.00
125974	65.50	330.00
125976	10.60	52.00
125978	10.30	52.00
125981	10.50	52.00
125983	10.30	52.00
125985	65.80	334.00
125988	10.60	52.00
125990	10.50	52.00
125992	10.20	52.00
125994	10.40	52.00
125997	10.40	52.00
125999	10.70	56.00
126001	10.80	56.00
126004	10.80	56.00
126006	10.80	56.00
126008	10.50	52.00
126010	10.60	52.00
126013	10.50	52.00
126015	10.60	56.00
126017	11.40	344.00
126020	10.20	52.00
126022	10.40	52.00
126024	10.10	52.00
126026	10.40	52.00
126029	66.30	338.00
126031	10.50	52.00
126033	10.60	52.00
126036	10.50	52.00
126038	10.50	52.00
126040	62.70	318.00
126043	10.10	52.00
126045	10.10	52.00
126047	10.60	52.00
126049	10.20	62.00
126052	60.90	52.00
126054	10.60	52.00
126056	10.60	52.00
126059	10.40	52.00
126061	12.50	62.00
126063	10.40	52.00
126065	10.40	52.00
126068	10.10	52.00
126070	10.30	52.00
126072	14.20	72.00
126075	10.70	52.00
126077	10.30	52.00
126079	10.50	52.00
126081	10.40	52.00
126084	15.80	262.00
126086	10.50	52.00
126088	10.20	52.00
126091	10.40	52.00
126093	10.40	52.00
126095	50.10	256.00
126098	10.40	52.00
126100	10.20	52.00
126102	10.30	52.00
126104	10.40	96.00
126107	47.20	52.00
126109	10.40	52.00
126111	10.40	52.00
126114	10.50	52.00
126116	20.40	102.00
126118	10.30	52.00
126120	10.30	52.00
126123	10.60	52.00
126125	10.60	52.00
126127	22.00	112.00
126130	10.60	52.00
126132	10.70	52.00
126134	10.30	52.00
126136	10.50	52.00
126139	25.90	184.00
126141	10.50	52.00
126143	10.60	52.00
126146	10.60	52.00
126148	10.40	52.00
126150	29.10	148.00
126153	10.50	52.00
126155	10.30	52.00
126157	10.20	52.00
126159	10.20	52.00
126162	25.40	52.00
126164	10.40	52.00
126166	10.40	52.00
126169	10.40	52.00
126171	38.70	196.00
126173	10.50	52.00
126175	10.40	52.00
126178	10.20	52.00
126180	10.50	52.00
126182	42.20	212.00
126185	10.40	52.00
126187	10.50	52.00
126189	10.50	52.00
126191	10.50	52.00
126194	44.70	98.00
126196	10.10	52.00
126198	10.60	52.00
126201	10.50	52.00
126203	10.50	52.00
126205	18.70	96.00
126208	10.50	52.00
126210	10.40	52.00
126212	10.40	52.00
126214	10.60	52.00
126217	17.50	88.00
126219	10.50	52.00
126221	10.10	52.00
126224	10.30	52.00
126226	10.40	272.00
126228	15.60	52.00
126230	10.60	52.00
126233	10.40	52.00
126235	10.40	52.00
126237	55.40	278.00
126240	10.30	52.00
126242	10.20	52.00
126244	10.60	52.00
126246	10.50	52.00
126249	59.10	68.00
126251	10.40	52.00
126253	10.40	52.00
126256	10.40	56.00
126258	10.20	52.00
126260	11.40	58.00
126263	10.40	52.00
126265	10.40	52.00
126267	10.30	52.00
126269	10.40	52.00
126272	11.00	56.00
126274	10.40	52.00
126276	10.20	52.00
126279	10.60	52.00
126281	10.40	328.00
126283	10.00	52.00
126285	10.30	52.00
126288	10.60	52.00
126290	10.50	52.00
126292	65.80	334.00
126295	10.70	56.00
126297	10.60	52.00
126299	10.40	52.00
126301	10.50	52.00
126304	65.20	330.00
126306	10.20	52.00
126308	10.20	52.00
126311	10.40	52.00
126313	10.40	52.00
126315	66.10	52.00
126318	10.60	52.00
126320	10.50	52.00
126322	10.70	56.00
126324	11.10	56.00
126327	10.50	52.00
126329	10.50	52.00
126331	10.20	52.00
126334	10.40	52.00
126336	11.60	338.00
126338	10.40	52.00
126340	10.50	52.00
126343	10.10	52.00
126345	10.10	52.00
126347	64.60	328.00
126350	10.50	52.00
126352	10.40	52.00
126354	10.60	52.00
126356	10.60	52.00
126359	62.20	314.00
126361	10.50	52.00
126363	10.50	52.00
126366	10.40	52.00
126368	10.70	66.00
126370	58.50	52.00
126373	10.40	52.00
126375	10.40	52.00
126377	10.40	52.00
126379	12.70	66.00
126382	10.30	52.00
126384	10.20	52.00
126386	10.20	52.00
126389	10.50	52.00
126391	14.50	72.00
126393	10.40	52.00
126395	10.50	52.00
126398	10.50	52.00
126400	10.20	52.00
126402	16.50	266.00
126405	10.50	52.00
126407	10.40	52.00
126409	10.50	52.00
126411	10.50	52.00
126414	49.00	250.00
126416	10.40	52.00
126418	10.50	52.00
126421	10.40	52.00
126423	10.70	98.00
126425	46.90	52.00
126428	10.30	52.00
126430	10.30	52.00
126432	10.40	52.00
126434	20.80	104.00
126437	10.40	52.00
126439	10.20	52.00
126441	10.70	56.00
126444	10.50	52.00
126446	23.30	118.00
126448	10.60	52.00
126450	10.50	52.00
126453	10.40	52.00
126455	10.40	52.00
126457	28.40	164.00
126460	10.40	52.00
126462	10.70	52.00
126464	10.30	52.00
126466	10.50	52.00
126469	27.80	140.00
126471	10.20	52.00
126473	10.00	50.00
126476	10.50	52.00
126478	10.20	52.00
126480	23.00	118.00
126483	10.40	52.00
126485	10.20	52.00
126487	10.20	52.00
126489	10.60	200.00
126492	10.70	56.00
126494	10.40	52.00
126496	10.40	52.00
126499	10.40	52.00
126501	42.90	216.00
126503	10.50	52.00
126505	10.50	52.00
126508	10.40	52.00
126510	10.50	56.00
126512	46.70	98.00
126515	10.20	52.00
126517	10.50	52.00
126519	10.20	52.00
126521	10.40	52.00
126524	17.60	88.00
126526	10.40	52.00
126528	10.40	52.00
126531	10.40	52.00
126533	10.60	52.00
126535	16.50	86.00
126538	10.20	52.00
126540	10.20	52.00
126542	10.50	52.00
126544	10.10	276.00
126547	15.00	52.00
126549	10.10	52.00
126551	10.40	52.00
126554	10.80	56.00
126556	58.00	292.00
126558	10.30	52.00
126560	10.40	52.00
126563	10.60	52.00
126565	10.50	52.00
126567	59.60	302.00
126570	10.50	52.00
126572	10.50	52.00
126574	10.30	52.00
126576	10.60	52.00
126579	61.80	58.00
126581	10.10	52.00
126583	10.50	52.00
126586	10.40	52.00
126588	10.30	52.00
126590	10.00	50.00
126593	10.10	52.00
126595	10.60	52.00
126597	10.30	52.00
126599	10.60	334.00
126602	10.10	52.00
126604	10.50	52.00
126606	10.70	52.00
126609	10.50	52.00
126611	65.40	330.00
126613	10.40	52.00
126615	10.60	52.00
126618	10.30	52.00
126620	10.10	52.00
126622	65.70	334.00
126625	10.20	52.00
126627	10.30	52.00
126629	10.10	52.00
126631	10.60	56.00
126634	67.30	52.00
126636	10.40	52.00
126638	10.50	52.00
126641	10.50	52.00
126643	11.10	56.00
126645	10.40	52.00
126648	10.40	52.00
126650	10.50	52.00
126652	10.40	52.00
126654	11.30	56.00
126657	10.60	52.00
126659	10.30	52.00
126661	10.60	52.00
126664	10.40	52.00
126666	64.50	328.00
126668	10.50	52.00
126670	10.40	52.00
126673	10.40	52.00
126675	10.40	52.00
126677	61.20	312.00
126680	10.40	52.00
126682	10.10	52.00
126684	10.00	52.00
126686	10.50	62.00
126689	59.30	56.00
126691	10.50	52.00
126693	10.60	52.00
126696	10.50	52.00
126698	12.50	62.00
126700	10.40	52.00
126703	10.50	52.00
126705	10.40	52.00
126707	10.30	52.00
126709	14.60	72.00
126712	10.40	52.00
126714	10.70	52.00
126716	10.50	52.00
126719	10.30	52.00
126721	16.50	262.00
126723	10.40	52.00
126725	10.20	52.00
126728	10.60	52.00
126730	10.50	52.00
126732	49.90	252.00
126735	10.10	52.00
126737	10.50	52.00
126739	10.30	52.00
126741	10.50	52.00
126744	46.70	52.00
126746	10.40	56.00
126748	10.60	52.00
126751	10.20	52.00
126753	10.60	104.00
126755	10.20	52.00
126758	10.40	52.00
126760	10.30	52.00
126762	10.30	52.00
126764	21.90	112.00
126767	10.40	52.00
126769	10.50	52.00
126771	10.30	52.00
126774	10.40	52.00
126776	25.80	186.00
126778	10.40	52.00
126780	10.50	52.00
126783	10.70	56.00
126785	10.40	52.00
126787	29.30	148.00
126790	10.40	52.00
126792	10.00	50.00
126794	10.40	52.00
126796	10.40	52.00
126799	25.60	132.00
126801	10.20	52.00
126803	10.30	52.00
126806	10.70	56.00
126808	10.60	194.00
126810	21.80	52.00
126813	10.30	52.00
126815	10.40	52.00
126817	10.40	52.00
126819	42.80	216.00
126822	10.70	56.00
126824	10.20	52.00
126826	10.50	52.00
126829	10.40	52.00
126831	46.50	96.00
126833	10.70	52.00
126835	10.30	52.00
126838	10.60	52.00
126840	10.40	52.00
126842	17.90	92.00
126845	10.60	52.00
126847	10.50	52.00
126849	10.60	52.00
126851	10.30	52.00
126854	16.70	86.00
126856	10.30	52.00
126858	10.50	52.00
126861	10.20	52.00
126863	10.50	276.00
126865	15.90	52.00
126868	10.50	52.00
126870	10.40	52.00
126872	10.50	52.00
126874	56.70	286.00
126877	10.60	52.00
126879	10.40	52.00
126881	10.30	52.00
126884	10.10	52.00
126886	58.50	294.00
126888	10.40	52.00
126890	10.50	56.00
126893	10.60	52.00
126895	10.50	52.00
126897	60.60	58.00
126900	10.30	52.00
126902	10.50	52.00
126904	10.40	52.00
126906	10.40	52.00
126909	10.30	52.00
126911	10.30	52.00
126913	10.70	56.00
126916	10.60	52.00
126918	10.30	334.00
126920	10.00	52.00
126923	10.40	52.00
126925	10.70	52.00
126927	10.50	52.00
126929	65.30	330.00
126932	10.40	52.00
126934	10.00	50.00
126936	10.60	52.00
126939	10.50	52.00
126941	65.30	330.00
126943	10.50	52.00
126945	10.40	52.00
126948	10.40	52.00
126950	10.40	56.00
126952	66.90	52.00
126955	10.40	52.00
126957	10.60	52.00
126959	10.60	52.00
126961	10.90	56.00
126964	10.50	52.00
126966	10.40	52.00
126968	10.50	52.00
126971	10.50	52.00
126973	11.70	58.00
126975	10.50	52.00
126978	10.50	52.00
126980	10.10	52.00
126982	10.40	56.00
126984	12.10	322.00
126987	10.40	52.00
126989	10.50	52.00
126991	10.40	52.00
126994	10.40	52.00
126996	61.10	308.00
126998	10.20	52.00
127000	10.30	52.00
127003	10.60	52.00
127005	10.40	62.00
127007	58.50	56.00
127010	10.50	52.00
127012	10.50	52.00
127014	10.30	52.00
127016	13.20	66.00
127019	10.10	52.00
127021	10.20	52.00
127023	10.20	52.00
127026	10.20	52.00
127028	15.50	78.00
127030	10.40	52.00
127033	10.50	52.00
127035	10.60	52.00
127037	10.50	56.00
127039	16.90	262.00
127042	10.50	52.00
127044	10.50	52.00
127046	10.40	52.00
127049	10.40	52.00
127051	48.00	242.00
127053	10.50	52.00
127055	10.20	52.00
127058	10.30	52.00
127060	10.40	52.00
127062	46.10	52.00
127065	10.30	52.00
127067	10.40	52.00
127069	10.30	52.00
127071	10.40	112.00
127074	10.60	52.00
127076	10.20	52.00
127078	10.60	52.00
127081	10.30	52.00
127083	24.70	124.00
127085	10.40	52.00
127088	10.40	52.00
127090	10.40	52.00
127092	10.40	52.00
127094	31.20	148.00
127097	10.50	52.00
127099	10.30	52.00
127101	10.60	52.00
127104	10.50	52.00
127106	25.20	128.00
127108	10.70	56.00
127110	10.60	52.00
127113	10.40	52.00
127115	10.40	52.00
127117	21.90	112.00
127120	10.60	52.00
127122	10.20	52.00
127124	10.60	52.00
127126	10.60	212.00
127129	21.20	52.00
127131	10.20	52.00
127133	10.00	50.00
127136	10.40	52.00
127138	45.20	230.00
127140	10.30	52.00
127143	10.40	52.00
127145	10.50	52.00
127147	10.60	52.00
127149	49.50	250.00
127152	10.50	52.00
127154	10.40	52.00
127156	10.50	52.00
127159	10.40	52.00
127161	16.60	86.00
127163	10.30	52.00
127165	10.40	52.00
127168	10.40	52.00
127170	10.50	52.00
127172	15.70	78.00
127175	10.50	52.00
127177	10.40	52.00
127179	10.50	52.00
127181	10.30	282.00
127184	14.50	52.00
127186	10.20	56.00
127188	10.20	52.00
127191	10.40	52.00
127193	58.30	294.00
127195	10.30	52.00
127198	10.40	52.00
127200	10.30	52.00
127202	10.40	52.00
127204	60.10	304.00
127207	10.50	52.00
127209	10.40	52.00
127211	10.20	52.00
127214	10.40	52.00
127216	62.30	56.00
127218	10.50	52.00
127220	10.40	52.00
127223	10.40	52.00
127225	10.30	52.00
127227	10.10	52.00
127230	10.50	52.00
127232	10.30	52.00
127234	10.10	52.00
127236	10.60	52.00
127239	10.20	52.00
127241	10.20	52.00
127243	10.50	52.00
127246	10.40	52.00
127248	65.00	328.00
127250	10.40	52.00
127253	10.40	52.00
127255	10.40	52.00
127257	10.60	52.00
127259	66.80	338.00
127262	10.50	52.00
127264	10.20	52.00
127266	10.50	52.00
127269	10.30	56.00
127271	67.50	52.00
127273	10.20	52.00
127275	10.50	52.00
127278	10.40	52.00
127280	11.50	58.00
127282	10.40	52.00
127285	10.10	52.00
127287	10.50	52.00
127289	10.60	52.00
127291	12.00	62.00
127294	10.30	52.00
127296	10.50	52.00
127298	10.20	52.00
127301	10.20	52.00
127303	12.40	312.00
127305	10.80	52.00
127308	10.50	52.00
127310	10.50	52.00
127312	10.40	52.00
127314	58.70	298.00
127317	10.10	52.00
127319	10.30	52.00
127321	10.20	52.00
127324	10.70	56.00
127326	56.80	52.00
127328	10.20	52.00
127330	10.30	52.00
127333	10.20	52.00
127335	14.40	72.00
127337	10.40	52.00
127340	10.50	52.00
127342	10.40	52.00
127344	10.30	52.00
127346	15.70	78.00
127349	10.20	52.00
127351	10.40	52.00
127353	10.50	52.00
127356	10.20	52.00
127358	17.20	256.00
127360	10.50	56.00
127363	10.40	52.00
127365	10.50	52.00
127367	10.60	52.00
127369	47.00	240.00
127372	10.40	52.00
127374	10.50	52.00
127376	10.60	52.00
127379	10.30	52.00
127381	45.00	230.00
127383	10.60	56.00
127385	10.50	52.00
127388	10.40	52.00
127390	10.70	112.00
127392	40.40	52.00
127395	10.30	52.00
127397	10.40	52.00
127399	10.20	52.00
127401	24.50	124.00
127404	10.70	56.00
127406	10.40	52.00
127408	10.60	52.00
127411	10.20	52.00
127413	31.40	148.00
127415	10.20	52.00
127418	10.30	52.00
127420	10.40	52.00
127422	10.40	52.00
127424	24.70	124.00
127427	10.50	52.00
127429	10.50	52.00
127431	10.50	52.00
127434	10.20	52.00
127436	21.90	112.00
127438	10.80	56.00
127440	10.50	52.00
127443	10.50	52.00
127445	10.30	216.00
127447	21.00	52.00
127450	10.50	52.00
127452	10.50	52.00
127454	10.20	52.00
127456	45.70	230.00
127459	10.20	52.00
127461	10.50	52.00
127463	10.60	52.00
127466	10.40	52.00
127468	50.20	252.00
127470	10.40	52.00
127473	10.40	52.00
127475	10.40	52.00
127477	10.50	52.00
127479	52.40	86.00
127482	10.40	52.00
127484	10.30	52.00
127486	10.10	52.00
127489	10.40	52.00
127491	15.90	82.00
127493	10.60	52.00
127495	10.00	50.00
127498	10.50	52.00
127500	10.50	282.00
127502	14.10	52.00
127505	10.70	52.00
127507	10.40	52.00
127509	10.20	52.00
127511	58.70	298.00
127514	10.50	52.00
127516	10.60	52.00
127518	10.50	52.00
127521	10.40	52.00
127523	60.20	304.00
127525	10.40	52.00
127528	10.30	52.00
127530	10.40	52.00
127532	10.50	56.00
127534	62.60	56.00
127537	10.40	52.00
127539	10.20	52.00
127541	10.20	52.00
127544	10.20	52.00
127546	10.00	50.00
127548	10.30	52.00
127550	10.30	52.00
127553	10.50	52.00
127555	10.30	52.00
127557	10.30	52.00
127560	10.50	52.00
127562	10.50	52.00
127564	10.20	52.00
127566	10.50	330.00
127569	10.60	52.00
127571	10.50	52.00
127573	10.50	52.00
127576	10.30	52.00
127578	66.40	338.00
127580	10.50	52.00
127583	10.40	52.00
127585	10.50	52.00
127587	10.50	56.00
127589	67.40	52.00
127592	10.30	52.00
127594	10.20	52.00
127596	10.50	52.00
127599	11.50	58.00
127601	10.40	52.00
127603	10.50	52.00
127605	10.40	52.00
127608	10.10	52.00
127610	11.70	58.00
127612	10.60	52.00
127615	10.40	52.00
127617	10.20	52.00
127619	10.70	52.00
127621	12.00	318.00
127624	10.50	52.00
127626	10.30	52.00
127628	10.00	50.00
127631	10.40	52.00
127633	60.10	304.00
127635	10.50	52.00
127638	10.50	52.00
127640	10.30	52.00
127642	10.10	52.00
127644	59.30	302.00
127647	10.20	52.00
127649	10.40	52.00
127651	10.40	52.00
127654	10.10	72.00
127656	10.40	52.00
127658	10.40	52.00
127660	10.20	52.00
127663	10.50	52.00
127665	16.40	82.00
127667	10.40	52.00
127670	10.30	52.00
127672	10.60	52.00
127674	10.20	52.00
127676	17.60	252.00
127679	10.40	52.00
127681	10.30	52.00
127683	10.60	52.00
127686	10.70	56.00
127688	48.00	242.00
127690	10.40	52.00
127693	10.50	52.00
127695	10.70	56.00
127697	10.40	52.00
127699	44.50	226.00
127702	10.70	56.00
127704	10.80	52.00
127706	10.60	52.00
127709	10.40	112.00
127711	43.00	52.00
127713	10.30	52.00
127715	10.50	52.00
127718	10.30	52.00
127720	23.20	118.00
127722	10.50	52.00
127725	10.40	52.00
127727	10.40	52.00
127729	10.60	52.00
127731	29.10	148.00
127734	10.30	52.00
127736	10.40	52.00
127738	10.30	52.00
127741	10.60	52.00
127743	26.80	134.00
127745	10.30	52.00
127748	10.50	52.00
127750	10.20	52.00
127752	10.50	52.00
127754	23.30	118.00
127757	10.40	52.00
127759	10.50	52.00
127761	10.50	52.00
127764	10.60	204.00
127766	21.20	52.00
127768	10.40	52.00
127770	10.60	52.00
127773	10.60	52.00
127775	44.10	222.00
127777	10.40	52.00
127780	10.70	56.00
127782	10.50	52.00
127784	10.50	52.00
127786	46.90	236.00
127789	10.20	52.00
127791	10.60	52.00
127793	10.60	52.00
127796	10.10	52.00
127798	50.60	92.00
127800	10.40	52.00
127803	10.40	52.00
127805	10.30	52.00
127807	10.20	52.00
127809	16.80	86.00
127812	10.30	52.00
127814	10.40	52.00
127816	10.40	52.00
127819	10.40	276.00
127821	15.60	52.00
127823	10.50	52.00
127825	10.70	52.00
127828	10.60	52.00
127830	56.80	288.00
127832	10.40	52.00
127835	10.10	52.00
127837	10.60	52.00
127839	10.40	52.00
127841	58.80	298.00
127844	10.60	52.00
127846	10.50	52.00
127848	10.30	52.00
127851	10.30	52.00
127853	61.00	58.00
127855	10.30	50.00
127858	10.50	52.00
127860	10.60	52.00
127862	10.60	52.00
127864	10.60	52.00
127867	10.30	52.00
127869	10.40	52.00
127871	10.50	52.00
127874	10.30	52.00
127876	10.10	52.00
127878	10.50	52.00
127880	10.40	52.00
127883	10.40	52.00
127885	10.40	330.00
127887	10.00	92.00
127890	10.20	52.00
127892	10.50	52.00
127894	10.60	52.00
127896	66.10	334.00
127899	10.20	52.00
127901	10.60	52.00
127903	10.60	52.00
127906	10.30	52.00
127908	66.70	52.00
127910	10.40	52.00
127913	10.40	52.00
127915	10.80	52.00
127917	10.50	56.00
127919	10.50	52.00
127922	10.30	52.00
127924	10.60	52.00
127926	10.10	52.00
127929	11.40	58.00
127931	10.40	52.00
127933	10.50	52.00
127935	10.20	52.00
127938	10.40	52.00
127940	12.00	324.00
127942	10.70	52.00
127945	10.40	52.00
127947	10.70	56.00
127949	10.60	52.00
127951	62.20	314.00
127954	10.20	52.00
127956	10.30	52.00
127958	10.10	52.00
127961	10.40	52.00
127963	59.70	302.00
127965	10.70	52.00
127968	10.40	52.00
127970	10.40	52.00
127972	10.20	66.00
127974	56.40	52.00
127977	10.60	52.00
127979	10.60	52.00
127981	10.20	52.00
127984	14.70	76.00
127986	10.50	52.00
127988	10.50	52.00
127990	10.50	52.00
127993	10.20	52.00
127995	17.00	258.00
127997	10.40	52.00
128000	10.20	52.00
128002	10.60	52.00
128004	10.40	52.00
128006	48.00	242.00
128009	10.40	52.00
128011	10.70	56.00
128013	10.40	52.00
128016	10.10	52.00
128018	43.50	220.00
128020	10.40	52.00
128023	10.50	52.00
128025	10.40	52.00
128027	10.60	108.00
128029	42.20	52.00
128032	10.30	52.00
128034	10.50	52.00
128036	10.30	52.00
128039	23.00	114.00
128041	10.10	52.00
128043	10.40	52.00
128045	10.30	52.00
128048	10.60	52.00
128050	30.60	154.00
128052	10.50	52.00
128055	10.60	52.00
128057	10.50	52.00
128059	10.20	56.00
128061	35.10	124.00
128064	10.50	52.00
128066	10.40	52.00
128068	10.60	52.00
128071	10.40	52.00
128073	22.50	114.00
128075	10.50	52.00
128078	10.20	52.00
128080	10.50	52.00
128082	10.40	206.00
128084	21.30	52.00
128087	10.20	52.00
128089	10.20	52.00
128091	10.40	52.00
128094	44.60	226.00
128096	10.40	52.00
128098	10.40	52.00
128100	10.20	52.00
128103	10.50	52.00
128105	47.30	240.00
128107	10.60	52.00
128110	10.40	52.00
128112	10.40	52.00
128114	10.40	52.00
128116	51.10	88.00
128119	10.20	52.00
128121	10.30	52.00
128123	10.50	52.00
128126	10.50	52.00
128128	15.80	78.00
128130	10.60	52.00
128133	10.20	52.00
128135	10.00	50.00
128137	10.40	52.00
128139	14.60	52.00
128142	10.10	52.00
128144	10.30	52.00
128146	10.20	52.00
128149	10.50	292.00
128151	10.50	52.00
128153	10.40	52.00
128155	10.70	56.00
128158	10.60	52.00
128160	59.80	302.00
128162	10.50	52.00
128165	10.30	52.00
128167	10.60	52.00
128169	10.40	52.00
128171	62.80	56.00
128174	10.30	52.00
128176	10.40	52.00
128178	10.30	52.00
128181	10.50	52.00
128183	10.00	50.00
128185	10.60	52.00
128188	10.50	52.00
128190	10.60	52.00
128192	10.30	52.00
128194	9.90	50.00
128197	10.60	52.00
128199	10.20	52.00
128201	10.40	52.00
128204	10.20	328.00
128206	10.20	52.00
128208	10.70	56.00
128210	10.20	52.00
128213	10.40	52.00
128215	66.20	334.00
128217	10.40	52.00
128220	10.60	52.00
128222	10.40	52.00
128224	10.50	52.00
128226	67.50	340.00
128229	10.70	52.00
128231	10.20	52.00
128233	10.20	52.00
128236	10.50	58.00
128238	10.30	52.00
128240	10.20	52.00
128243	10.50	52.00
128245	10.60	52.00
128247	11.90	58.00
128249	10.70	56.00
128252	10.70	56.00
128254	10.30	52.00
128256	10.40	56.00
128259	11.80	318.00
128261	10.60	52.00
128263	10.70	52.00
128265	10.50	52.00
128268	10.50	52.00
128270	59.30	302.00
128272	10.50	52.00
128275	10.30	52.00
128277	10.30	52.00
128279	10.50	52.00
128281	58.50	294.00
128284	10.60	52.00
128286	10.50	52.00
128288	10.40	52.00
128291	10.50	68.00
128293	55.10	52.00
128295	10.40	52.00
128298	10.50	52.00
128300	10.40	52.00
128302	15.40	78.00
128304	10.40	52.00
128307	10.60	52.00
128309	10.50	52.00
128311	10.50	52.00
128314	17.20	256.00
128316	10.30	52.00
128318	10.50	52.00
128320	10.40	56.00
128323	10.10	52.00
128325	48.70	246.00
128327	10.40	52.00
128330	10.60	52.00
128332	10.30	52.00
128334	10.40	52.00
128336	45.10	230.00
128339	10.30	52.00
128341	10.60	52.00
128343	10.30	52.00
128346	10.30	108.00
128348	43.70	52.00
128350	10.60	52.00
128353	10.10	52.00
128355	10.60	52.00
128357	22.70	114.00
128359	10.20	52.00
128362	10.50	52.00
128364	10.60	52.00
128366	10.30	52.00
128369	28.90	148.00
128371	10.50	52.00
128373	10.60	52.00
128375	10.50	52.00
128378	10.40	52.00
128380	33.20	132.00
128382	10.30	52.00
128385	10.60	52.00
128387	10.60	52.00
128389	10.50	52.00
128391	23.10	118.00
128394	10.60	52.00
128396	10.50	52.00
128398	10.60	52.00
128401	10.50	52.00
128403	21.20	52.00
128405	10.20	52.00
128408	10.50	52.00
128410	10.50	52.00
128412	10.50	216.00
128414	10.40	52.00
128417	10.40	52.00
128419	10.40	52.00
128421	10.40	52.00
128424	46.20	232.00
128426	10.50	52.00
128428	10.40	52.00
128430	10.30	52.00
128433	10.40	52.00
128435	50.40	88.00
128437	10.40	52.00
128440	10.40	52.00
128442	10.00	50.00
128444	10.60	52.00
128446	16.60	86.00
128449	10.30	52.00
128451	10.70	56.00
128453	10.20	52.00
128456	10.40	52.00
128458	15.00	76.00
128460	10.40	56.00
128463	10.50	52.00
128465	10.60	52.00
128467	10.40	286.00
128469	13.90	52.00
128472	10.20	52.00
128474	10.20	52.00
128476	10.60	52.00
128479	58.90	298.00
128481	10.40	52.00
128483	10.60	52.00
128485	10.50	52.00
128488	10.10	52.00
128490	61.20	56.00
128492	10.50	52.00
128495	10.60	52.00
128497	10.30	56.00
128499	10.40	52.00
128501	9.90	50.00
128504	10.10	52.00
128506	10.60	52.00
128508	10.20	52.00
128511	10.40	52.00
128513	10.00	50.00
128515	10.30	52.00
128518	10.50	52.00
128520	10.50	52.00
128522	10.70	330.00
128524	10.10	52.00
128527	10.20	52.00
128529	10.60	52.00
128531	10.60	52.00
128534	66.00	334.00
128536	10.20	52.00
128538	10.40	52.00
128540	10.40	52.00
128543	10.20	52.00
128545	67.40	340.00
128547	10.30	52.00
128550	10.60	52.00
128552	10.30	52.00
128554	10.30	58.00
128556	66.80	52.00
128559	10.50	52.00
128561	10.50	52.00
128563	10.50	52.00
128566	12.00	62.00
128568	10.40	52.00
128570	10.40	52.00
128573	10.70	56.00
128575	10.30	52.00
128577	12.10	314.00
128579	10.50	52.00
128582	10.40	52.00
128584	10.60	52.00
128586	10.30	52.00
128589	60.20	304.00
128591	10.40	52.00
128593	9.90	50.00
128595	10.40	52.00
128598	10.30	52.00
128600	56.90	288.00
128602	10.40	52.00
128605	10.20	52.00
128607	10.60	52.00
128609	10.50	68.00
128611	56.30	52.00
128614	10.60	52.00
128616	10.40	52.00
128618	10.40	52.00
128621	15.40	78.00
128623	10.50	52.00
128625	10.30	52.00
128628	10.50	52.00
128630	10.40	52.00
128632	17.00	86.00
128634	10.00	52.00
128637	10.40	52.00
128639	10.10	52.00
128641	10.50	56.00
128644	17.60	242.00
128646	10.30	52.00
128648	10.70	56.00
128650	10.20	52.00
128653	10.50	52.00
128655	46.40	236.00
128657	10.20	52.00
128660	10.60	52.00
128662	10.30	52.00
128664	10.30	104.00
128666	41.90	52.00
128669	10.50	52.00
128671	10.30	52.00
128673	10.20	52.00
128676	23.60	118.00
128678	10.30	52.00
128680	10.30	52.00
128683	10.30	52.00
128685	10.20	52.00
128687	29.20	148.00
128689	10.30	52.00
128692	10.50	52.00
128694	10.50	52.00
128696	10.70	52.00
128699	34.20	138.00
128701	10.40	52.00
128703	10.10	52.00
128705	10.60	52.00
128708	10.40	52.00
128710	22.60	114.00
128712	10.50	52.00
128715	10.40	52.00
128717	10.30	52.00
128719	10.20	52.00
128721	21.50	52.00
128724	10.40	56.00
128726	10.40	52.00
128728	10.50	52.00
128731	10.40	216.00
128733	10.40	52.00
128735	10.20	52.00
128738	10.50	52.00
128740	10.40	52.00
128742	47.40	240.00
128744	10.30	52.00
128747	10.50	52.00
128749	10.60	52.00
128751	10.30	52.00
128754	49.80	92.00
128756	10.70	52.00
128758	10.30	52.00
128760	10.30	52.00
128763	10.30	52.00
128765	16.40	82.00
128767	10.40	52.00
128770	10.10	52.00
128772	10.30	52.00
128774	10.70	56.00
128776	21.50	108.00
128779	10.40	52.00
128781	10.40	52.00
128783	10.20	52.00
128786	10.20	288.00
128788	16.20	52.00
128790	10.70	56.00
128793	10.20	52.00
128795	10.30	52.00
128797	60.10	304.00
128799	10.70	56.00
128802	10.50	52.00
128804	10.60	52.00
128806	10.60	52.00
128809	61.70	52.00
128811	10.50	52.00
128813	10.50	52.00
128815	10.30	52.00
128818	10.20	52.00
128820	11.60	58.00
128822	10.70	56.00
128825	10.20	52.00
128827	10.20	52.00
128829	10.40	52.00
128831	10.30	52.00
128834	10.60	52.00
128836	10.20	52.00
128838	10.50	52.00
128841	10.50	328.00
128843	9.90	52.00
128845	10.40	52.00
128848	10.60	52.00
128850	10.80	56.00
128852	66.10	334.00
128854	10.50	52.00
128857	10.40	52.00
128859	10.50	52.00
128861	10.50	52.00
128864	68.10	344.00
128866	10.50	52.00
128868	10.50	52.00
128870	10.50	52.00
128873	10.40	58.00
128875	63.90	52.00
128877	10.50	52.00
128880	10.50	52.00
128882	10.50	52.00
128884	12.10	62.00
128886	10.50	52.00
128889	10.30	52.00
128891	10.30	52.00
128893	10.60	52.00
128896	12.20	62.00
128898	10.50	52.00
128900	10.50	52.00
128903	10.10	52.00
128905	10.50	52.00
128907	65.10	330.00
128909	10.40	52.00
128912	10.50	52.00
128914	10.40	52.00
128916	10.40	52.00
128919	62.30	314.00
128921	10.50	52.00
128923	10.50	52.00
128925	10.40	52.00
128928	10.60	78.00
128930	59.70	52.00
128932	10.40	52.00
128935	10.70	52.00
128937	10.50	52.00
128939	16.70	86.00
128941	10.50	52.00
128944	10.60	52.00
128946	10.50	52.00
128948	10.30	52.00
128951	18.40	92.00
128953	10.30	52.00
128955	10.30	52.00
128958	10.20	52.00
128960	10.40	56.00
128962	18.40	278.00
128964	10.50	52.00
128967	10.30	52.00
128969	10.50	52.00
128971	10.40	52.00
128974	51.30	258.00
128976	10.20	52.00
128978	10.60	52.00
128980	10.40	52.00
128983	10.00	108.00
128985	41.10	56.00
128987	10.60	52.00
128990	10.40	52.00
128992	10.40	52.00
128994	10.50	122.00
128996	10.50	52.00
128999	10.40	52.00
129001	10.30	52.00
129003	10.10	52.00
129006	30.30	154.00
129008	10.50	52.00
129010	10.20	52.00
129013	10.40	52.00
129015	10.30	52.00
129017	34.90	118.00
129019	10.50	52.00
129022	10.40	52.00
129024	10.60	52.00
129026	10.20	52.00
129029	22.00	112.00
129031	10.50	52.00
129033	10.30	52.00
129035	10.30	52.00
129038	10.30	52.00
129040	20.40	104.00
129042	10.50	52.00
129045	10.60	52.00
129047	10.40	52.00
129049	10.40	226.00
129051	19.70	52.00
129054	10.50	52.00
129056	10.20	52.00
129058	10.50	52.00
129061	49.00	246.00
129063	10.40	52.00
129065	10.60	52.00
129068	10.50	52.00
129070	10.50	52.00
129072	51.80	88.00
129074	10.50	56.00
129077	10.40	52.00
129079	10.60	52.00
129081	10.10	52.00
129084	15.80	78.00
129086	10.20	52.00
129088	10.50	52.00
129090	10.30	52.00
129093	10.40	52.00
129095	15.00	76.00
129097	10.60	52.00
129100	10.20	52.00
129102	10.30	52.00
129104	10.30	288.00
129106	13.60	52.00
129109	10.20	56.00
129111	10.50	52.00
129113	10.30	52.00
129116	59.20	298.00
129118	10.50	52.00
129120	10.40	52.00
129123	10.60	52.00
129125	10.40	52.00
129127	62.00	314.00
129129	10.40	52.00
129132	10.20	52.00
129134	10.30	52.00
129136	10.40	52.00
129139	64.80	52.00
129141	10.40	52.00
129143	10.40	52.00
129145	10.50	52.00
129148	10.50	52.00
129150	10.00	50.00
129152	10.20	52.00
129155	10.40	52.00
129157	10.20	52.00
129159	10.40	328.00
129161	10.10	56.00
129164	10.40	52.00
129166	10.20	52.00
129168	10.30	52.00
129171	66.30	334.00
129173	10.30	52.00
129175	10.30	52.00
129178	10.40	52.00
129180	10.30	52.00
129182	68.10	344.00
129184	10.40	52.00
129187	10.40	52.00
129189	10.10	52.00
129191	10.40	58.00
129194	66.30	52.00
129196	10.50	52.00
129198	10.60	52.00
129200	10.20	52.00
129203	11.60	58.00
129205	10.40	52.00
129207	10.40	52.00
129210	10.50	52.00
129212	10.30	52.00
129214	12.10	62.00
129216	10.50	52.00
129219	10.40	52.00
129221	10.60	52.00
129223	10.50	56.00
129226	12.40	308.00
129228	10.40	52.00
129230	10.50	52.00
129233	10.40	52.00
129235	10.40	52.00
129237	58.70	298.00
129239	10.30	52.00
129242	10.50	52.00
129244	10.10	52.00
129246	10.60	62.00
129249	56.90	52.00
129251	10.40	52.00
129253	10.60	52.00
129255	10.20	52.00
129258	14.80	76.00
129260	10.30	52.00
129262	10.20	52.00
129265	10.40	52.00
129267	10.50	52.00
129269	16.30	82.00
129271	10.70	56.00
129274	10.50	52.00
129276	10.60	52.00
129278	10.40	52.00
129281	17.70	246.00
129283	10.40	52.00
129285	10.30	52.00
129288	10.30	52.00
129290	10.50	52.00
129292	47.00	240.00
129294	10.30	52.00
129297	10.40	52.00
129299	10.10	52.00
129301	10.40	52.00
129304	44.80	52.00
129306	10.50	52.00
129308	10.30	52.00
129310	10.60	52.00
129313	10.30	108.00
129315	10.50	52.00
129317	10.50	52.00
129320	10.20	52.00
129322	10.40	52.00
129324	22.60	114.00
129326	10.50	52.00
129329	10.60	52.00
129331	10.50	52.00
129333	10.50	52.00
129336	26.60	180.00
129338	10.40	52.00
129340	10.60	52.00
129343	10.60	52.00
129345	10.70	56.00
129347	28.80	148.00
129349	10.50	52.00
129352	10.40	52.00
129354	10.70	56.00
129356	10.30	52.00
129359	21.70	112.00
129361	10.30	52.00
129363	10.20	52.00
129365	10.50	52.00
129368	10.40	216.00
129370	20.10	52.00
129372	10.20	52.00
129375	10.00	50.00
129377	10.60	52.00
129379	46.30	232.00
129381	10.10	52.00
129384	10.30	52.00
129386	10.10	52.00
129388	10.50	52.00
129391	49.10	250.00
129393	10.20	52.00
129395	10.50	52.00
129398	10.40	52.00
129400	10.50	52.00
129402	16.90	86.00
129404	10.40	52.00
129407	10.40	52.00
129409	10.40	52.00
129411	10.40	52.00
129414	15.30	78.00
129416	10.50	52.00
129418	10.50	52.00
129420	10.40	52.00
129423	10.30	286.00
129425	14.20	52.00
129427	10.30	52.00
129430	10.50	52.00
129432	10.60	52.00
129434	59.20	298.00
129436	10.40	52.00
129439	10.50	52.00
129441	10.40	52.00
129443	10.40	52.00
129446	61.30	312.00
129448	10.40	52.00
129450	10.10	52.00
129453	10.20	52.00
129455	10.50	52.00
129457	64.30	50.00
129459	10.60	52.00
129462	10.40	52.00
129464	10.20	52.00
129466	10.50	52.00
129469	9.90	50.00
129471	10.20	52.00
129473	10.70	56.00
129475	10.30	52.00
129478	10.60	330.00
129480	10.20	52.00
129482	10.50	52.00
129485	10.30	52.00
129487	10.70	52.00
129489	10.80	330.00
129491	10.60	52.00
129494	10.30	52.00
129496	10.30	52.00
129498	10.40	52.00
129501	67.00	340.00
129503	10.40	52.00
129505	10.50	52.00
129508	10.50	52.00
129510	10.20	56.00
129512	67.80	52.00
129514	10.50	52.00
129517	10.40	52.00
129519	10.40	52.00
129521	11.30	56.00
129524	10.60	52.00
129526	10.60	52.00
129528	10.20	52.00
129530	10.30	52.00
129533	11.60	58.00
129535	10.50	52.00
129537	10.40	52.00
129540	10.40	52.00
129542	10.30	52.00
129544	12.20	308.00
129546	10.60	52.00
129549	10.40	52.00
129551	10.40	52.00
129553	10.50	52.00
129556	61.70	312.00
129558	10.50	52.00
129560	10.50	52.00
129563	10.40	52.00
129565	10.40	52.00
129567	60.50	52.00
129569	10.50	52.00
129572	10.60	52.00
129574	10.30	52.00
129576	12.50	62.00
129579	10.50	52.00
129581	10.70	56.00
129583	10.60	52.00
129585	10.80	56.00
129588	13.30	68.00
129590	10.50	52.00
129592	10.60	52.00
129595	10.20	52.00
129597	10.30	52.00
129599	14.90	276.00
129601	10.50	52.00
129604	10.40	52.00
129606	10.50	52.00
129608	10.50	52.00
129611	51.30	258.00
129613	10.50	52.00
129615	10.30	52.00
129618	10.20	52.00
129620	10.50	52.00
129622	49.80	252.00
129624	10.40	52.00
129627	10.10	52.00
129629	10.50	52.00
129631	10.40	96.00
129634	47.70	52.00
129636	10.60	52.00
129638	10.30	52.00
129640	10.30	52.00
129643	19.20	98.00
129645	10.50	52.00
129647	10.30	52.00
129650	10.50	52.00
129652	10.40	52.00
129654	21.10	216.00
129656	10.50	52.00
129659	10.60	56.00
129661	10.60	56.00
129663	10.10	52.00
129666	40.70	206.00
129668	10.60	52.00
129670	10.40	52.00
129673	10.40	52.00
129675	10.40	52.00
129677	34.00	174.00
129679	10.50	52.00
129682	10.50	52.00
129684	10.40	52.00
129686	10.50	164.00
129689	28.90	52.00
129691	10.40	52.00
129693	10.20	52.00
129695	10.50	52.00
129698	35.70	180.00
129700	10.50	52.00
129702	10.20	52.00
129705	10.60	52.00
129707	10.50	52.00
129709	38.20	194.00
129711	10.40	52.00
129714	10.60	52.00
129716	10.60	52.00
129718	10.50	52.00
129721	42.50	102.00
129723	10.60	52.00
129725	10.40	52.00
129728	10.40	52.00
129730	10.20	52.00
129732	19.20	98.00
129734	10.30	52.00
129737	10.50	52.00
129739	10.50	52.00
129741	10.70	246.00
129744	17.90	52.00
129746	10.60	52.00
129748	10.70	52.00
129750	10.70	52.00
129753	52.60	266.00
129755	10.20	52.00
129757	10.30	52.00
129760	10.30	52.00
129762	10.40	52.00
129764	54.20	276.00
129766	10.60	52.00
129769	10.40	52.00
129771	10.30	52.00
129773	10.40	52.00
129776	55.70	72.00
129778	10.50	52.00
129780	10.60	52.00
129783	10.20	52.00
129785	10.50	52.00
129787	13.50	68.00
129789	10.40	52.00
129792	10.50	52.00
129794	10.20	52.00
129796	10.50	52.00
129799	12.60	56.00
129801	10.40	56.00
129803	10.10	52.00
129805	10.30	52.00
129808	10.20	312.00
129810	10.30	52.00
129812	10.50	52.00
129815	10.20	52.00
129817	10.60	52.00
129819	65.50	330.00
129821	10.40	52.00
129824	10.10	52.00
129826	10.40	52.00
129828	10.20	52.00
129831	65.80	52.00
129833	10.40	52.00
129835	10.10	52.00
129838	10.40	52.00
129840	10.40	52.00
129842	10.50	52.00
129844	10.40	52.00
129847	10.30	52.00
129849	10.50	52.00
129851	10.60	52.00
129854	10.30	52.00
129856	10.60	52.00
129858	10.50	52.00
129860	10.40	52.00
129863	11.00	344.00
129865	10.40	52.00
129867	10.30	52.00
129870	10.50	52.00
129872	10.40	52.00
129874	65.20	330.00
129876	10.50	52.00
129879	10.50	52.00
129881	10.70	56.00
129883	10.30	52.00
129886	67.80	344.00
129888	10.30	52.00
129890	10.50	52.00
129893	10.70	52.00
129895	10.50	58.00
129897	10.30	52.00
129899	10.50	52.00
129902	10.60	52.00
129904	10.50	52.00
129906	12.00	62.00
129909	10.90	56.00
129911	10.60	52.00
129913	10.50	52.00
129915	10.50	52.00
129918	12.30	308.00
129920	10.90	52.00
129922	10.50	52.00
129925	10.70	52.00
129927	10.40	52.00
129929	60.10	304.00
129931	10.70	56.00
129934	10.30	52.00
129936	10.60	52.00
129938	10.40	52.00
129941	56.30	286.00
129943	10.30	52.00
129945	10.50	52.00
129948	10.60	52.00
129950	10.20	82.00
129952	52.20	52.00
129954	10.40	52.00
129957	10.30	52.00
129959	10.30	52.00
129961	17.20	88.00
129964	10.50	52.00
129966	10.80	56.00
129968	10.50	52.00
129970	10.40	52.00
129973	18.70	240.00
129975	10.40	56.00
129977	10.30	52.00
129980	10.60	52.00
129982	10.50	52.00
129984	43.30	220.00
129986	10.40	52.00
129989	10.20	52.00
129991	10.40	52.00
129993	10.20	52.00
129996	42.00	212.00
129998	10.30	52.00
130000	10.40	52.00
130003	10.50	52.00
130005	10.20	118.00
130007	34.40	52.00
130009	10.40	56.00
130012	10.30	52.00
130014	10.40	52.00
130016	30.40	154.00
130019	10.50	52.00
130021	10.20	52.00
130023	10.10	52.00
130025	10.50	52.00
130028	35.10	176.00
130030	10.50	52.00
130032	10.50	50.00
130035	10.40	52.00
130037	11.00	52.00
130039	38.60	112.00
130041	10.20	52.00
130044	10.40	52.00
130046	10.70	56.00
130048	10.60	52.00
130051	20.40	104.00
130053	10.40	52.00
130055	10.00	50.00
130058	10.60	52.00
130060	10.20	52.00
130062	19.00	52.00
130064	10.50	52.00
130067	10.50	52.00
130069	10.50	52.00
130071	49.30	250.00
130074	10.60	52.00
130076	10.40	52.00
130078	10.00	50.00
130080	10.50	52.00
130083	52.50	266.00
130085	10.50	52.00
130087	10.50	52.00
130090	10.70	52.00
130092	10.20	52.00
130094	54.10	78.00
130096	10.40	52.00
130099	10.20	52.00
130101	10.20	52.00
130103	10.20	52.00
130106	14.00	72.00
130108	10.40	52.00
130110	10.40	52.00
130113	10.50	52.00
130115	10.50	52.00
130117	13.10	66.00
130119	10.20	52.00
130122	10.30	52.00
130124	10.50	52.00
130126	10.40	304.00
130129	11.70	52.00
130131	10.30	52.00
130133	10.50	52.00
130135	10.40	52.00
130138	63.30	322.00
130140	10.40	52.00
130142	10.40	52.00
130145	10.60	52.00
130147	10.20	52.00
130149	65.90	52.00
130151	10.50	52.00
130154	10.30	52.00
130156	10.20	52.00
130158	10.00	52.00
130161	10.00	50.00
130163	10.70	56.00
130165	10.10	52.00
130168	10.40	52.00
130170	10.20	52.00
130172	9.90	50.00
130174	10.60	52.00
130177	10.20	52.00
130179	10.50	52.00
130181	10.60	338.00
130184	10.40	52.00
130186	10.40	52.00
130188	10.50	52.00
130190	10.40	52.00
130193	67.30	340.00
130195	10.40	52.00
130197	10.20	52.00
130200	10.40	52.00
130202	10.50	52.00
130204	66.30	334.00
130206	10.40	52.00
130209	10.30	52.00
130211	10.10	56.00
130213	10.60	62.00
130216	65.30	52.00
130218	10.60	52.00
130220	10.50	52.00
130223	10.30	52.00
130225	12.10	62.00
130227	10.70	56.00
130229	10.30	52.00
130232	10.60	52.00
130234	10.50	52.00
130236	12.30	298.00
130239	10.20	52.00
130241	10.40	52.00
130243	10.30	52.00
130245	10.50	52.00
130248	56.70	288.00
130250	10.40	52.00
130252	10.40	52.00
130255	10.20	52.00
130257	10.50	52.00
130259	54.30	276.00
130261	10.60	52.00
130264	10.40	52.00
130266	10.50	56.00
130268	10.60	82.00
130271	50.90	52.00
130273	10.20	56.00
130275	10.60	52.00
130278	10.10	52.00
130280	17.80	88.00
130282	10.50	52.00
130284	10.20	52.00
130287	10.40	52.00
130289	10.20	52.00
130291	18.90	96.00
130294	10.30	52.00
130296	10.50	52.00
130298	10.60	52.00
130300	10.20	52.00
130303	20.80	220.00
130305	10.50	52.00
130307	10.30	52.00
130310	10.00	50.00
130312	10.30	52.00
130314	37.70	190.00
130316	10.40	52.00
130319	10.30	52.00
130321	10.50	52.00
130323	10.30	134.00
130326	32.40	52.00
130328	10.30	52.00
130330	10.60	52.00
130333	10.40	52.00
130335	33.50	170.00
130337	10.50	52.00
130339	10.50	52.00
130342	10.40	52.00
130344	10.20	52.00
130346	37.20	186.00
130349	10.30	52.00
130351	10.60	52.00
130353	10.20	52.00
130355	10.30	52.00
130358	38.20	108.00
130360	10.50	52.00
130362	10.40	52.00
130365	10.60	52.00
130367	10.40	52.00
130369	20.30	102.00
130371	10.50	52.00
130374	10.30	52.00
130376	10.50	52.00
130378	10.30	52.00
130381	18.60	52.00
130383	10.20	52.00
130385	10.50	52.00
130388	10.40	52.00
130390	10.70	256.00
130392	10.60	52.00
130394	10.60	52.00
130397	10.30	52.00
130399	10.40	52.00
130401	53.00	268.00
130404	10.50	52.00
130406	10.40	52.00
130408	10.60	52.00
130410	10.50	52.00
130413	55.50	76.00
130415	10.50	52.00
130417	10.50	52.00
130420	10.60	52.00
130422	10.40	52.00
130424	13.30	68.00
130426	10.30	52.00
130429	10.60	52.00
130431	10.50	52.00
130433	10.40	52.00
130436	12.10	62.00
130438	10.00	50.00
130440	10.80	52.00
130443	10.40	52.00
130445	10.70	312.00
130447	11.10	52.00
130449	10.30	52.00
130452	10.40	52.00
130454	10.20	52.00
130456	64.10	324.00
130459	10.40	52.00
130461	10.20	52.00
130463	10.10	52.00
130465	10.10	52.00
130468	66.20	52.00
130470	10.50	52.00
130472	10.60	52.00
130475	10.50	52.00
130477	10.20	52.00
130479	10.00	50.00
130481	10.60	52.00
130484	10.30	52.00
130486	10.20	52.00
130488	10.40	52.00
130491	10.10	52.00
130493	10.20	52.00
130495	10.40	52.00
130498	10.30	52.00
130500	11.20	344.00
130502	10.10	56.00
130504	10.20	52.00
130507	10.60	52.00
130509	10.50	52.00
130511	66.10	334.00
130514	10.30	52.00
130516	10.40	52.00
130518	10.40	52.00
130520	10.20	52.00
130523	63.50	322.00
130525	10.50	52.00
130527	10.50	56.00
130530	10.40	52.00
130532	10.40	62.00
130534	61.20	52.00
130536	10.30	52.00
130539	10.70	56.00
130541	10.50	52.00
130543	12.20	62.00
130546	10.40	52.00
130548	10.40	52.00
130550	10.50	52.00
130553	10.20	52.00
130555	12.90	66.00
130557	10.40	52.00
130559	10.50	52.00
130562	10.30	52.00
130564	10.40	52.00
130566	53.70	272.00
130569	10.20	52.00
130571	10.40	52.00
130573	10.50	52.00
130575	10.50	52.00
130578	51.00	258.00
130580	10.20	52.00
130582	10.50	52.00
130585	10.20	52.00
130587	10.40	88.00
130589	49.20	52.00
130591	10.30	52.00
130594	10.30	52.00
130596	10.60	52.00
130598	19.00	96.00
130601	10.50	52.00
130603	10.40	52.00
130605	10.30	52.00
130608	10.50	52.00
130610	20.00	102.00
130612	10.40	52.00
130614	10.40	52.00
130617	10.70	52.00
130619	10.40	52.00
130621	21.60	200.00
130624	10.30	52.00
130626	10.30	52.00
130628	10.40	52.00
130630	10.20	52.00
130633	35.00	176.00
130635	10.40	52.00
130637	10.30	52.00
130640	10.20	52.00
130642	10.50	52.00
130644	38.00	52.00
130646	10.50	52.00
130649	10.40	52.00
130651	10.40	52.00
130653	10.60	138.00
130656	10.60	52.00
130658	10.40	52.00
130660	10.40	52.00
130663	10.20	52.00
130665	33.10	168.00
130667	10.30	52.00
130669	10.20	52.00
130672	10.70	52.00
130674	10.10	52.00
130676	38.40	112.00
130679	10.20	52.00
130681	10.40	52.00
130683	10.60	52.00
130685	10.50	52.00
130688	20.90	104.00
130690	10.60	52.00
130692	10.30	52.00
130695	10.30	52.00
130697	10.60	52.00
130699	19.80	102.00
130701	10.60	52.00
130704	10.40	52.00
130706	10.30	52.00
130708	10.50	242.00
130711	17.90	52.00
130713	10.30	52.00
130715	10.40	52.00
130718	10.40	52.00
130720	50.50	256.00
130722	10.50	52.00
130724	10.70	56.00
130727	10.60	52.00
130729	10.30	52.00
130731	53.00	78.00
130734	10.60	52.00
130736	10.50	52.00
130738	10.50	52.00
130740	10.40	52.00
130743	14.30	72.00
130745	10.40	52.00
130747	10.40	52.00
130750	10.20	52.00
130752	10.40	52.00
130754	12.50	62.00
130756	10.50	52.00
130759	10.40	52.00
130761	10.50	56.00
130763	10.50	312.00
130766	11.70	52.00
130768	10.50	52.00
130770	10.20	52.00
130773	10.40	52.00
130775	62.60	318.00
130777	10.30	52.00
130779	10.20	52.00
130782	10.70	56.00
130784	10.60	52.00
130786	65.50	330.00
130789	10.50	52.00
130791	10.50	52.00
130793	10.50	52.00
130795	10.40	52.00
130798	65.80	50.00
130800	10.80	56.00
130802	10.50	52.00
130805	10.40	52.00
130807	10.30	52.00
130809	10.40	52.00
130811	10.30	52.00
130814	10.30	52.00
130816	10.60	52.00
130818	10.60	338.00
130821	10.20	52.00
130823	10.60	52.00
130825	10.50	52.00
130828	10.50	52.00
130830	68.20	344.00
130832	10.30	52.00
130834	10.40	52.00
130837	10.50	52.00
130839	10.40	52.00
130841	66.00	334.00
130844	10.40	52.00
130846	10.10	52.00
130848	10.20	52.00
130850	10.30	58.00
130853	63.10	56.00
130855	10.50	52.00
130857	10.50	52.00
130860	10.80	56.00
130862	12.10	62.00
130864	10.60	52.00
130866	10.50	52.00
130869	10.50	52.00
130871	10.20	52.00
130873	12.60	62.00
130876	10.40	52.00
130878	10.40	52.00
130880	10.30	56.00
130883	10.60	52.00
130885	12.90	278.00
130887	10.30	52.00
130889	10.50	52.00
130892	10.30	52.00
130894	10.00	50.00
130896	54.10	276.00
130899	10.50	52.00
130901	10.80	56.00
130903	10.50	52.00
130905	10.60	82.00
130908	50.70	52.00
130910	10.30	56.00
130912	10.20	52.00
130915	10.20	52.00
130917	18.00	92.00
130919	10.50	52.00
130921	10.20	52.00
130924	10.40	52.00
130926	10.50	52.00
130928	19.60	98.00
130931	10.60	52.00
130933	10.40	52.00
130935	10.10	52.00
130938	10.50	52.00
130940	20.50	222.00
130942	10.50	52.00
130944	10.40	52.00
130947	10.60	52.00
130949	10.20	52.00
130951	37.80	194.00
130954	10.40	52.00
130956	10.50	52.00
130958	10.60	52.00
130960	10.50	52.00
130963	32.80	52.00
130965	10.10	52.00
130967	10.60	52.00
130970	10.10	52.00
130972	10.40	168.00
130974	10.30	52.00
130976	10.50	52.00
130979	10.50	52.00
130981	10.40	52.00
130983	37.20	186.00
130986	10.40	52.00
130988	10.40	52.00
130990	10.40	52.00
130993	10.70	52.00
130995	41.00	108.00
130997	10.50	52.00
130999	10.60	52.00
131002	10.40	52.00
131004	10.60	52.00
131006	20.20	102.00
131009	10.20	52.00
131011	10.70	56.00
131013	10.40	52.00
131015	10.60	52.00
131018	18.30	92.00
131020	10.50	52.00
131022	10.40	52.00
131025	10.30	52.00
131027	10.60	258.00
131029	17.60	52.00
131031	10.30	52.00
131034	10.60	52.00
131036	10.40	52.00
131038	53.40	268.00
131041	10.40	52.00
131043	10.20	52.00
131045	10.40	52.00
131048	10.40	52.00
131050	55.40	278.00
131052	10.10	52.00
131054	10.50	52.00
131057	10.10	52.00
131059	10.40	52.00
131061	13.20	66.00
131064	10.50	52.00
131066	10.50	52.00
131068	10.40	52.00
131070	10.50	52.00
131073	12.70	66.00
131075	10.50	52.00
131077	10.60	52.00
131080	10.40	52.00
131082	10.60	312.00
131084	11.00	52.00
131086	10.40	52.00
131089	10.80	52.00
131091	10.50	52.00
131093	64.60	328.00
131096	10.20	52.00
131098	10.30	52.00
131100	10.40	52.00
131103	10.40	52.00
131105	65.70	330.00
131107	10.50	52.00
131109	10.40	52.00
131112	10.40	52.00
131114	10.40	52.00
131116	66.40	52.00
131119	10.40	52.00
131121	10.40	52.00
131123	10.60	52.00
131125	10.60	52.00
131128	10.30	52.00
131130	10.50	52.00
131132	10.40	52.00
131135	10.40	52.00
131137	11.10	56.00
131139	10.30	56.00
131141	10.40	52.00
131144	10.50	52.00
131146	10.50	52.00
131148	11.40	334.00
131151	10.40	52.00
131153	10.50	52.00
131155	10.20	52.00
131158	10.40	52.00
131160	63.50	322.00
131162	10.40	52.00
131164	10.60	52.00
131167	10.60	52.00
131169	10.60	62.00
131171	60.70	52.00
131174	10.50	52.00
131176	10.20	52.00
131178	10.20	52.00
131180	12.40	62.00
131183	10.20	52.00
131185	10.50	52.00
131187	10.60	52.00
131190	10.40	52.00
131192	13.00	66.00
131194	10.70	56.00
131196	10.60	52.00
131199	10.60	52.00
131201	10.60	52.00
131203	14.30	276.00
131206	10.70	52.00
131208	10.60	52.00
131210	10.60	52.00
131213	10.20	52.00
131215	51.70	262.00
131217	10.20	52.00
131219	10.40	52.00
131222	10.20	52.00
131224	10.20	52.00
131226	49.20	52.00
131229	10.60	52.00
131231	10.30	52.00
131233	10.70	52.00
131235	19.10	96.00
131238	10.60	52.00
131240	10.60	52.00
131242	10.50	52.00
131245	10.70	56.00
131247	20.60	104.00
131249	10.50	52.00
131251	10.70	56.00
131254	10.70	56.00
131256	10.50	52.00
131258	21.70	204.00
131261	10.40	52.00
131263	10.50	52.00
131265	10.50	52.00
131268	10.50	52.00
131270	35.70	180.00
131272	10.50	52.00
131274	10.20	52.00
131277	10.30	52.00
131279	10.70	56.00
131281	29.40	150.00
131284	10.10	52.00
131286	10.20	52.00
131288	10.60	56.00
131290	10.40	176.00
131293	25.40	52.00
131295	10.50	52.00
131297	10.50	52.00
131300	10.10	52.00
131302	36.80	186.00
131304	10.40	52.00
131306	10.60	52.00
131309	10.50	52.00
131311	10.40	52.00
131313	40.80	108.00
131316	10.40	52.00
131318	10.70	52.00
131320	10.40	52.00
131323	10.60	52.00
131325	19.50	98.00
131327	10.60	52.00
131329	10.50	52.00
131332	10.40	52.00
131334	10.50	52.00
131336	18.70	96.00
131339	10.70	56.00
131341	10.50	52.00
131343	10.40	52.00
131345	10.40	256.00
131348	17.00	52.00
131350	10.20	56.00
131352	10.50	52.00
131355	10.70	56.00
131357	53.50	268.00
131359	10.40	52.00
131361	10.40	52.00
131364	10.30	52.00
131366	10.30	52.00
131368	55.30	278.00
131371	10.20	52.00
131373	10.30	52.00
131375	10.30	52.00
131378	10.60	52.00
131380	57.70	68.00
131382	10.50	52.00
131384	10.40	52.00
131387	10.30	52.00
131389	10.60	52.00
131391	11.80	58.00
131394	10.40	52.00
131396	10.20	52.00
131398	10.60	52.00
131400	10.30	322.00
131403	10.90	52.00
131405	10.70	52.00
131407	10.40	52.00
131410	10.40	52.00
131412	64.90	328.00
131414	10.50	52.00
131416	10.20	52.00
131419	10.30	52.00
131421	10.50	52.00
131423	65.60	330.00
131426	10.50	52.00
131428	10.20	52.00
131430	10.60	52.00
131433	10.40	52.00
131435	65.30	52.00
131437	10.50	52.00
131439	10.50	52.00
131442	10.30	52.00
131444	10.30	52.00
131446	10.20	52.00
131449	10.40	52.00
131451	10.50	52.00
131453	10.40	52.00
131455	10.90	56.00
131458	10.50	52.00
131460	10.20	52.00
131462	10.50	52.00
131465	10.20	52.00
131467	11.40	340.00
131469	10.50	52.00
131471	10.40	52.00
131474	10.70	56.00
131476	10.60	52.00
131478	63.00	318.00
131481	10.20	52.00
131483	10.50	52.00
131485	10.40	52.00
131488	10.40	62.00
131490	60.80	52.00
131492	10.40	52.00
131494	10.20	52.00
131497	10.30	52.00
131499	12.70	66.00
131501	10.50	52.00
131504	10.40	52.00
131506	10.30	52.00
131508	10.20	52.00
131510	13.20	66.00
131513	10.20	52.00
131515	10.10	52.00
131517	10.40	52.00
131520	9.80	52.00
131522	15.30	266.00
131524	10.60	52.00
131526	10.60	52.00
131529	10.40	52.00
131531	10.40	52.00
131533	50.60	256.00
131536	10.30	52.00
131538	10.20	52.00
131540	10.30	52.00
131543	10.50	52.00
131545	47.20	56.00
131547	10.70	52.00
131549	10.50	52.00
131552	10.50	52.00
131554	10.60	102.00
131556	10.50	52.00
131559	10.40	52.00
131561	10.40	52.00
131563	10.50	52.00
131565	21.30	108.00
131568	10.50	52.00
131570	10.60	52.00
131572	10.70	56.00
131575	10.30	52.00
131577	24.10	186.00
131579	10.50	52.00
131581	10.50	52.00
131584	10.60	52.00
131586	10.50	52.00
131588	30.50	154.00
131591	10.30	52.00
131593	10.20	52.00
131595	10.50	52.00
131598	10.40	52.00
131600	27.30	138.00
131602	10.50	52.00
131604	10.50	52.00
131607	10.30	52.00
131609	10.60	184.00
131611	22.60	52.00
131614	10.10	52.00
131616	10.30	52.00
131618	10.30	52.00
131620	38.90	196.00
131623	10.70	56.00
131625	10.30	52.00
131627	10.50	52.00
131630	10.40	52.00
131632	42.30	212.00
131634	10.50	52.00
131636	10.20	52.00
131639	10.40	52.00
131641	10.20	52.00
131643	45.60	96.00
131646	10.50	52.00
131648	10.40	52.00
131650	10.60	52.00
131653	10.60	52.00
131655	17.70	88.00
131657	10.40	52.00
131659	10.60	52.00
131662	10.30	52.00
131664	10.50	266.00
131666	17.10	52.00
131669	10.40	52.00
131671	10.30	52.00
131673	10.40	52.00
131675	53.20	268.00
131678	10.00	50.00
131680	10.40	52.00
131682	10.50	52.00
131685	10.20	52.00
131687	56.30	286.00
131689	10.60	52.00
131691	10.70	52.00
131694	10.50	52.00
131696	10.20	52.00
131698	57.90	68.00
131701	10.60	52.00
131703	10.50	52.00
131705	10.40	52.00
131708	10.30	52.00
131710	12.40	62.00
131712	10.50	52.00
131714	10.30	52.00
131717	10.50	52.00
131719	10.60	314.00
131721	10.60	52.00
131724	10.60	52.00
131726	10.30	52.00
131728	10.60	52.00
131730	64.90	328.00
131733	10.40	52.00
131735	10.40	52.00
131737	10.40	52.00
131740	10.40	52.00
131742	65.80	334.00
131744	10.30	52.00
131746	10.30	52.00
131749	10.10	52.00
131751	10.60	52.00
131753	65.50	52.00
131756	10.80	52.00
131758	10.10	52.00
131760	10.50	52.00
131763	10.50	52.00
131765	10.20	52.00
131767	10.50	52.00
131769	10.60	52.00
131772	10.40	52.00
131774	11.00	56.00
131776	10.20	52.00
131779	10.20	52.00
131781	10.20	52.00
131783	10.40	52.00
131785	11.10	338.00
131788	10.60	52.00
131790	10.50	52.00
131792	10.70	56.00
131795	10.30	52.00
131797	66.00	334.00
131799	10.40	52.00
131801	10.20	52.00
131804	10.30	52.00
131806	10.50	52.00
131808	62.10	52.00
131811	10.40	52.00
131813	10.70	52.00
131815	10.40	52.00
131818	10.40	62.00
131820	10.60	52.00
131822	10.40	52.00
131824	10.50	52.00
131827	10.20	52.00
131829	12.70	66.00
131831	10.30	52.00
131834	10.20	52.00
131836	10.60	52.00
131838	10.20	52.00
131840	13.60	282.00
131843	10.20	52.00
131845	10.50	52.00
131847	10.40	52.00
131850	10.30	52.00
131852	52.40	266.00
131854	10.60	52.00
131856	10.30	52.00
131859	10.20	52.00
131861	10.50	52.00
131863	51.10	258.00
131866	10.40	52.00
131868	10.40	52.00
131870	10.20	52.00
131873	10.50	88.00
131875	48.00	56.00
131877	10.60	52.00
131879	10.50	52.00
131882	10.40	52.00
131884	19.30	98.00
131886	10.30	52.00
131889	10.10	52.00
131891	10.40	52.00
131893	10.40	52.00
131895	20.90	220.00
131898	10.50	52.00
131900	10.40	52.00
131902	10.20	52.00
131905	10.20	52.00
131907	40.10	204.00
131909	10.50	52.00
131911	10.30	52.00
131914	10.20	52.00
131916	10.60	52.00
131918	33.10	168.00
131921	10.40	52.00
131923	10.40	52.00
131925	10.40	52.00
131928	10.50	164.00
131930	29.20	50.00
131932	10.70	52.00
131934	10.50	52.00
131937	10.40	52.00
131939	35.80	180.00
131941	10.50	52.00
131944	10.40	52.00
131946	10.80	56.00
131948	10.40	52.00
131950	39.70	200.00
131953	10.20	52.00
131955	10.40	52.00
131957	10.30	56.00
131960	10.60	52.00
131962	43.10	102.00
131964	10.60	52.00
131966	10.40	52.00
131969	10.00	50.00
131971	10.40	52.00
131973	19.20	98.00
131976	10.40	52.00
131978	10.80	56.00
131980	10.50	52.00
131983	10.60	252.00
131985	17.90	52.00
131987	10.50	52.00
131989	10.40	52.00
131992	10.60	52.00
131994	52.50	266.00
131996	10.30	52.00
131999	10.50	52.00
132001	10.20	52.00
132003	10.60	52.00
132005	54.60	276.00
132008	10.40	52.00
132010	10.60	52.00
132012	10.40	52.00
132015	10.50	52.00
132017	56.80	72.00
132019	10.40	52.00
132021	10.40	52.00
132024	10.40	52.00
132026	10.40	52.00
132028	14.40	72.00
132031	10.20	52.00
132033	10.20	52.00
132035	10.30	52.00
132038	10.40	52.00
132040	12.30	52.00
132042	10.20	52.00
132044	10.50	52.00
132047	10.50	52.00
132049	10.20	314.00
132051	10.50	52.00
132054	10.60	52.00
132056	10.50	52.00
132058	10.70	56.00
132060	64.30	324.00
132063	10.60	52.00
132065	10.60	52.00
132067	10.70	56.00
132070	10.60	52.00
132072	65.90	50.00
132074	10.70	52.00
132076	10.10	52.00
132079	10.60	52.00
132081	10.50	52.00
132083	9.90	50.00
132086	10.50	52.00
132088	10.50	52.00
132090	10.40	52.00
132093	10.40	52.00
132095	10.20	52.00
132097	10.10	52.00
132099	10.50	56.00
132102	10.40	52.00
132104	10.60	330.00
132106	10.50	52.00
132109	10.40	52.00
132111	10.60	52.00
132113	10.50	52.00
132115	67.60	340.00
132118	10.00	50.00
132120	10.50	52.00
132122	10.20	52.00
132125	9.90	50.00
132127	68.20	52.00
132129	10.40	52.00
132131	10.20	52.00
132134	10.40	52.00
132136	10.40	58.00
132138	10.50	52.00
132141	10.50	52.00
132143	10.60	52.00
132145	10.60	52.00
132148	12.00	62.00
132150	10.70	56.00
132152	10.20	52.00
132154	10.20	52.00
132157	10.30	56.00
132159	12.20	308.00
132161	10.70	52.00
132164	10.50	52.00
132166	10.40	52.00
132168	10.40	52.00
132170	58.30	294.00
132173	10.20	52.00
132175	10.40	52.00
132177	10.40	52.00
132180	10.30	52.00
132182	56.60	288.00
132184	10.30	52.00
132186	10.50	52.00
132189	10.40	52.00
132191	10.20	82.00
132193	51.80	52.00
132196	10.20	52.00
132198	10.50	52.00
132200	10.40	52.00
132203	17.90	92.00
132205	10.40	52.00
132207	10.60	52.00
132209	10.30	52.00
132212	10.30	52.00
132214	19.70	232.00
132216	10.30	56.00
132219	10.10	52.00
132221	10.60	52.00
132223	10.40	52.00
132225	43.20	220.00
132228	10.50	52.00
132230	10.70	56.00
132232	10.60	52.00
132235	10.20	52.00
132237	37.90	194.00
132239	10.40	52.00
132241	10.20	52.00
132244	10.50	52.00
132246	10.20	134.00
132248	32.70	52.00
132251	10.40	52.00
132253	10.40	52.00
132255	10.10	52.00
132258	34.20	174.00
132260	10.10	52.00
132262	10.50	52.00
132264	10.40	52.00
132267	10.50	52.00
132269	37.10	186.00
132271	10.20	52.00
132274	10.30	52.00
132276	10.50	52.00
132278	10.40	52.00
132280	41.10	104.00
132283	10.20	52.00
132285	10.70	56.00
132287	10.60	52.00
132290	10.40	52.00
132292	19.70	98.00
132294	10.50	52.00
132296	10.50	52.00
132299	10.50	52.00
132301	10.30	52.00
132303	18.20	52.00
132306	10.70	52.00
132308	10.70	52.00
132310	10.20	52.00
132313	10.40	256.00
132315	10.40	52.00
132317	10.60	52.00
132319	10.50	52.00
132322	10.30	52.00
132324	53.10	268.00
132326	10.50	52.00
132329	10.60	52.00
132331	10.60	52.00
132333	10.40	52.00
132335	55.70	72.00
132338	10.40	52.00
132340	10.40	52.00
132342	10.60	52.00
132345	10.40	52.00
132347	13.90	72.00
132349	10.40	52.00
132351	10.50	52.00
132354	10.30	52.00
132356	10.60	52.00
132358	12.00	62.00
132361	10.30	52.00
132363	10.50	52.00
132365	10.10	52.00
132368	10.30	322.00
132370	10.40	52.00
132372	10.50	52.00
132374	10.60	52.00
132377	10.60	52.00
132379	65.50	330.00
132381	10.40	52.00
132384	10.40	52.00
132386	10.40	52.00
132388	10.50	52.00
132390	65.20	50.00
132393	10.20	52.00
132395	10.10	52.00
132397	10.40	52.00
132400	10.30	52.00
132402	10.40	52.00
132404	10.40	52.00
132406	10.10	52.00
132409	10.50	52.00
132411	10.40	52.00
132413	10.20	52.00
132416	10.60	52.00
132418	10.50	52.00
132420	10.40	52.00
132423	11.20	344.00
132425	10.50	56.00
132427	10.40	52.00
132429	10.60	52.00
132432	10.20	52.00
132434	66.80	338.00
132436	10.50	52.00
132439	10.30	52.00
132441	10.50	52.00
132443	10.50	52.00
132445	65.10	330.00
132448	10.50	52.00
132450	10.50	52.00
132452	10.20	52.00
132455	10.40	62.00
132457	61.50	52.00
132459	10.40	52.00
132461	10.20	52.00
132464	10.60	52.00
132466	12.40	62.00
132468	10.50	52.00
132471	10.20	52.00
132473	10.50	52.00
132475	10.50	52.00
132478	12.50	288.00
132480	10.30	52.00
132482	10.60	52.00
132484	10.50	56.00
132487	10.40	52.00
132489	54.30	276.00
132491	10.70	56.00
132494	10.50	52.00
132496	10.30	52.00
132498	10.40	52.00
132500	51.20	258.00
132503	10.50	52.00
132505	10.10	52.00
132507	10.30	52.00
132510	10.60	88.00
132512	49.70	52.00
132514	10.50	52.00
132516	10.40	52.00
132519	10.10	52.00
132521	19.20	98.00
132523	10.20	52.00
132526	10.60	52.00
132528	10.30	52.00
132530	10.50	52.00
132533	20.70	104.00
132535	10.30	52.00
132537	10.60	52.00
132539	10.50	52.00
132542	10.40	52.00
132544	22.30	200.00
132546	10.60	52.00
132549	10.50	52.00
132551	10.30	52.00
132553	10.60	52.00
132555	33.40	170.00
132558	10.50	52.00
132560	10.50	52.00
132562	10.20	52.00
132565	10.30	160.00
132567	28.30	52.00
132569	10.60	52.00
132571	10.30	52.00
132574	10.60	52.00
132576	37.00	186.00
132578	10.60	52.00
132581	10.50	52.00
132583	10.20	52.00
132585	10.50	52.00
132588	38.80	196.00
132590	10.50	52.00
132592	10.40	52.00
132594	10.50	52.00
132597	10.50	52.00
132599	43.20	102.00
132601	10.50	52.00
132604	10.40	52.00
132606	10.60	52.00
132608	10.50	52.00
132610	19.40	98.00
132613	10.30	52.00
132615	10.40	52.00
132617	10.50	52.00
132620	10.20	52.00
132622	17.50	52.00
132624	10.20	52.00
132626	10.40	52.00
132629	10.20	52.00
132631	10.40	266.00
132633	10.40	52.00
132636	10.50	52.00
132638	10.30	52.00
132640	10.70	56.00
132643	53.80	272.00
132645	10.20	52.00
132647	10.50	52.00
132649	10.50	52.00
132652	10.20	52.00
132654	56.20	72.00
132656	10.40	52.00
132659	10.40	52.00
132661	10.60	52.00
132663	10.20	52.00
132665	12.60	66.00
132668	10.20	52.00
132670	10.40	52.00
132672	10.40	52.00
132675	10.50	52.00
132677	12.00	62.00
132679	10.30	52.00
132681	10.50	52.00
132684	10.40	52.00
132686	10.70	318.00
132688	10.30	56.00
132691	10.60	52.00
132693	10.40	52.00
132695	10.40	52.00
132698	66.20	334.00
132700	10.30	52.00
132702	10.70	56.00
132704	10.70	56.00
132707	10.60	52.00
132709	65.20	52.00
132711	10.60	52.00
132714	10.50	52.00
132716	10.50	52.00
132718	10.60	52.00
132720	10.20	52.00
132723	10.40	52.00
132725	10.30	52.00
132727	10.20	52.00
132730	10.50	52.00
132732	10.50	52.00
132734	10.50	52.00
132736	10.30	52.00
132739	10.20	52.00
132741	11.10	344.00
132743	10.50	52.00
132746	10.40	52.00
132748	10.20	52.00
132750	10.40	52.00
132753	65.70	334.00
132755	10.40	52.00
132757	10.40	52.00
132759	10.60	52.00
132762	10.20	52.00
132764	64.40	328.00
132766	10.40	52.00
132769	10.30	52.00
132771	10.50	52.00
132773	10.40	62.00
132775	62.10	52.00
132778	10.20	52.00
132780	10.60	52.00
132782	10.60	52.00
132785	12.10	62.00
132787	10.60	52.00
132789	10.30	52.00
132791	10.50	52.00
132794	10.40	52.00
132796	13.30	68.00
132798	10.30	52.00
132801	10.50	52.00
132803	10.50	52.00
132805	10.50	52.00
132808	53.40	272.00
132810	10.40	52.00
132812	10.10	52.00
132814	10.40	52.00
132817	10.20	52.00
132819	50.60	256.00
132821	10.40	52.00
132824	10.50	52.00
132826	10.70	52.00
132828	10.40	96.00
132830	48.00	52.00
132833	10.40	52.00
132835	10.30	52.00
132837	10.40	52.00
132840	20.10	102.00
132842	10.40	52.00
132844	10.40	52.00
132846	10.20	52.00
132849	10.30	52.00
132851	22.10	112.00
132853	10.40	52.00
132856	10.20	56.00
132858	10.40	52.00
132860	10.40	52.00
132863	25.60	176.00
132865	10.00	52.00
132867	10.40	52.00
132869	10.50	52.00
132872	10.40	52.00
132874	28.60	144.00
132876	10.50	52.00
132879	10.50	52.00
132881	10.30	52.00
132883	10.60	52.00
132885	23.50	56.00
132888	10.40	52.00
132890	10.50	52.00
132892	10.20	52.00
132895	40.40	204.00
132897	10.20	52.00
132899	10.50	52.00
132901	10.30	52.00
132904	10.60	52.00
132906	43.00	216.00
132908	10.50	52.00
132911	10.20	52.00
132913	10.40	52.00
132915	10.30	52.00
132918	46.60	96.00
132920	10.40	52.00
132922	10.30	56.00
132924	10.40	52.00
132927	10.60	52.00
132929	17.70	88.00
132931	10.10	52.00
132934	10.40	52.00
132936	10.30	52.00
132938	10.40	52.00
132940	16.40	82.00
132943	10.60	52.00
132945	10.30	52.00
132947	10.70	52.00
132950	10.50	282.00
132952	14.50	52.00
132954	10.60	52.00
132956	10.50	52.00
132959	10.30	52.00
132961	58.60	294.00
132963	10.60	52.00
132966	10.60	52.00
132968	10.30	52.00
132970	10.60	52.00
132973	60.00	62.00
132975	10.50	52.00
132977	10.70	52.00
132979	10.50	52.00
132982	10.20	52.00
132984	10.50	52.00
132986	10.60	52.00
132989	10.40	52.00
132991	10.40	52.00
132993	10.60	52.00
132995	10.30	52.00
132998	10.50	52.00
133000	10.20	52.00
133002	10.40	52.00
133005	10.50	330.00
133007	10.10	52.00
133009	10.50	52.00
133011	10.30	52.00
133014	10.50	52.00
133016	66.20	334.00
133018	10.40	52.00
133021	10.40	52.00
133023	10.50	52.00
133025	10.50	52.00
133028	65.20	330.00
133030	10.70	56.00
133032	10.20	52.00
133034	10.50	52.00
133037	10.50	56.00
133039	67.20	52.00
133041	10.20	52.00
133044	10.60	52.00
133046	10.50	52.00
133048	11.40	58.00
133050	10.60	52.00
133053	10.40	52.00
133055	10.10	52.00
133057	10.50	52.00
133060	11.70	334.00
133062	10.50	52.00
133064	10.20	52.00
133066	10.50	56.00
133069	10.30	52.00
133071	63.50	322.00
133073	10.40	52.00
133076	10.20	52.00
133078	10.30	52.00
133080	10.20	52.00
133083	60.50	308.00
133085	10.40	52.00
133087	10.60	52.00
133089	10.40	52.00
133092	10.40	66.00
133094	57.80	52.00
133096	10.40	52.00
133099	10.60	52.00
133101	10.50	52.00
133103	14.30	72.00
133105	10.50	52.00
133108	10.50	52.00
133110	10.20	52.00
133112	10.30	52.00
133115	15.60	78.00
133117	10.20	56.00
133119	10.60	52.00
133121	10.40	52.00
133124	10.60	52.00
133126	17.00	256.00
133128	10.10	52.00
133131	10.30	52.00
133133	10.60	52.00
133135	10.30	52.00
133138	48.50	246.00
133140	10.40	52.00
133142	10.50	52.00
133144	10.20	52.00
133147	10.20	98.00
133149	45.90	52.00
133151	10.20	52.00
133154	10.40	52.00
133156	10.40	52.00
133158	20.20	102.00
133160	10.40	52.00
133163	10.40	52.00
133165	10.40	52.00
133167	10.50	52.00
133170	22.60	114.00
133172	10.40	52.00
133174	10.40	52.00
133176	10.50	52.00
133179	10.50	52.00
133181	28.00	164.00
133183	10.40	52.00
133186	10.40	52.00
133188	10.40	52.00
133190	10.30	52.00
133193	25.90	132.00
133195	10.60	52.00
133197	10.20	52.00
133199	10.50	52.00
133202	10.40	52.00
133204	23.10	52.00
133206	10.50	52.00
133209	10.10	52.00
133211	10.60	52.00
133213	10.20	206.00
133215	10.60	52.00
133218	10.50	52.00
133220	10.20	52.00
133222	10.50	52.00
133225	43.20	216.00
133227	10.60	52.00
133229	10.40	52.00
133231	10.50	52.00
133234	10.10	52.00
133236	46.50	98.00
133238	10.40	52.00
133241	10.30	52.00
133243	10.60	52.00
133245	10.50	52.00
133248	17.50	88.00
133250	10.60	52.00
133252	10.50	52.00
133254	10.60	52.00
133257	10.60	52.00
133259	16.30	82.00
133261	10.40	52.00
133264	10.60	52.00
133266	10.20	52.00
133268	10.20	276.00
133270	15.70	52.00
133273	10.60	52.00
133275	10.40	52.00
133277	10.60	52.00
133280	55.80	282.00
133282	10.50	52.00
133284	10.10	52.00
133286	10.40	52.00
133289	10.50	52.00
133291	58.30	294.00
133293	10.40	52.00
133296	10.30	52.00
133298	10.40	52.00
133300	10.40	52.00
133303	11.60	58.00
133305	10.60	52.00
133307	10.40	52.00
133309	10.50	52.00
133312	10.20	52.00
133314	10.40	52.00
133316	10.70	56.00
133319	10.50	52.00
133321	10.60	52.00
133323	10.50	334.00
133325	10.40	52.00
133328	10.40	52.00
133330	10.70	52.00
133332	10.50	52.00
133335	66.50	338.00
133337	10.40	52.00
133339	10.40	52.00
133341	10.50	52.00
133344	10.60	52.00
133346	65.50	330.00
133348	10.50	52.00
133351	10.30	56.00
133353	10.20	52.00
133355	10.60	56.00
133358	66.90	52.00
133360	10.60	52.00
133362	10.30	52.00
133364	10.50	52.00
133367	11.20	56.00
133369	10.30	52.00
133371	10.40	52.00
133374	10.30	52.00
133376	10.30	52.00
133378	11.60	330.00
133380	10.50	52.00
133383	10.10	52.00
133385	10.50	52.00
133387	10.60	52.00
133390	63.80	324.00
133392	10.40	52.00
133394	10.50	52.00
133396	10.60	52.00
133399	10.30	52.00
133401	61.50	312.00
133403	10.30	52.00
133406	10.60	52.00
133408	10.80	52.00
133410	10.40	62.00
133413	58.60	78.00
133415	18.80	52.00
133417	10.30	52.00
133419	10.70	56.00
133422	12.80	66.00
133424	10.70	56.00
133426	10.50	52.00
133429	10.40	52.00
133431	10.50	52.00
133433	14.40	72.00
133435	10.40	52.00
133438	10.40	52.00
133440	10.50	52.00
133442	10.40	52.00
133445	15.80	262.00
133447	10.60	52.00
133449	10.60	52.00
133451	10.40	52.00
133454	10.50	52.00
133456	50.60	256.00
133458	10.10	52.00
133461	10.60	52.00
133463	10.50	52.00
133465	10.30	52.00
133468	47.50	52.00
133470	10.40	52.00
133472	10.20	52.00
133474	10.40	52.00
133477	20.10	102.00
133479	10.70	56.00
133481	10.70	56.00
133484	10.20	52.00
133486	10.60	52.00
133488	21.60	108.00
133490	10.40	52.00
133493	10.20	52.00
133495	10.70	52.00
133497	10.40	52.00
133500	25.10	184.00
133502	10.60	52.00
133504	10.40	52.00
133506	10.60	52.00
133509	10.40	52.00
133511	30.50	154.00
133513	10.50	52.00
133516	10.20	52.00
133518	10.20	52.00
133520	10.20	52.00
133523	23.70	122.00
133525	10.50	56.00
133527	10.60	52.00
133529	10.40	52.00
133532	10.60	196.00
133534	22.30	52.00
133536	10.60	52.00
133539	10.60	52.00
133541	10.40	52.00
133543	42.00	212.00
133545	10.40	52.00
133548	10.50	52.00
133550	10.30	52.00
133552	10.30	52.00
133555	45.50	98.00
133557	10.50	52.00
133559	10.50	52.00
133561	10.30	52.00
133564	10.20	52.00
133566	17.90	92.00
133568	10.50	52.00
133571	10.30	52.00
133573	10.40	52.00
133575	10.40	52.00
133578	16.70	86.00
133580	10.70	56.00
133582	10.70	56.00
133584	10.40	52.00
133587	10.50	276.00
133589	15.00	52.00
133591	10.40	52.00
133594	10.40	52.00
133596	10.30	52.00
133598	56.90	288.00
133600	10.40	52.00
133603	10.50	52.00
133605	10.20	52.00
133607	10.40	52.00
133610	59.20	298.00
133612	10.50	52.00
133614	10.30	52.00
133616	10.50	52.00
133619	10.60	52.00
133621	61.80	58.00
133623	10.20	52.00
133626	10.60	52.00
133628	10.20	52.00
133630	10.50	52.00
133633	10.70	56.00
133635	10.50	52.00
133637	10.40	52.00
133639	10.50	52.00
133642	10.50	330.00
133644	10.00	56.00
133646	10.50	52.00
133649	10.70	52.00
133651	10.40	52.00
133653	65.90	334.00
133655	10.60	52.00
133658	10.80	56.00
133660	10.60	52.00
133662	10.60	52.00
133665	65.50	330.00
133667	10.50	52.00
133669	10.60	52.00
133671	10.60	52.00
133674	10.30	52.00
133676	66.30	52.00
133678	10.60	52.00
133681	10.40	52.00
133683	10.70	56.00
133685	11.00	56.00
133688	10.60	52.00
133690	10.60	52.00
133692	10.40	52.00
133694	10.40	52.00
133697	11.60	58.00
133699	10.70	52.00
133701	10.20	52.00
133704	10.20	52.00
133706	10.20	52.00
133708	11.90	322.00
133710	10.50	52.00
133713	10.30	52.00
133715	10.40	52.00
133717	10.50	52.00
133720	62.20	314.00
133722	10.40	52.00
133724	10.50	52.00
133726	10.50	52.00
133729	10.30	62.00
133731	59.10	52.00
133733	10.40	52.00
133736	10.60	52.00
133738	10.50	52.00
133740	12.80	66.00
133743	10.20	52.00
133745	10.50	52.00
133747	10.20	52.00
133749	10.20	52.00
133752	14.80	76.00
133754	10.40	52.00
133756	10.10	52.00
133759	10.30	52.00
133761	10.60	52.00
133763	16.00	262.00
133765	10.60	52.00
133768	10.60	52.00
133770	10.40	52.00
133772	10.60	52.00
133775	48.40	246.00
133777	10.40	52.00
133779	10.30	52.00
133781	10.30	52.00
133784	10.60	52.00
133786	46.90	240.00
133788	10.30	52.00
133791	10.60	52.00
133793	10.50	52.00
133795	10.50	104.00
133798	10.50	52.00
133800	10.70	56.00
133802	10.40	52.00
133804	10.50	52.00
133807	21.90	112.00
133809	10.20	52.00
133811	10.40	52.00
133814	10.50	52.00
133816	10.20	52.00
133818	26.90	216.00
133820	10.40	52.00
133823	10.70	52.00
133825	10.60	52.00
133827	10.50	52.00
133830	28.50	144.00
133832	10.40	52.00
133834	10.50	52.00
133836	10.50	52.00
133839	10.40	52.00
133841	35.10	176.00
133843	10.30	52.00
133846	10.20	52.00
133848	10.10	52.00
133850	10.30	186.00
133853	21.80	52.00
133855	10.40	52.00
133857	10.20	52.00
133859	10.50	52.00
133862	39.40	200.00
133864	10.10	52.00
133866	10.30	52.00
133869	10.40	52.00
133871	10.20	52.00
133873	43.60	98.00
133875	10.40	52.00
133878	10.50	52.00
133880	10.50	52.00
133882	10.30	52.00
133885	20.60	104.00
133887	10.60	52.00
133889	10.40	52.00
133891	10.60	52.00
133894	10.30	52.00
133896	16.50	86.00
133898	10.70	56.00
133901	10.50	52.00
133903	10.40	52.00
133905	10.50	268.00
133908	18.10	56.00
133910	10.20	52.00
133912	10.50	52.00
133914	10.50	52.00
133917	55.10	278.00
133919	10.60	52.00
133921	10.40	52.00
133924	10.30	52.00
133926	10.30	52.00
133928	57.60	292.00
133930	10.70	56.00
133933	10.60	52.00
133935	10.40	52.00
133937	10.70	52.00
133940	60.00	56.00
133942	10.50	52.00
133944	10.60	52.00
133946	10.00	50.00
133949	10.20	52.00
133951	13.20	66.00
133953	10.60	52.00
133956	10.30	52.00
133958	10.70	56.00
133960	10.20	52.00
133963	10.20	52.00
133965	10.40	52.00
133967	10.60	52.00
133969	10.50	52.00
133972	69.40	350.00
133974	10.30	52.00
133976	10.40	52.00
133979	10.60	52.00
133981	10.40	52.00
133983	64.50	328.00
133985	10.40	52.00
133988	10.50	52.00
133990	10.50	52.00
133992	10.20	52.00
133995	65.80	52.00
133997	10.40	52.00
133999	10.30	52.00
134001	10.40	52.00
134004	10.90	56.00
134006	10.50	52.00
134008	10.40	52.00
134011	10.40	52.00
134013	10.40	52.00
134015	11.30	56.00
134018	10.20	52.00
134020	10.40	56.00
134022	10.50	52.00
134024	10.60	52.00
134027	11.70	324.00
134029	10.70	52.00
134031	10.50	52.00
134034	10.40	52.00
134036	10.40	52.00
134038	62.70	318.00
134040	10.40	52.00
134043	10.20	52.00
134045	10.50	52.00
134047	10.70	56.00
134050	59.50	52.00
134052	10.60	52.00
134054	10.20	50.00
134056	10.50	56.00
134059	10.30	66.00
134061	10.40	52.00
134063	10.60	52.00
134066	10.40	52.00
134068	10.30	52.00
134070	14.70	76.00
134073	10.40	52.00
134075	10.60	52.00
134077	10.30	52.00
134079	10.50	52.00
134082	16.20	266.00
134084	10.30	52.00
134086	10.30	52.00
134089	10.80	56.00
134091	10.50	52.00
134093	49.10	250.00
134095	10.40	52.00
134098	10.20	52.00
134100	10.40	52.00
134102	10.30	52.00
134105	47.70	242.00
134107	10.60	52.00
134109	10.30	52.00
134111	10.40	52.00
134114	10.40	102.00
134116	43.50	52.00
134118	10.60	52.00
134121	10.30	52.00
134123	10.40	52.00
134125	21.60	108.00
134128	10.70	56.00
134130	10.20	52.00
134132	10.40	52.00
134134	10.30	52.00
134137	24.80	180.00
134139	10.40	52.00
134141	10.40	52.00
134144	10.60	52.00
134146	10.50	52.00
134148	31.00	158.00
134150	10.60	52.00
134153	10.40	52.00
134155	10.50	52.00
134157	10.40	52.00
134160	24.30	124.00
134162	10.40	52.00
134164	10.40	52.00
134166	10.60	52.00
134169	10.30	190.00
134171	22.50	52.00
134173	10.20	52.00
134176	10.40	52.00
134178	10.40	52.00
134180	41.00	206.00
134183	10.50	52.00
134185	10.30	52.00
134187	10.40	52.00
134189	10.40	52.00
134192	44.90	226.00
134194	10.10	52.00
134196	10.30	52.00
134199	10.50	52.00
134201	10.60	52.00
134203	48.30	92.00
134205	10.50	52.00
134208	10.60	52.00
134210	10.40	52.00
134212	10.30	52.00
134215	17.80	92.00
134217	10.40	52.00
134219	10.70	56.00
134221	10.20	52.00
134224	10.60	266.00
134226	16.40	52.00
134228	10.30	52.00
134231	10.70	52.00
134233	10.50	52.00
134235	54.70	276.00
134238	10.10	52.00
134240	10.50	52.00
134242	10.20	52.00
134244	10.40	52.00
134247	55.90	282.00
134249	10.50	52.00
134251	10.40	52.00
134254	10.40	52.00
134256	10.40	52.00
134258	58.10	68.00
134260	10.60	52.00
134263	10.40	52.00
134265	10.50	52.00
134267	10.10	52.00
134270	11.80	58.00
134272	10.10	52.00
134274	10.40	52.00
134276	10.40	52.00
134279	10.10	52.00
134281	11.10	52.00
134283	10.60	52.00
134286	10.10	52.00
134288	10.60	52.00
134290	10.60	328.00
134293	10.40	52.00
134295	10.40	52.00
134297	10.50	52.00
134299	10.50	52.00
134302	66.60	338.00
134304	10.40	52.00
134306	10.50	52.00
134309	10.40	52.00
134311	10.40	52.00
134313	65.40	52.00
134315	10.40	52.00
134318	10.40	56.00
134320	10.40	52.00
134322	10.20	52.00
134325	10.30	52.00
134327	10.40	52.00
134329	10.50	52.00
134331	10.50	52.00
134334	10.70	56.00
134336	10.10	52.00
134338	10.40	52.00
134341	10.50	52.00
134343	10.30	52.00
134345	11.30	344.00
134348	10.70	52.00
134350	10.40	52.00
134352	10.70	56.00
134354	10.40	52.00
134357	65.10	330.00
134359	10.50	52.00
134361	10.40	52.00
134364	10.80	56.00
134366	10.60	52.00
134368	63.80	52.00
134370	10.30	52.00
134373	10.60	52.00
134375	10.40	52.00
134377	10.30	62.00
134380	10.70	56.00
134382	10.40	52.00
134384	10.40	52.00
134386	10.40	52.00
134389	12.60	62.00
134391	10.50	52.00
134393	10.70	56.00
134396	10.60	52.00
134398	10.60	52.00
134400	13.50	278.00
134403	10.20	56.00
134405	10.40	52.00
134407	10.40	52.00
134409	10.20	52.00
134412	54.20	276.00
134414	10.40	52.00
134416	10.50	52.00
134419	10.70	56.00
134421	10.40	52.00
134423	51.30	258.00
134425	10.50	52.00
134428	10.40	52.00
134430	10.50	52.00
134432	10.30	92.00
134435	49.30	52.00
134437	10.40	52.00
134439	10.10	52.00
134441	10.60	52.00
134444	19.00	96.00
134446	10.40	52.00
134448	10.60	52.00
134451	10.40	52.00
134453	10.60	52.00
134455	20.60	104.00
134458	10.40	52.00
134460	10.30	56.00
134462	10.50	52.00
134464	10.50	52.00
134467	37.90	194.00
134469	10.30	52.00
134471	10.40	52.00
134474	10.50	52.00
134476	10.50	52.00
134478	42.20	212.00
134480	10.50	52.00
134483	10.10	52.00
134485	10.30	52.00
134487	10.70	128.00
134490	35.30	52.00
134492	10.10	52.00
134494	10.60	52.00
134496	10.10	52.00
134499	29.20	148.00
134501	10.20	52.00
134503	10.40	52.00
134506	10.40	52.00
134508	10.50	52.00
134510	33.80	170.00
134513	10.60	52.00
134515	10.50	52.00
134517	10.50	52.00
134519	10.40	52.00
134522	36.40	122.00
134524	10.20	52.00
134526	10.50	52.00
134529	10.50	52.00
134531	10.20	52.00
134533	21.70	112.00
134535	10.40	52.00
134538	10.50	52.00
134540	10.20	52.00
134542	10.30	52.00
134545	20.00	52.00
134547	10.60	52.00
134549	10.60	52.00
134551	10.10	52.00
134554	10.50	236.00
134556	10.20	52.00
134558	10.50	52.00
134561	10.50	52.00
134563	10.50	52.00
134565	51.60	258.00
134568	10.40	52.00
134570	10.50	52.00
134572	10.50	52.00
134574	10.50	52.00
134577	53.50	78.00
134579	10.40	52.00
134581	10.40	56.00
134584	10.30	52.00
134586	10.20	52.00
134588	14.90	76.00
134590	10.40	52.00
134593	10.50	52.00
134595	10.40	52.00
134597	10.40	52.00
134600	13.20	66.00
134602	10.30	52.00
134604	10.50	52.00
134606	10.60	52.00
134609	10.30	302.00
134611	12.40	52.00
134613	10.50	52.00
134616	10.60	52.00
134618	10.50	52.00
134620	62.10	314.00
134623	10.70	56.00
134625	10.60	52.00
134627	10.50	52.00
134629	10.40	52.00
134632	65.30	52.00
134634	10.20	52.00
134636	10.70	52.00
134639	10.50	52.00
134641	10.40	52.00
134643	9.90	50.00
134645	10.40	52.00
134648	10.20	52.00
134650	10.60	52.00
134652	10.20	52.00
134655	10.10	52.00
134657	10.40	52.00
134659	10.40	52.00
134661	10.40	52.00
134664	10.40	330.00
134666	10.40	52.00
134668	10.40	52.00
134671	10.40	52.00
134673	10.50	52.00
134675	67.00	340.00
134678	10.50	52.00
134680	10.50	52.00
134682	10.10	52.00
134684	10.40	52.00
134687	66.80	338.00
134689	10.60	52.00
134691	10.40	52.00
134694	10.20	52.00
134696	10.40	58.00
134698	66.50	52.00
134700	10.40	52.00
134703	10.70	56.00
134705	10.50	52.00
134707	12.00	62.00
134710	10.60	52.00
134712	10.40	52.00
134714	10.20	52.00
134716	10.50	52.00
134719	12.30	308.00
134721	10.40	52.00
134723	10.30	52.00
134726	10.20	52.00
134728	10.30	52.00
134730	58.00	294.00
134733	10.50	52.00
134735	10.20	52.00
134737	10.50	52.00
134739	10.60	52.00
134742	59.90	304.00
134744	10.20	52.00
134746	10.40	52.00
134749	10.60	52.00
134751	10.20	66.00
134753	56.30	52.00
134755	10.50	52.00
134758	10.50	52.00
134760	10.40	52.00
134762	14.20	72.00
134765	10.50	52.00
134767	10.00	50.00
134769	10.30	52.00
134771	10.40	52.00
134774	16.10	82.00
134776	10.10	52.00
134778	10.40	52.00
134781	10.60	52.00
134783	10.40	52.00
134785	18.40	250.00
134788	10.70	56.00
134790	10.40	52.00
134792	10.10	52.00
134794	10.30	52.00
134797	45.00	230.00
134799	10.40	52.00
134801	10.20	52.00
134804	10.20	52.00
134806	10.30	104.00
134808	44.00	52.00
134810	10.30	52.00
134813	10.40	52.00
134815	10.40	52.00
134817	23.10	118.00
134820	10.40	52.00
134822	10.60	52.00
134824	10.20	52.00
134826	10.40	52.00
134829	28.80	144.00
134831	10.40	52.00
134833	10.30	52.00
134836	10.40	52.00
134838	10.50	56.00
134840	33.30	134.00
134843	10.40	52.00
134845	10.40	52.00
134847	10.60	52.00
134849	10.50	52.00
134852	22.50	114.00
134854	10.40	52.00
134856	10.30	52.00
134859	10.60	52.00
134861	10.50	52.00
134863	21.50	52.00
134865	10.20	52.00
134868	10.40	52.00
134870	10.20	52.00
134872	10.40	222.00
134875	10.20	52.00
134877	10.30	52.00
134879	10.30	52.00
134881	10.40	52.00
134884	48.10	242.00
134886	10.60	52.00
134888	10.30	52.00
134891	10.30	52.00
134893	10.40	52.00
134895	51.90	86.00
134898	10.20	52.00
134900	10.40	52.00
134902	10.50	52.00
134904	10.50	52.00
134907	16.20	82.00
134909	10.40	52.00
134911	10.20	52.00
134914	10.50	52.00
134916	10.40	52.00
134918	14.40	72.00
134920	10.60	52.00
134923	10.50	52.00
134925	10.20	52.00
134927	10.50	298.00
134930	13.10	52.00
134932	10.50	52.00
134934	10.30	52.00
134936	10.50	52.00
134939	60.70	308.00
134941	10.50	52.00
134943	10.40	52.00
134946	10.30	52.00
134948	10.70	56.00
134950	63.40	322.00
134953	10.10	52.00
134955	10.40	52.00
134957	10.40	52.00
134959	10.20	52.00
134962	10.00	50.00
134964	10.90	56.00
134966	10.40	52.00
134969	10.60	52.00
134971	10.50	52.00
134973	9.90	50.00
134975	10.50	52.00
134978	10.40	52.00
134980	10.30	52.00
134982	10.50	334.00
134985	10.20	52.00
134987	10.40	52.00
134989	10.60	52.00
134991	10.50	52.00
134994	66.60	338.00
134996	10.50	52.00
134998	10.40	52.00
135001	10.60	52.00
135003	10.40	52.00
135005	67.70	344.00
135008	10.50	52.00
135010	10.20	52.00
135012	10.50	52.00
135014	10.40	58.00
135017	66.90	52.00
135019	10.10	52.00
135021	10.50	52.00
135024	10.40	52.00
135026	12.10	62.00
135028	10.50	52.00
135030	10.60	52.00
135033	10.40	52.00
135035	10.10	52.00
135037	12.30	62.00
135040	10.40	52.00
135042	10.40	52.00
135044	10.60	52.00
135046	10.50	52.00
135049	12.50	294.00
135051	10.40	52.00
135053	10.50	52.00
135056	10.50	52.00
135058	10.50	52.00
135060	56.20	286.00
135063	10.50	52.00
135065	10.40	52.00
135067	10.50	52.00
135069	10.40	78.00
135072	52.90	52.00
135074	10.50	52.00
135076	10.60	52.00
135079	10.40	52.00
135081	17.10	86.00
135083	10.50	52.00
135085	10.60	52.00
135088	10.40	52.00
135090	10.40	52.00
135092	18.60	96.00
135095	10.60	52.00
135097	10.50	52.00
135099	10.40	50.00
135101	10.30	52.00
135104	20.50	226.00
135106	10.50	52.00
135108	10.20	52.00
135111	10.40	52.00
135113	10.50	52.00
135115	41.20	210.00
135118	10.30	52.00
135120	10.30	52.00
135122	10.80	56.00
135124	10.40	52.00
135127	35.90	52.00
135129	10.50	56.00
135131	10.80	52.00
135134	10.40	52.00
135136	30.70	154.00
135138	10.40	52.00
135140	10.20	52.00
135143	10.50	52.00
135145	10.40	52.00
135147	36.10	184.00
135150	10.40	52.00
135152	10.50	52.00
135154	10.30	52.00
135156	10.40	52.00
135159	37.80	112.00
135161	10.40	52.00
135163	10.60	52.00
135166	10.40	52.00
135168	10.50	52.00
135170	21.60	108.00
135173	10.50	52.00
135175	10.50	52.00
135177	10.50	52.00
135179	10.10	52.00
135182	19.10	98.00
135184	10.50	52.00
135186	10.50	52.00
135189	10.40	52.00
135191	10.50	246.00
135193	17.90	52.00
135195	10.60	52.00
135198	10.40	52.00
135200	10.60	52.00
135202	51.30	258.00
135205	10.50	52.00
135207	10.40	52.00
135209	10.40	52.00
135211	10.40	52.00
135214	53.60	82.00
135216	10.60	52.00
135218	10.40	52.00
135221	10.40	52.00
135223	10.50	52.00
135225	14.90	76.00
135228	10.50	52.00
135230	10.60	52.00
135232	10.50	52.00
135234	10.20	52.00
135237	13.50	68.00
135239	10.20	52.00
135241	10.30	52.00
135244	10.50	52.00
135246	10.60	304.00
135248	12.20	52.00
135250	10.30	52.00
135253	10.40	52.00
135255	10.40	52.00
135257	62.70	318.00
135260	10.60	52.00
135262	10.20	52.00
135264	10.40	52.00
135266	10.60	52.00
135269	64.40	324.00
135271	10.60	52.00
135273	10.80	52.00
135276	10.20	52.00
135278	10.60	52.00
135280	65.70	52.00
135283	10.40	52.00
135285	10.40	52.00
135287	10.50	52.00
135289	10.60	52.00
135292	10.00	50.00
135294	10.30	52.00
135296	10.20	52.00
135299	10.50	52.00
135301	10.50	338.00
135303	10.40	52.00
135305	10.50	52.00
135308	10.40	52.00
135310	10.20	52.00
135312	67.50	340.00
135315	10.40	52.00
135317	10.70	56.00
135319	10.20	52.00
135321	10.40	52.00
135324	67.80	344.00
135326	10.40	52.00
135328	10.10	52.00
135331	10.40	52.00
135333	10.50	62.00
135335	64.60	52.00
135338	10.40	52.00
135340	10.40	52.00
135342	10.50	52.00
135344	12.10	62.00
135347	10.70	56.00
135349	10.60	52.00
135351	10.50	52.00
135354	10.40	52.00
135356	12.20	62.00
135358	10.40	52.00
135360	10.40	52.00
135363	10.40	52.00
135365	10.30	52.00
135367	12.70	292.00
135370	10.10	52.00
135372	10.50	52.00
135374	10.50	52.00
135376	10.20	52.00
135379	54.60	276.00
135381	10.40	52.00
135383	10.20	52.00
135386	10.50	52.00
135388	10.40	82.00
135390	52.20	52.00
135393	10.20	52.00
135395	10.20	52.00
135397	10.10	52.00
135399	17.40	88.00
135402	10.40	52.00
135404	10.40	52.00
135406	10.60	52.00
135409	10.40	52.00
135411	19.60	98.00
135413	10.40	52.00
135415	10.40	52.00
135418	10.40	52.00
135420	10.10	52.00
135422	21.60	216.00
135425	10.40	52.00
135427	10.30	52.00
135429	10.10	52.00
135431	10.50	52.00
135434	38.10	194.00
135436	10.30	52.00
135438	10.60	52.00
135441	10.50	52.00
135443	10.60	52.00
135445	31.30	52.00
135448	10.30	52.00
135450	10.30	52.00
135452	10.20	52.00
135454	10.50	176.00
135457	10.60	52.00
135459	10.50	52.00
135461	10.20	52.00
135464	10.50	52.00
135466	37.60	190.00
135468	10.30	52.00
135470	10.60	52.00
135473	10.40	52.00
135475	10.50	52.00
135477	41.00	108.00
135480	10.60	52.00
135482	10.20	52.00
135484	10.30	52.00
135486	10.40	52.00
135489	19.50	98.00
135491	10.60	52.00
135493	10.50	52.00
135496	10.60	52.00
135498	10.20	52.00
135500	18.80	96.00
135503	10.20	52.00
135505	10.40	52.00
135507	10.50	56.00
135509	10.40	262.00
135512	17.00	52.00
135514	10.40	52.00
135516	10.60	52.00
135519	10.20	52.00
135521	54.60	276.00
135523	10.10	52.00
135525	10.20	52.00
135528	10.30	52.00
135530	10.40	52.00
135532	56.20	286.00
135535	10.60	52.00
135537	10.40	52.00
135539	10.50	52.00
135541	10.40	52.00
135544	58.90	66.00
135546	10.40	52.00
135548	10.50	52.00
135551	10.30	52.00
135553	10.40	52.00
135555	11.80	58.00
135558	10.40	52.00
135560	10.50	52.00
135562	10.50	52.00
135564	10.60	322.00
135567	10.70	52.00
135569	10.60	56.00
135571	10.20	52.00
135574	10.10	52.00
135576	65.50	330.00
135578	10.60	52.00
135580	10.50	52.00
135583	10.50	52.00
135585	10.50	52.00
135587	65.40	330.00
135590	10.60	52.00
135592	10.30	52.00
135594	10.40	52.00
135596	10.50	52.00
135599	64.90	52.00
135601	10.40	52.00
135603	10.20	52.00
135606	10.60	52.00
135608	10.50	52.00
135610	10.50	52.00
135613	10.40	52.00
135615	10.10	52.00
135617	10.10	52.00
135619	11.00	56.00
135622	10.40	52.00
135624	10.40	52.00
135626	10.60	52.00
135629	10.30	52.00
135631	67.00	340.00
135633	10.40	52.00
135635	10.60	52.00
135638	10.50	52.00
135640	10.50	52.00
135642	63.70	324.00
135645	10.30	52.00
135647	10.50	52.00
135649	10.20	52.00
135651	10.50	62.00
135654	61.10	52.00
135656	10.20	52.00
135658	10.50	52.00
135661	10.40	52.00
135663	12.50	62.00
135665	10.60	52.00
135668	10.60	52.00
135670	10.40	52.00
135672	10.30	52.00
135674	14.30	72.00
135677	10.20	52.00
135679	10.50	52.00
135681	10.40	56.00
135684	10.50	52.00
135686	15.60	266.00
135688	10.40	52.00
135690	10.40	52.00
135693	10.60	52.00
135695	10.50	52.00
135697	50.30	256.00
135700	10.30	52.00
135702	10.40	52.00
135704	10.40	52.00
135706	10.60	52.00
135709	47.20	56.00
135711	10.20	52.00
135713	10.30	52.00
135716	10.50	52.00
135718	10.50	102.00
135720	10.30	52.00
135723	10.50	52.00
135725	10.40	52.00
135727	10.60	52.00
135729	21.60	108.00
135732	10.40	52.00
135734	10.70	56.00
135736	10.30	52.00
135739	10.60	52.00
135741	25.40	186.00
135743	10.40	52.00
135745	10.30	52.00
135748	10.40	52.00
135750	10.70	56.00
135752	28.00	140.00
135755	10.50	52.00
135757	10.50	52.00
135759	10.40	52.00
135761	10.40	52.00
135764	24.30	124.00
135766	10.60	52.00
135768	10.50	52.00
135771	10.30	52.00
135773	10.20	194.00
135775	22.20	52.00
135778	10.50	52.00
135780	10.20	52.00
135782	10.70	56.00
135784	42.70	216.00
135787	10.60	52.00
135789	10.50	52.00
135791	10.20	52.00
135794	10.70	56.00
135796	45.30	98.00
135798	10.70	52.00
135800	10.50	52.00
135803	10.20	52.00
135805	10.50	52.00
135807	18.00	92.00
135810	10.20	52.00
135812	10.50	52.00
135814	10.40	52.00
135816	10.30	52.00
135819	16.70	86.00
135821	10.40	52.00
135823	10.30	52.00
135826	10.50	52.00
135828	10.20	276.00
135830	15.90	52.00
135833	10.40	52.00
135835	10.40	52.00
135837	10.30	52.00
135839	56.70	286.00
135842	10.20	52.00
135844	10.50	52.00
135846	10.20	52.00
135849	10.50	52.00
135851	59.60	302.00
135853	10.40	52.00
135855	10.20	52.00
135858	10.50	52.00
135860	10.30	52.00
135862	61.50	56.00
135865	10.40	52.00
135867	10.40	52.00
135869	10.50	52.00
135871	10.60	52.00
135874	10.40	52.00
135876	10.20	52.00
135878	10.60	52.00
135881	10.40	52.00
135883	10.40	330.00
135885	10.20	52.00
135888	10.70	52.00
135890	10.70	52.00
135892	10.20	56.00
135894	65.90	334.00
135897	10.40	52.00
135899	10.60	52.00
135901	10.60	52.00
135904	10.40	52.00
135906	66.30	334.00
135908	10.40	52.00
135910	10.40	52.00
135913	10.40	52.00
135915	10.50	58.00
135917	67.80	52.00
135920	10.40	52.00
135922	10.40	52.00
135924	10.40	52.00
135926	11.50	58.00
135929	10.60	52.00
135931	10.20	52.00
135933	10.50	52.00
135936	10.40	52.00
135938	12.10	62.00
135940	10.70	52.00
135943	10.50	52.00
135945	10.40	52.00
135947	10.80	52.00
135949	12.30	302.00
135952	10.40	52.00
135954	10.70	56.00
135956	10.50	52.00
135959	10.60	52.00
135961	57.70	292.00
135963	10.40	52.00
135965	10.40	52.00
135968	10.50	52.00
135970	10.40	76.00
135972	54.40	52.00
135975	10.50	52.00
135977	10.60	52.00
135979	10.40	52.00
135981	15.80	78.00
135984	10.40	52.00
135986	10.40	52.00
135988	10.50	52.00
135991	10.50	52.00
135993	17.10	86.00
135995	10.20	52.00
135998	10.60	52.00
136000	10.50	52.00
136002	10.40	52.00
136004	18.70	246.00
136007	10.20	52.00
136009	10.40	52.00
136011	10.20	52.00
136014	10.40	52.00
136016	45.20	230.00
136018	10.60	52.00
136020	10.30	52.00
136023	10.70	56.00
136025	10.50	52.00
136027	41.70	52.00
136030	10.60	52.00
136032	10.50	52.00
136034	10.50	52.00
136036	10.40	118.00
136039	10.50	52.00
136041	10.40	52.00
136043	10.30	52.00
136046	10.70	56.00
136048	30.70	154.00
136050	10.50	52.00
136053	10.50	52.00
136055	10.70	56.00
136057	10.40	52.00
136059	34.40	128.00
136062	10.50	52.00
136064	10.40	52.00
136066	10.50	52.00
136069	10.50	52.00
136071	22.80	114.00
136073	10.50	52.00
136075	10.60	52.00
136078	10.40	52.00
136080	10.70	56.00
136082	21.60	108.00
136085	10.60	52.00
136087	10.50	52.00
136089	10.40	52.00
136091	10.70	216.00
136094	20.30	52.00
136096	10.50	52.00
136098	10.60	52.00
136101	10.30	52.00
136103	45.80	232.00
136105	10.30	52.00
136108	10.40	52.00
136110	10.20	52.00
136112	10.50	52.00
136114	49.10	250.00
136117	10.30	52.00
136119	10.50	52.00
136121	10.30	52.00
136124	10.60	52.00
136126	17.20	88.00
136128	10.60	52.00
136130	10.60	52.00
136133	10.20	52.00
136135	10.40	52.00
136137	15.70	78.00
136140	10.40	52.00
136142	10.40	52.00
136144	10.10	52.00
136146	10.40	286.00
136149	14.30	52.00
136151	10.60	52.00
136153	10.30	52.00
136156	10.40	52.00
136158	59.50	302.00
136160	10.60	52.00
136163	10.30	52.00
136165	10.50	52.00
136167	10.50	52.00
136169	61.60	312.00
136172	10.20	52.00
136174	10.60	52.00
136176	10.20	52.00
136179	10.20	52.00
136181	64.80	52.00
136183	10.20	52.00
136185	10.50	52.00
136188	10.10	52.00
136190	10.40	52.00
136192	10.10	52.00
136195	10.40	52.00
136197	10.30	52.00
136199	10.50	52.00
136201	10.40	52.00
136204	9.90	52.00
136206	10.50	52.00
136208	10.40	52.00
136211	10.20	52.00
136213	65.80	334.00
136215	10.40	52.00
136218	10.70	56.00
136220	10.50	52.00
136222	10.20	52.00
136224	66.70	338.00
136227	10.50	52.00
136229	10.50	52.00
136231	10.50	52.00
136234	10.20	56.00
136236	67.40	52.00
136238	10.30	56.00
136240	10.50	52.00
136243	10.40	52.00
136245	11.70	58.00
136247	10.60	52.00
136250	10.70	56.00
136252	10.40	52.00
136254	10.40	52.00
136256	12.20	62.00
136259	10.60	52.00
136261	10.30	52.00
136263	10.40	52.00
136266	10.60	52.00
136268	12.50	304.00
136270	10.20	52.00
136273	10.50	52.00
136275	10.70	56.00
136277	10.20	52.00
136279	57.20	288.00
136282	10.00	50.00
136284	10.50	52.00
136286	10.60	52.00
136289	10.60	52.00
136291	54.80	52.00
136293	10.40	52.00
136295	10.60	52.00
136298	10.30	52.00
136300	16.20	82.00
136302	10.50	52.00
136305	10.00	50.00
136307	10.50	52.00
136309	10.60	52.00
136311	17.90	92.00
136314	10.60	52.00
136316	10.30	52.00
136318	10.50	52.00
136321	10.50	52.00
136323	18.90	240.00
136325	10.20	52.00
136328	10.40	52.00
136330	10.50	52.00
136332	10.60	52.00
136334	44.80	226.00
136337	10.40	52.00
136339	10.20	52.00
136341	10.70	56.00
136344	10.40	52.00
136346	39.70	200.00
136348	10.30	52.00
136350	10.30	52.00
136353	10.50	52.00
136355	10.20	140.00
136357	34.60	52.00
136360	10.40	52.00
136362	10.40	52.00
136364	10.60	52.00
136366	33.20	168.00
136369	10.40	52.00
136371	10.40	52.00
136373	10.40	52.00
136376	10.70	56.00
136378	36.50	118.00
136380	10.20	52.00
136383	10.20	52.00
136385	10.30	52.00
136387	10.40	52.00
136389	21.60	108.00
136392	10.50	52.00
136394	10.60	52.00
136396	10.50	52.00
136399	10.60	52.00
136401	21.20	108.00
136403	10.30	52.00
136405	10.40	52.00
136408	10.40	56.00
136410	10.50	232.00
136412	18.90	56.00
136415	10.50	52.00
136417	10.60	52.00
136419	10.20	52.00
136421	49.70	252.00
136424	10.40	52.00
136426	10.40	52.00
136428	10.20	52.00
136431	10.30	52.00
136433	52.80	266.00
136435	10.60	52.00
136438	10.20	52.00
136440	10.50	52.00
136442	10.50	52.00
136444	55.30	78.00
136447	10.70	56.00
136449	10.20	52.00
136451	10.20	52.00
136454	10.40	52.00
136456	13.80	68.00
136458	10.30	52.00
136460	10.70	56.00
136463	10.50	52.00
136465	10.50	304.00
136467	12.30	52.00
136470	10.50	52.00
136472	10.50	52.00
136474	10.50	52.00
136476	61.90	314.00
136479	10.40	52.00
136481	10.60	52.00
136483	10.20	52.00
136486	10.70	56.00
136488	65.10	328.00
136490	10.50	52.00
136493	10.60	52.00
136495	10.30	52.00
136497	10.40	52.00
136499	65.90	52.00
136502	10.30	52.00
136504	10.40	52.00
136506	10.60	52.00
136509	10.40	52.00
136511	10.10	52.00
136513	10.60	52.00
136515	10.40	52.00
136518	10.20	52.00
136520	10.30	52.00
136522	10.20	52.00
136525	10.50	52.00
136527	10.80	52.00
136529	10.40	52.00
136531	10.80	340.00
136534	10.30	52.00
136536	10.40	52.00
136538	10.10	52.00
136541	10.40	52.00
136543	67.30	340.00
136545	10.60	52.00
136548	10.40	52.00
136550	10.80	56.00
136552	10.40	62.00
136554	66.30	56.00
136557	10.40	52.00
136559	10.60	52.00
136561	10.40	52.00
136564	11.80	58.00
136566	10.60	52.00
136568	10.40	52.00
136570	10.60	52.00
136573	10.40	52.00
136575	12.20	62.00
136577	10.40	52.00
136580	10.30	52.00
136582	10.60	52.00
136584	10.50	52.00
136586	12.50	292.00
136589	10.20	52.00
136591	10.50	52.00
136593	10.60	52.00
136596	10.30	52.00
136598	56.40	286.00
136600	10.20	52.00
136603	10.40	52.00
136605	10.10	52.00
136607	10.60	52.00
136609	52.70	52.00
136612	10.20	52.00
136614	10.50	56.00
136616	10.40	52.00
136619	10.40	86.00
136621	10.40	52.00
136623	10.40	52.00
136625	10.40	52.00
136628	10.40	52.00
136630	18.10	92.00
136632	10.60	52.00
136635	10.30	52.00
136637	10.60	52.00
136639	10.20	52.00
136641	19.60	232.00
136644	10.70	52.00
136646	10.40	52.00
136648	10.70	52.00
136651	10.10	52.00
136653	42.60	216.00
136655	10.50	52.00
136658	10.40	52.00
136660	10.50	52.00
136662	10.70	56.00
136664	40.10	204.00
136667	10.20	52.00
136669	10.40	52.00
136671	10.60	52.00
136674	10.20	138.00
136676	32.90	52.00
136678	10.60	52.00
136680	10.50	52.00
136683	10.60	52.00
136685	32.90	168.00
136687	10.30	52.00
136690	10.50	52.00
136692	10.60	52.00
136694	10.50	52.00
136696	36.10	184.00
136699	10.20	52.00
136701	10.50	52.00
136703	10.10	52.00
136706	10.50	56.00
136708	22.30	114.00
136710	10.60	52.00
136713	10.20	52.00
136715	10.40	52.00
136717	10.60	52.00
136719	20.50	104.00
136722	10.20	52.00
136724	10.20	52.00
136726	10.50	52.00
136729	10.70	232.00
136731	19.40	52.00
136733	10.70	52.00
136735	10.30	52.00
136738	10.20	52.00
136740	47.80	242.00
136742	10.50	52.00
136745	10.20	52.00
136747	10.50	52.00
136749	10.70	56.00
136751	51.70	262.00
136754	10.50	52.00
136756	10.60	52.00
136758	10.50	52.00
136761	10.40	56.00
136763	53.40	82.00
136765	10.20	52.00
136768	10.20	52.00
136770	10.60	52.00
136772	10.40	52.00
136774	14.80	76.00
136777	10.50	52.00
136779	10.20	52.00
136781	10.30	52.00
136784	10.30	288.00
136786	13.80	52.00
136788	10.60	52.00
136790	10.60	52.00
136793	10.50	52.00
136795	60.90	308.00
136797	10.50	52.00
136800	10.30	52.00
136802	10.30	52.00
136804	10.50	52.00
136806	63.10	318.00
136809	10.50	52.00
136811	10.40	52.00
136813	10.60	52.00
136816	10.30	52.00
136818	65.60	52.00
136820	10.40	52.00
136823	10.50	52.00
136825	10.30	52.00
136827	10.40	52.00
136829	10.30	52.00
136832	10.40	52.00
136834	10.30	52.00
136836	10.40	52.00
136839	10.30	52.00
136841	10.10	52.00
136843	10.20	52.00
136845	10.40	52.00
136848	10.80	52.00
136850	10.70	338.00
136852	10.10	52.00
136855	10.60	52.00
136857	10.50	52.00
136859	10.20	52.00
136861	67.20	340.00
136864	10.60	52.00
136866	10.50	52.00
136868	10.40	52.00
136871	10.40	52.00
136873	66.80	56.00
136875	10.20	52.00
136878	10.40	52.00
136880	10.40	52.00
136882	10.30	62.00
136884	10.20	52.00
136887	10.40	52.00
136889	10.40	52.00
136891	10.60	52.00
136894	12.10	62.00
136896	10.80	56.00
136898	10.50	52.00
136900	10.10	52.00
136903	10.70	52.00
136905	12.40	304.00
136907	10.40	52.00
136910	10.50	52.00
136912	10.50	52.00
136914	10.40	52.00
136916	56.70	288.00
136919	10.30	52.00
136921	10.30	52.00
136923	10.60	52.00
136926	10.40	52.00
136928	54.80	278.00
136930	10.50	52.00
136933	10.50	52.00
136935	10.40	52.00
136937	10.50	82.00
136939	51.60	52.00
136942	10.50	52.00
136944	10.40	52.00
136946	10.40	52.00
136949	17.70	88.00
136951	10.60	52.00
136953	10.60	52.00
136955	10.20	52.00
136958	10.50	52.00
136960	18.90	236.00
136962	10.30	52.00
136965	10.40	52.00
136967	10.40	52.00
136969	10.60	52.00
136971	44.00	222.00
136974	10.40	52.00
136976	10.60	52.00
136978	10.10	52.00
136981	10.30	52.00
136983	39.00	196.00
136985	10.60	52.00
136988	10.50	52.00
136990	10.30	52.00
136992	10.30	138.00
136994	33.90	52.00
136997	10.30	52.00
136999	10.40	52.00
137001	10.40	52.00
137004	33.10	168.00
137006	10.50	52.00
137008	10.50	52.00
137010	10.10	52.00
137013	10.40	52.00
137015	38.20	194.00
137017	10.50	52.00
137020	10.20	52.00
137022	10.50	52.00
137024	10.60	52.00
137026	40.00	108.00
137029	10.50	52.00
137031	10.40	52.00
137033	10.50	52.00
137036	10.40	52.00
137038	19.60	98.00
137040	10.30	52.00
137043	10.20	52.00
137045	10.40	52.00
137047	10.20	242.00
137049	18.60	52.00
137052	10.60	52.00
137054	10.50	52.00
137056	10.50	52.00
137059	51.20	258.00
137061	10.20	52.00
137063	10.20	52.00
137065	10.20	52.00
137068	10.50	52.00
137070	53.10	268.00
137072	10.30	52.00
137075	10.60	52.00
137077	10.70	52.00
137079	10.30	52.00
137081	55.80	78.00
137084	10.30	52.00
137086	10.20	52.00
137088	10.40	52.00
137091	10.40	52.00
137093	13.00	66.00
137095	10.30	52.00
137098	10.30	52.00
137100	10.30	52.00
137102	10.40	52.00
137104	12.60	52.00
137107	10.50	52.00
137109	10.40	56.00
137111	10.40	52.00
137114	10.40	314.00
137116	10.40	52.00
137118	10.50	52.00
137120	10.30	52.00
137123	10.50	52.00
137125	65.40	330.00
137127	10.50	52.00
137130	10.50	52.00
137132	10.50	52.00
137134	10.20	52.00
137136	65.50	52.00
137139	10.20	52.00
137141	10.50	52.00
137143	10.00	52.00
137146	10.40	52.00
137148	10.10	52.00
137150	10.50	52.00
137153	10.30	52.00
137155	10.40	52.00
137157	10.70	56.00
137159	10.40	52.00
137162	10.50	52.00
137164	10.20	52.00
137166	10.30	52.00
137169	11.20	344.00
137171	10.40	52.00
137173	10.50	52.00
137175	10.20	52.00
137178	10.30	52.00
137180	65.30	330.00
137182	10.50	52.00
137185	10.00	50.00
137187	10.40	52.00
137189	10.40	52.00
137191	64.00	52.00
137194	10.20	52.00
137196	10.40	52.00
137198	10.70	52.00
137201	10.40	62.00
137203	10.60	52.00
137205	10.20	52.00
137208	10.40	52.00
137210	10.40	52.00
137212	12.60	62.00
137214	10.40	52.00
137217	10.10	52.00
137219	10.50	52.00
137221	10.40	52.00
137224	13.90	282.00
137226	10.20	52.00
137228	10.20	52.00
137230	10.40	52.00
137233	10.60	52.00
137235	54.20	276.00
137237	10.20	52.00
137240	10.30	52.00
137242	10.70	56.00
137244	10.50	52.00
137246	50.90	258.00
137249	10.70	56.00
137251	10.40	52.00
137253	10.50	52.00
137256	10.60	92.00
137258	48.50	52.00
137260	10.40	52.00
137263	10.50	52.00
137265	10.40	52.00
137267	19.60	98.00
137269	10.20	52.00
137272	10.60	52.00
137274	10.50	52.00
137276	10.70	56.00
137279	21.70	216.00
137281	10.30	52.00
137283	10.50	52.00
137285	10.80	56.00
137288	10.30	52.00
137290	36.90	186.00
137292	10.40	52.00
137295	10.60	52.00
137297	10.30	52.00
137299	10.20	52.00
137301	31.00	158.00
137304	10.50	52.00
137306	10.50	52.00
137308	10.40	52.00
137311	10.60	176.00
137313	24.60	50.00
137315	10.50	52.00
137318	10.50	52.00
137320	10.40	52.00
137322	38.20	194.00
137324	10.40	52.00
137327	10.40	52.00
137329	10.50	52.00
137331	10.40	52.00
137334	40.50	204.00
137336	10.40	52.00
137338	10.20	50.00
137340	10.50	56.00
137343	10.50	52.00
137345	45.40	102.00
137347	10.50	52.00
137350	10.20	52.00
137352	10.50	52.00
137354	10.70	56.00
137356	17.90	92.00
137359	10.30	52.00
137361	10.50	52.00
137363	10.50	52.00
137366	10.50	52.00
137368	17.80	52.00
137370	10.50	52.00
137373	10.00	52.00
137375	10.50	52.00
137377	53.40	268.00
137379	10.40	52.00
137382	10.40	52.00
137384	10.40	52.00
137386	10.50	52.00
137389	56.20	286.00
137391	10.40	52.00
137393	10.40	52.00
137395	10.70	52.00
137398	10.60	52.00
137400	58.70	66.00
137402	10.50	52.00
137405	10.50	52.00
137407	10.60	52.00
137409	10.30	52.00
137411	12.00	62.00
137414	10.50	52.00
137416	10.20	52.00
137418	10.50	52.00
137421	10.20	52.00
137423	10.30	52.00
137425	10.60	52.00
137428	10.40	52.00
137430	10.40	52.00
137432	10.40	334.00
137434	10.00	52.00
137437	10.40	52.00
137439	10.30	52.00
137441	10.00	50.00
137444	66.20	334.00
137446	10.50	52.00
137448	10.40	52.00
137450	10.50	52.00
137453	10.50	52.00
137455	64.80	52.00
137457	10.60	52.00
137460	10.70	52.00
137462	10.30	52.00
137464	10.20	56.00
137466	10.20	52.00
137469	10.50	52.00
137471	10.60	52.00
137473	10.40	52.00
137476	11.40	58.00
137478	10.20	52.00
137480	10.50	52.00
137483	10.40	52.00
137485	10.30	52.00
137487	12.00	324.00
137489	10.60	52.00
137492	10.50	52.00
137494	10.40	52.00
137496	10.20	52.00
137499	62.20	314.00
137501	10.40	52.00
137503	10.40	52.00
137505	10.50	52.00
137508	10.20	52.00
137510	60.30	304.00
137512	10.50	52.00
137515	10.50	52.00
137517	10.30	52.00
137519	10.40	66.00
137521	57.60	52.00
137524	10.60	52.00
137526	10.50	52.00
137528	10.20	52.00
137531	14.20	72.00
137533	10.20	52.00
137535	10.30	52.00
137538	10.50	52.00
137540	10.40	52.00
137542	15.80	272.00
137544	10.20	52.00
137547	10.60	52.00
137549	10.30	52.00
137551	10.70	56.00
137554	50.60	256.00
137556	10.10	52.00
137558	10.60	52.00
137560	10.40	52.00
137563	10.60	52.00
137565	48.90	250.00
137567	10.50	52.00
137570	10.60	52.00
137572	10.30	56.00
137574	10.40	102.00
137576	45.00	52.00
137579	10.50	52.00
137581	10.50	52.00
137583	10.40	52.00
137586	21.20	108.00
137588	10.40	52.00
137590	10.40	52.00
137593	10.20	52.00
137595	10.40	52.00
137597	23.90	122.00
137599	10.50	52.00
137602	10.50	52.00
137604	10.40	52.00
137606	10.50	52.00
137609	29.50	168.00
137611	10.30	52.00
137613	10.20	52.00
137615	10.30	52.00
137618	10.50	52.00
137620	25.70	132.00
137622	10.40	52.00
137625	10.30	52.00
137627	10.50	52.00
137629	10.30	190.00
137631	22.90	52.00
137634	10.40	52.00
137636	10.40	52.00
137638	10.60	52.00
137641	40.50	204.00
137643	10.70	56.00
137645	10.30	52.00
137648	10.40	52.00
137650	10.20	52.00
137652	44.20	222.00
137654	10.40	52.00
137657	10.50	52.00
137659	10.50	52.00
137661	10.60	52.00
137664	47.50	96.00
137666	10.50	52.00
137668	10.10	52.00
137670	10.40	52.00
137673	10.20	52.00
137675	17.30	88.00
137677	10.50	52.00
137680	10.30	52.00
137682	10.20	52.00
137684	10.40	52.00
137686	15.80	52.00
137689	10.50	52.00
137691	10.30	52.00
137693	10.30	52.00
137696	10.70	282.00
137698	10.30	52.00
137700	10.60	52.00
137703	10.40	52.00
137705	10.70	56.00
137707	57.40	288.00
137709	10.50	52.00
137712	10.40	52.00
137714	10.40	52.00
137716	10.50	52.00
137719	60.50	62.00
137721	10.40	52.00
137723	10.30	52.00
137725	10.10	52.00
137728	10.40	52.00
137730	10.70	56.00
137732	10.40	52.00
137735	10.20	52.00
137737	10.50	52.00
137739	10.50	52.00
137741	10.50	52.00
137744	10.70	56.00
137746	10.40	52.00
137748	10.40	52.00
137751	10.50	330.00
137753	10.20	52.00
137755	10.60	52.00
137758	10.60	52.00
137760	10.40	52.00
137762	65.70	330.00
137764	10.70	56.00
137767	10.30	52.00
137769	10.40	52.00
137771	10.40	52.00
137774	66.30	52.00
137776	10.30	52.00
137778	10.10	52.00
137780	10.80	52.00
137783	10.30	56.00
137785	10.20	52.00
137787	10.40	52.00
137790	10.60	52.00
137792	10.40	52.00
137794	11.50	58.00
137796	10.50	52.00
137799	10.40	52.00
137801	10.40	52.00
137803	10.30	52.00
137806	11.70	328.00
137808	10.60	52.00
137810	10.50	52.00
137813	10.00	56.00
137815	10.50	52.00
137817	60.90	308.00
137819	10.30	52.00
137822	10.40	52.00
137824	10.40	52.00
137826	10.50	52.00
137829	59.30	302.00
137831	10.50	52.00
137833	10.50	52.00
137835	10.40	52.00
137838	10.20	68.00
137840	55.60	52.00
137842	10.40	52.00
137845	10.50	52.00
137847	10.20	52.00
137849	15.10	76.00
137851	10.30	52.00
137854	10.30	52.00
137856	10.50	52.00
137858	10.30	52.00
137861	16.80	86.00
137863	10.60	52.00
137865	10.30	52.00
137868	10.50	52.00
137870	10.30	52.00
137872	49.10	250.00
137874	10.70	56.00
137877	10.20	52.00
137879	10.40	52.00
137881	10.30	52.00
137884	46.30	236.00
137886	10.50	52.00
137888	10.40	52.00
137890	10.70	52.00
137893	10.50	104.00
137895	44.70	52.00
137897	10.40	52.00
137900	10.30	52.00
137902	10.50	52.00
137904	22.40	112.00
137906	10.40	52.00
137909	10.10	52.00
137911	10.60	52.00
137913	10.50	52.00
137916	27.20	138.00
137918	10.40	52.00
137920	10.30	52.00
137923	10.20	52.00
137925	10.40	52.00
137927	32.70	144.00
137929	10.40	52.00
137932	10.20	52.00
137934	10.40	52.00
137936	10.50	52.00
137939	24.60	124.00
137941	10.50	52.00
137943	10.50	52.00
137945	10.40	52.00
137948	10.50	194.00
137950	22.10	52.00
137952	10.60	52.00
137955	10.10	52.00
137957	10.40	52.00
137959	10.50	212.00
137961	10.40	52.00
137964	10.10	52.00
137966	10.50	52.00
137968	10.30	52.00
137971	43.40	220.00
137973	10.40	52.00
137975	10.40	52.00
137978	10.20	52.00
137980	10.60	52.00
137982	47.70	96.00
137984	10.60	52.00
137987	10.50	52.00
137989	10.50	52.00
137991	10.30	52.00
137994	17.30	88.00
137996	10.20	52.00
137998	10.40	52.00
138000	10.40	52.00
138003	10.20	52.00
138005	16.30	82.00
138007	10.60	52.00
138010	10.30	52.00
138012	10.40	52.00
138014	10.20	278.00
138016	14.80	52.00
138019	10.50	52.00
138021	10.40	52.00
138023	10.40	52.00
138026	58.20	294.00
138028	10.50	52.00
138030	10.50	52.00
138033	10.00	50.00
138035	10.50	52.00
138037	60.50	58.00
138039	10.50	52.00
138042	10.50	52.00
138044	10.50	52.00
138046	10.30	52.00
138049	10.90	56.00
138051	10.30	52.00
138053	10.60	52.00
138055	10.50	52.00
138058	10.20	52.00
138060	10.20	52.00
138062	10.60	52.00
138065	10.50	52.00
138067	10.50	52.00
138069	10.70	330.00
138071	10.10	52.00
138074	10.50	52.00
138076	10.20	52.00
138078	10.30	52.00
138081	66.00	334.00
138083	10.20	52.00
138085	10.30	52.00
138088	10.50	52.00
138090	10.40	52.00
138092	66.20	334.00
138094	10.20	52.00
138097	10.10	56.00
138099	10.30	52.00
138101	10.10	56.00
138104	67.90	52.00
138106	10.40	52.00
138108	10.20	52.00
138110	10.60	52.00
138113	11.60	58.00
138115	10.50	52.00
138117	10.40	52.00
138120	10.30	52.00
138122	10.50	52.00
138124	12.10	328.00
138126	10.60	56.00
138129	10.60	52.00
138131	10.00	52.00
138133	10.40	52.00
138136	61.50	312.00
138138	10.50	52.00
138140	10.10	52.00
138143	10.40	52.00
138145	10.50	52.00
138147	60.60	308.00
138149	10.30	52.00
138152	10.60	52.00
138154	10.50	52.00
138156	10.40	62.00
138159	56.70	52.00
138161	10.40	52.00
138163	10.40	52.00
138165	10.50	52.00
138168	13.70	68.00
138170	10.40	52.00
138172	10.20	52.00
138175	10.20	52.00
138177	10.00	50.00
138179	16.20	82.00
138181	10.40	52.00
138184	10.60	52.00
138186	10.60	52.00
138188	10.40	52.00
138191	17.80	252.00
138193	10.20	52.00
138195	10.50	52.00
138198	10.50	52.00
138200	10.20	52.00
138202	46.40	236.00
138204	10.60	52.00
138207	10.50	52.00
138209	10.60	52.00
138211	10.70	108.00
138214	43.80	52.00
138216	10.40	52.00
138218	10.30	52.00
138220	10.60	52.00
138223	22.20	112.00
138225	10.40	52.00
138227	10.50	52.00
138230	10.60	52.00
138232	10.50	52.00
138234	28.20	140.00
138236	10.50	52.00
138239	10.70	56.00
138241	10.40	52.00
138243	10.50	52.00
138246	33.50	134.00
138248	10.30	52.00
138250	10.50	52.00
138253	10.20	52.00
138255	10.20	52.00
138257	23.60	122.00
138259	10.20	52.00
138262	10.10	52.00
138264	10.50	52.00
138266	10.20	52.00
138269	21.90	52.00
138271	10.40	52.00
138273	10.40	52.00
138275	10.30	56.00
138278	10.20	216.00
138280	10.60	52.00
138282	10.50	52.00
138285	10.60	52.00
138287	10.30	52.00
138289	44.60	226.00
138291	10.60	52.00
138294	10.60	52.00
138296	10.50	52.00
138298	10.50	52.00
138301	49.30	92.00
138303	10.20	52.00
138305	10.40	52.00
138308	10.40	52.00
138310	10.60	52.00
138312	17.10	86.00
138314	10.50	52.00
138317	10.20	52.00
138319	10.30	52.00
138321	10.40	52.00
138324	15.70	78.00
138326	10.40	52.00
138328	10.50	52.00
138330	10.30	52.00
138333	10.40	286.00
138335	14.20	52.00
138337	10.40	52.00
138340	10.30	52.00
138342	10.20	52.00
138344	58.80	298.00
138346	10.50	52.00
138349	10.20	52.00
138351	10.40	52.00
138353	10.20	52.00
138356	60.70	308.00
138358	10.40	52.00
138360	10.40	52.00
138363	10.70	52.00
138365	10.50	52.00
138367	10.80	56.00
138369	10.30	52.00
138372	10.40	52.00
138374	10.40	52.00
138376	10.50	52.00
138379	10.20	52.00
138381	10.10	52.00
138383	10.50	52.00
138385	10.40	52.00
138388	10.40	334.00
138390	10.10	52.00
138392	10.40	56.00
138395	10.20	52.00
138397	10.40	52.00
138399	65.60	330.00
138401	10.40	52.00
138404	10.60	52.00
138406	10.40	52.00
138408	10.70	56.00
138411	66.30	334.00
138413	10.20	52.00
138415	10.20	52.00
138418	10.50	52.00
138420	10.20	56.00
138422	67.80	52.00
138424	10.20	52.00
138427	10.20	52.00
138429	10.30	52.00
138431	11.60	58.00
138434	10.60	52.00
138436	10.10	52.00
138438	10.40	52.00
138440	10.20	52.00
138443	12.00	322.00
138445	10.60	52.00
138447	10.40	52.00
138450	10.40	52.00
138452	10.40	52.00
138454	61.10	308.00
138456	10.20	52.00
138459	10.20	52.00
138461	10.40	52.00
138463	10.60	52.00
138466	58.90	298.00
138468	10.60	52.00
138470	10.60	52.00
138473	10.50	52.00
138475	10.40	66.00
138477	57.20	52.00
138479	10.50	52.00
138482	10.40	52.00
138484	10.20	52.00
138486	14.50	72.00
138489	10.50	52.00
138491	10.10	52.00
138493	10.20	52.00
138495	10.40	52.00
138498	15.70	78.00
138500	10.60	52.00
138502	10.50	52.00
138505	10.20	52.00
138507	10.20	52.00
138509	17.60	250.00
138511	10.40	52.00
138514	10.60	52.00
138516	10.40	52.00
138518	10.40	52.00
138521	47.40	240.00
138523	10.40	52.00
138525	10.60	52.00
138528	10.40	52.00
138530	10.40	52.00
138532	43.40	52.00
138534	10.50	52.00
138537	10.40	52.00
138539	10.30	52.00
138541	22.10	112.00
138544	10.60	52.00
138546	10.50	52.00
138548	10.50	52.00
138550	10.70	56.00
138553	25.60	128.00
138555	10.20	52.00
138557	10.50	52.00
138560	10.20	52.00
138562	10.60	52.00
138564	32.00	150.00
138566	10.60	52.00
138569	10.60	52.00
138571	10.50	52.00
138573	10.30	52.00
138576	23.90	122.00
138578	10.30	52.00
138580	10.50	52.00
138583	10.60	52.00
138585	10.40	52.00
138587	22.00	112.00
138589	10.40	52.00
138592	10.50	52.00
138594	10.50	52.00
138596	10.40	220.00
138599	20.20	52.00
138601	10.60	52.00
138603	10.60	52.00
138605	10.60	52.00
138608	46.20	232.00
138610	10.20	52.00
138612	10.50	52.00
138615	10.40	52.00
138617	10.30	52.00
138619	49.60	92.00
138621	10.20	52.00
138624	10.40	52.00
138626	10.00	52.00
138628	10.20	52.00
138631	16.80	86.00
138633	10.60	52.00
138635	10.50	52.00
138638	10.30	52.00
138640	10.50	52.00
138642	15.60	78.00
138644	10.40	52.00
138647	10.50	52.00
138649	10.30	52.00
138651	10.50	286.00
138654	14.60	52.00
138656	10.50	52.00
138658	10.30	52.00
138660	10.60	52.00
138663	57.70	292.00
138665	10.60	52.00
138667	10.40	52.00
138670	10.40	52.00
138672	10.30	52.00
138674	60.80	308.00
138676	10.60	52.00
138679	10.40	52.00
138681	10.70	52.00
138683	10.20	52.00
138686	62.60	52.00
138688	10.40	52.00
138690	10.40	52.00
138693	10.10	52.00
138695	10.10	52.00
138697	10.10	52.00
138699	10.20	52.00
138702	10.20	52.00
138704	10.40	52.00
138706	10.20	334.00
138709	10.20	52.00
138711	10.10	52.00
138713	10.20	52.00
138715	10.50	52.00
138718	65.00	328.00
138720	10.30	52.00
138722	10.40	52.00
138725	10.40	52.00
138727	10.30	52.00
138729	67.20	340.00
138731	10.60	52.00
138734	10.40	52.00
138736	10.60	52.00
138738	10.10	56.00
138741	67.60	52.00
138743	10.30	52.00
138745	10.20	52.00
138748	10.40	52.00
138750	11.80	58.00
138752	10.90	56.00
138754	10.60	52.00
138757	10.60	52.00
138759	10.40	52.00
138761	12.10	62.00
138764	10.40	56.00
138766	10.50	52.00
138768	10.50	52.00
138770	10.40	52.00
138773	12.20	304.00
138775	10.10	52.00
138777	10.40	52.00
138780	10.40	52.00
138782	10.00	50.00
138784	59.00	298.00
138786	10.20	52.00
138789	10.50	52.00
138791	10.40	52.00
138793	10.40	68.00
138796	55.80	52.00
138798	10.40	52.00
138800	10.50	52.00
138803	10.40	52.00
138805	15.50	78.00
138807	10.60	52.00
138809	10.70	56.00
138812	10.10	52.00
138814	10.20	52.00
138816	16.40	82.00
138819	10.70	56.00
138821	10.20	52.00
138823	10.50	52.00
138825	10.30	52.00
138828	18.40	282.00
138830	10.40	52.00
138832	10.40	52.00
138835	10.30	52.00
138837	10.30	52.00
138839	51.90	262.00
138841	10.60	52.00
138844	10.30	52.00
138846	10.50	52.00
138848	10.40	52.00
138851	41.00	56.00
138853	10.40	52.00
138855	10.50	52.00
138858	10.50	52.00
138860	10.50	114.00
138862	10.60	52.00
138864	10.40	52.00
138867	10.50	52.00
138869	10.30	52.00
138871	28.70	144.00
138874	10.60	52.00
138876	10.30	52.00
138878	10.60	52.00
138880	10.10	52.00
138883	32.40	186.00
138885	10.50	52.00
138887	10.40	52.00
138890	10.60	52.00
138892	10.30	52.00
138894	31.10	158.00
138896	18.80	96.00
138899	10.60	52.00
138901	10.30	52.00
138903	10.40	52.00
138906	24.60	124.00
138908	10.50	52.00
138910	10.60	52.00
138913	10.70	52.00
138915	10.70	216.00
138917	22.50	52.00
138919	10.30	52.00
138922	10.50	52.00
138924	10.50	52.00
138926	47.30	240.00
138929	10.60	52.00
138931	10.50	52.00
138933	10.60	52.00
138935	10.50	52.00
138938	49.50	88.00
138940	10.60	52.00
138942	10.50	52.00
138945	10.40	52.00
138947	10.40	52.00
138949	19.00	96.00
138951	10.10	52.00
138954	10.40	52.00
138956	10.40	52.00
138958	10.50	52.00
138961	16.90	86.00
138963	10.30	52.00
138965	10.30	52.00
138968	10.40	52.00
138970	10.30	288.00
138972	16.30	52.00
138974	10.50	52.00
138977	10.30	52.00
138979	10.50	52.00
138981	61.90	312.00
138984	10.40	52.00
138986	10.60	52.00
138988	10.30	52.00
138990	10.50	52.00
138993	62.20	314.00
138995	10.40	52.00
138997	10.40	52.00
139000	10.20	56.00
139002	10.60	52.00
139004	65.00	58.00
139006	10.60	52.00
139009	10.50	52.00
139011	10.30	52.00
139013	10.50	52.00
139016	10.20	52.00
139018	10.20	52.00
139020	10.10	52.00
139023	10.60	52.00
139025	10.50	52.00
139027	10.30	52.00
139029	10.20	52.00
139032	10.10	52.00
139034	10.50	52.00
139036	65.40	330.00
139039	10.40	52.00
139041	10.70	56.00
139043	10.10	52.00
139045	10.20	52.00
139048	66.60	338.00
139050	10.70	56.00
139052	10.20	52.00
139055	10.30	52.00
139057	10.50	58.00
139059	67.20	52.00
139061	10.30	52.00
139064	10.30	52.00
139066	10.50	52.00
139068	11.80	58.00
139071	10.30	52.00
139073	10.20	52.00
139075	10.60	52.00
139078	10.60	52.00
139080	12.10	62.00
139082	10.80	56.00
139084	10.40	52.00
139087	10.30	52.00
139089	10.40	52.00
139091	12.20	318.00
139094	10.40	52.00
139096	10.10	52.00
139098	10.30	52.00
139100	10.30	52.00
139103	58.30	294.00
139105	10.50	52.00
139107	10.20	52.00
139110	10.50	52.00
139112	10.40	52.00
139114	57.60	52.00
139116	10.50	52.00
139119	10.30	52.00
139121	10.40	52.00
139123	10.20	72.00
139126	10.50	52.00
139128	10.40	52.00
139130	10.40	52.00
139133	10.50	52.00
139135	15.70	78.00
139137	10.20	52.00
139139	10.50	52.00
139142	10.50	52.00
139144	10.40	52.00
139146	17.30	250.00
139149	10.10	52.00
139151	10.50	52.00
139153	10.40	52.00
139155	10.60	52.00
139158	48.10	242.00
139160	10.60	52.00
139162	10.40	52.00
139165	10.50	52.00
139167	10.60	52.00
139169	43.80	222.00
139171	10.30	52.00
139174	10.50	52.00
139176	10.40	52.00
139178	10.20	108.00
139181	42.90	52.00
139183	10.40	52.00
139185	10.30	52.00
139188	10.60	52.00
139190	22.80	114.00
139192	10.70	56.00
139194	10.30	52.00
139197	10.30	52.00
139199	10.50	52.00
139201	28.30	170.00
139204	10.50	52.00
139206	10.50	52.00
139208	10.50	52.00
139210	10.20	52.00
139213	25.50	128.00
139215	10.60	52.00
139217	10.50	52.00
139220	10.30	52.00
139222	10.30	52.00
139224	23.20	118.00
139226	10.20	52.00
139229	10.50	52.00
139231	10.50	52.00
139233	10.60	204.00
139236	21.10	52.00
139238	10.40	52.00
139240	10.20	52.00
139243	10.20	52.00
139245	43.20	216.00
139247	10.40	52.00
139249	10.50	52.00
139252	10.40	52.00
139254	10.20	52.00
139256	45.90	232.00
139259	10.20	52.00
139261	10.40	52.00
139263	10.30	52.00
139265	10.60	52.00
139268	50.60	88.00
139270	10.60	52.00
139272	10.50	52.00
139275	10.40	52.00
139277	10.30	52.00
139279	16.10	82.00
139281	10.50	52.00
139284	10.20	52.00
139286	10.40	52.00
139288	10.40	278.00
139291	15.60	52.00
139293	10.40	52.00
139295	10.30	52.00
139298	10.30	52.00
139300	56.80	288.00
139302	10.30	52.00
139304	10.50	52.00
139307	10.60	52.00
139309	10.20	52.00
139311	59.50	302.00
139314	10.60	52.00
139316	10.60	52.00
139318	10.50	52.00
139320	10.40	52.00
139323	61.50	56.00
139325	10.40	52.00
139327	10.50	52.00
139330	10.20	52.00
139332	10.50	52.00
139334	10.50	52.00
139336	10.50	52.00
139339	10.40	52.00
139341	10.30	52.00
139343	10.60	52.00
139346	9.90	52.00
139348	10.40	52.00
139350	10.70	52.00
139353	10.30	52.00
139355	10.40	330.00
139357	10.40	52.00
139359	10.50	52.00
139362	10.20	52.00
139364	10.40	52.00
139366	66.50	338.00
139369	10.60	52.00
139371	10.30	52.00
139373	10.20	52.00
139375	10.70	56.00
139378	67.30	52.00
139380	10.60	52.00
139382	10.40	52.00
139385	10.40	52.00
139387	11.40	58.00
139389	10.70	56.00
139391	10.30	52.00
139394	10.30	52.00
139396	10.40	52.00
139398	11.90	58.00
139401	10.50	52.00
139403	10.40	52.00
139405	10.60	56.00
139408	10.60	52.00
139410	12.10	304.00
139412	10.70	52.00
139414	10.50	52.00
139417	10.60	52.00
139419	10.40	52.00
139421	60.30	304.00
139424	10.40	52.00
139426	10.40	52.00
139428	10.70	56.00
139430	10.60	52.00
139433	55.90	52.00
139435	10.40	52.00
139437	10.30	52.00
139440	10.50	52.00
139442	10.10	72.00
139444	10.30	52.00
139446	10.40	52.00
139449	10.20	52.00
139451	10.50	52.00
139453	16.20	82.00
139456	10.60	52.00
139458	10.30	52.00
139460	10.60	52.00
139463	10.20	52.00
139465	17.20	250.00
139467	10.60	52.00
139469	10.40	52.00
139472	10.20	52.00
139474	10.50	52.00
139476	46.40	236.00
139479	10.20	52.00
139481	10.50	52.00
139483	10.30	52.00
139485	10.50	52.00
139488	44.70	226.00
139490	10.40	52.00
139492	10.20	52.00
139495	10.20	52.00
139497	10.50	108.00
139499	40.40	52.00
139501	10.50	52.00
139504	10.20	52.00
139506	10.40	52.00
139508	24.30	122.00
139511	10.40	52.00
139513	10.20	52.00
139515	10.60	52.00
139518	10.40	52.00
139520	31.70	160.00
139522	10.40	52.00
139524	10.20	56.00
139527	10.70	52.00
139529	10.60	52.00
139531	24.30	124.00
139534	10.60	52.00
139536	10.50	52.00
139538	10.40	52.00
139540	10.60	52.00
139543	21.60	108.00
139545	10.50	52.00
139547	10.50	52.00
139550	10.50	52.00
139552	10.40	212.00
139554	20.40	52.00
139556	10.50	52.00
139559	10.60	52.00
139561	10.60	52.00
139563	44.20	222.00
139566	10.20	52.00
139568	10.20	52.00
139570	10.10	52.00
139573	10.30	52.00
139575	46.90	236.00
139577	10.60	52.00
139579	10.40	52.00
139582	10.20	56.00
139584	10.70	52.00
139586	49.20	92.00
139589	10.50	52.00
139591	10.60	52.00
139593	10.50	52.00
139595	10.40	52.00
139598	17.10	86.00
139600	10.20	52.00
139602	10.50	52.00
139605	10.20	52.00
139607	10.30	52.00
139609	15.70	52.00
139611	10.10	52.00
139614	10.20	52.00
139616	10.50	56.00
139618	10.40	278.00
139621	10.50	52.00
139623	10.40	52.00
139625	10.50	52.00
139628	10.60	52.00
139630	57.10	288.00
139632	10.40	52.00
139634	10.50	52.00
139637	10.40	52.00
139639	10.40	52.00
139641	59.10	68.00
139644	10.50	52.00
139646	10.40	52.00
139648	10.50	52.00
139650	10.70	56.00
139653	11.40	58.00
139655	10.50	52.00
139657	10.40	52.00
139660	10.80	56.00
139662	10.60	52.00
139664	10.80	56.00
139666	10.50	52.00
139669	10.40	52.00
139671	10.60	52.00
139673	10.30	324.00
139676	10.10	52.00
139678	10.30	52.00
139680	10.30	52.00
139683	10.50	52.00
139685	65.90	334.00
139687	10.60	52.00
139689	10.50	52.00
139692	10.40	52.00
139694	10.20	52.00
139696	65.00	52.00
139699	10.50	52.00
139701	10.10	52.00
139703	10.40	56.00
139705	10.30	52.00
139708	10.10	52.00
139710	10.60	52.00
139712	10.40	52.00
139715	10.50	52.00
139717	10.80	56.00
139719	10.30	52.00
139721	10.30	52.00
139724	10.40	52.00
139726	10.60	52.00
139728	11.30	348.00
139731	10.10	52.00
139733	10.40	52.00
139735	10.30	52.00
139738	10.60	52.00
139740	65.70	334.00
139742	10.50	52.00
139744	10.30	52.00
139747	10.60	52.00
139749	10.50	52.00
139751	65.50	330.00
139754	10.30	52.00
139756	10.30	52.00
139758	10.50	52.00
139760	10.70	62.00
139763	61.30	56.00
139765	10.20	52.00
139767	10.30	52.00
139770	10.30	52.00
139772	12.30	62.00
139774	10.50	52.00
139776	10.50	52.00
139779	10.60	52.00
139781	10.50	52.00
139783	12.60	286.00
139786	10.40	52.00
139788	10.10	52.00
139790	10.50	52.00
139793	10.60	52.00
139795	55.80	282.00
139797	10.10	52.00
139799	10.40	52.00
139802	10.60	52.00
139804	10.30	52.00
139806	52.20	266.00
139809	10.40	52.00
139811	10.40	52.00
139813	10.20	52.00
139815	10.40	86.00
139818	51.60	52.00
139820	10.50	52.00
139822	10.40	52.00
139825	10.10	52.00
139827	18.60	96.00
139829	10.50	52.00
139831	10.40	52.00
139834	10.40	52.00
139836	10.50	52.00
139838	19.50	98.00
139841	10.70	56.00
139843	10.30	52.00
139845	10.40	52.00
139848	10.50	52.00
139850	20.80	216.00
139852	10.40	52.00
139854	10.20	52.00
139857	10.60	52.00
139859	10.30	52.00
139861	42.20	212.00
139864	10.60	52.00
139866	10.70	56.00
139868	10.50	52.00
139870	10.70	122.00
139873	35.40	52.00
139875	10.30	52.00
139877	10.70	52.00
139880	10.40	56.00
139882	31.10	158.00
139884	10.40	52.00
139886	10.40	52.00
139889	10.40	52.00
139891	10.70	56.00
139893	36.00	180.00
139896	10.40	52.00
139898	10.30	52.00
139900	10.40	52.00
139903	10.60	52.00
139905	40.30	112.00
139907	10.10	52.00
139909	10.80	56.00
139912	10.40	52.00
139914	10.40	52.00
139916	19.60	98.00
139919	10.20	52.00
139921	10.40	52.00
139923	10.30	52.00
139925	10.40	52.00
139928	19.00	52.00
139930	10.50	52.00
139932	10.40	52.00
139935	10.70	52.00
139937	10.70	252.00
139939	10.60	52.00
139941	10.60	52.00
139944	10.70	56.00
139946	10.40	52.00
139948	53.70	272.00
139951	10.30	52.00
139953	10.20	52.00
139955	10.40	52.00
139958	10.40	52.00
139960	54.70	76.00
139962	10.40	52.00
139964	10.40	52.00
139967	10.70	52.00
139969	10.30	52.00
139971	14.10	72.00
139974	10.50	52.00
139976	10.40	52.00
139978	10.40	52.00
139980	10.70	56.00
139983	12.00	62.00
139985	10.20	52.00
139987	10.40	52.00
139990	10.20	52.00
139992	10.20	312.00
139994	11.60	56.00
139996	10.20	52.00
139999	10.70	56.00
140001	10.30	52.00
140003	63.30	322.00
140006	10.30	52.00
140008	10.60	52.00
140010	10.40	52.00
140013	10.40	52.00
140015	65.80	50.00
140017	10.60	52.00
140019	10.40	52.00
140022	10.60	52.00
140024	10.50	52.00
140026	10.30	52.00
140029	10.50	52.00
140031	10.40	52.00
140033	10.60	52.00
140035	10.70	56.00
140038	10.20	52.00
140040	10.20	52.00
140042	10.50	52.00
140045	10.30	52.00
140047	10.70	338.00
140049	10.10	52.00
140051	10.30	52.00
140054	10.20	52.00
140056	10.50	52.00
140058	68.50	348.00
140061	10.50	52.00
140063	10.40	52.00
140065	10.30	52.00
140068	10.10	52.00
140070	64.90	328.00
140072	10.40	52.00
140074	10.20	52.00
140077	10.50	52.00
140079	10.30	58.00
140081	63.70	56.00
140084	10.10	52.00
140086	10.40	52.00
140088	10.30	52.00
140090	12.10	62.00
140093	10.50	52.00
140095	10.80	56.00
140097	10.50	52.00
140100	10.50	52.00
140102	12.60	62.00
140104	10.50	52.00
140106	10.50	52.00
140109	10.70	52.00
140111	10.40	52.00
140113	13.30	278.00
140116	10.60	52.00
140118	10.40	52.00
140120	10.20	52.00
140123	10.50	52.00
140125	54.30	276.00
140127	10.70	56.00
140129	10.40	52.00
140132	10.40	52.00
140134	10.50	82.00
140136	50.00	52.00
140139	10.30	56.00
140141	10.40	52.00
140143	10.40	52.00
140145	17.90	92.00
140148	10.30	52.00
140150	10.10	52.00
140152	10.40	52.00
140155	10.30	52.00
140157	19.30	98.00
140159	10.20	52.00
140161	10.60	52.00
140164	10.40	52.00
140166	10.50	52.00
140168	20.80	222.00
140171	10.50	52.00
140173	10.30	52.00
140175	10.60	52.00
140178	10.50	52.00
140180	37.70	190.00
140182	10.20	52.00
140184	10.50	52.00
140187	10.50	52.00
140189	10.50	134.00
140191	35.20	52.00
140194	10.40	52.00
140196	10.50	52.00
140198	10.20	52.00
140200	31.80	160.00
140203	10.70	56.00
140205	10.30	52.00
140207	10.30	52.00
140210	10.30	52.00
140212	35.40	176.00
140214	10.00	50.00
140216	10.50	52.00
140219	10.30	52.00
140221	10.50	52.00
140223	37.10	112.00
140226	10.40	52.00
140228	10.50	52.00
140230	10.20	52.00
140233	10.30	52.00
140235	21.50	108.00
140237	10.20	52.00
140239	10.40	52.00
140242	10.30	52.00
140244	10.20	52.00
140246	19.70	98.00
140249	10.40	52.00
140251	10.40	52.00
140253	10.50	52.00
140255	10.30	246.00
140258	18.30	52.00
140260	10.40	52.00
140262	10.30	52.00
140265	10.50	52.00
140267	52.00	262.00
140269	10.20	52.00
140271	10.30	52.00
140274	10.40	52.00
140276	10.40	52.00
140278	53.70	82.00
140281	10.50	52.00
140283	10.30	52.00
140285	10.50	52.00
140288	10.20	52.00
140290	14.40	72.00
140292	10.70	56.00
140294	10.40	52.00
140297	10.20	52.00
140299	10.40	52.00
140301	13.90	72.00
140304	10.40	52.00
140306	10.20	52.00
140308	10.60	52.00
140310	10.70	304.00
140313	12.00	52.00
140315	10.00	52.00
140317	10.60	52.00
140320	10.60	52.00
140322	62.60	318.00
140324	10.30	52.00
140326	10.60	52.00
140329	10.50	52.00
140331	10.20	52.00
140333	64.50	328.00
140336	10.40	52.00
140338	10.50	52.00
140340	10.40	52.00
140343	10.20	52.00
140345	66.00	52.00
140347	10.40	52.00
140349	10.40	52.00
140352	10.50	52.00
140354	10.30	52.00
140356	10.10	52.00
140359	10.60	52.00
140361	10.60	52.00
140363	10.50	52.00
140365	10.40	334.00
140368	10.20	52.00
140370	10.20	52.00
140372	10.50	52.00
140375	10.30	52.00
140377	67.30	340.00
140379	10.30	52.00
140381	10.50	52.00
140384	10.10	52.00
140386	10.40	52.00
140388	68.20	344.00
140391	10.50	52.00
140393	10.30	52.00
140395	10.50	52.00
140398	10.00	58.00
140400	64.20	52.00
140402	10.30	52.00
140404	10.70	56.00
140407	10.50	52.00
140409	12.10	62.00
140411	10.60	52.00
140414	10.20	52.00
140416	10.40	52.00
140418	10.40	52.00
140420	12.50	62.00
140423	10.40	52.00
140425	10.20	52.00
140427	10.30	52.00
140430	10.70	52.00
140432	12.80	292.00
140434	10.40	52.00
140436	10.60	52.00
140439	10.40	52.00
140441	10.30	52.00
140443	53.30	272.00
140446	10.40	52.00
140448	10.10	52.00
140450	10.60	52.00
140453	10.40	78.00
140455	52.70	52.00
140457	10.30	52.00
140459	10.10	52.00
140462	10.30	52.00
140464	17.50	88.00
140466	10.50	52.00
140469	10.30	52.00
140471	10.60	52.00
140473	10.40	52.00
140475	19.00	96.00
140478	10.40	52.00
140480	10.50	52.00
140482	10.40	52.00
140485	10.30	52.00
140487	20.90	216.00
140489	10.40	52.00
140491	10.60	52.00
140494	10.60	52.00
140496	10.20	52.00
140498	39.80	204.00
140501	10.30	52.00
140503	10.30	52.00
140505	10.40	52.00
140508	10.50	52.00
140510	32.70	52.00
140512	10.70	52.00
140514	10.30	52.00
140517	10.20	52.00
140519	10.10	168.00
140521	10.20	52.00
140524	10.70	56.00
140526	10.60	52.00
140528	10.40	52.00
140530	35.80	180.00
140533	10.30	52.00
140535	10.30	52.00
140537	10.40	52.00
140540	10.50	52.00
140542	40.10	112.00
140544	10.80	52.00
140546	10.50	52.00
140549	10.80	52.00
140551	10.60	52.00
140553	20.60	104.00
140556	10.40	52.00
140558	10.30	52.00
140560	10.80	56.00
140563	10.50	52.00
140565	19.40	98.00
140567	10.60	52.00
140569	10.20	52.00
140572	10.60	52.00
140574	10.30	250.00
140576	17.40	52.00
140579	10.50	52.00
140581	10.50	52.00
140583	10.00	50.00
140585	52.40	266.00
140588	10.20	52.00
140590	10.40	52.00
140592	10.20	52.00
140595	10.50	52.00
140597	53.70	78.00
140599	10.40	52.00
140601	10.20	52.00
140604	10.30	52.00
140606	10.50	56.00
140608	14.40	72.00
140611	10.40	52.00
140613	10.50	52.00
140615	10.60	52.00
140618	10.20	52.00
140620	12.70	66.00
140622	10.60	52.00
140624	10.50	52.00
140627	10.80	52.00
140629	10.50	308.00
140631	11.80	52.00
140634	10.40	52.00
140636	10.20	52.00
140638	10.20	52.00
140640	63.60	322.00
140643	10.60	52.00
140645	10.60	52.00
140647	10.30	52.00
140650	10.50	52.00
140652	66.10	334.00
140654	10.60	52.00
140656	10.40	52.00
140659	10.10	52.00
140661	10.60	52.00
140663	65.60	50.00
140666	10.30	52.00
140668	10.20	52.00
140670	10.50	52.00
140673	10.20	52.00
140675	10.40	52.00
140677	10.50	52.00
140679	10.50	52.00
140682	10.50	52.00
140684	10.80	340.00
140686	10.20	52.00
140689	10.40	52.00
140691	10.50	52.00
140693	10.30	52.00
140695	67.70	344.00
140698	10.60	52.00
140700	10.40	52.00
140702	10.60	52.00
140705	10.40	52.00
140707	64.50	328.00
140709	10.40	52.00
140711	10.60	52.00
140714	10.10	52.00
140716	10.20	62.00
140718	62.90	56.00
140721	10.50	52.00
140723	10.30	52.00
140725	10.30	52.00
140728	12.60	62.00
140730	10.60	52.00
140732	10.60	52.00
140734	10.10	52.00
140737	10.50	52.00
140739	12.60	62.00
140741	10.60	52.00
140744	10.50	52.00
140746	10.40	52.00
140748	10.50	52.00
140750	13.50	278.00
140753	10.50	52.00
140755	10.50	52.00
140757	10.60	52.00
140760	10.20	52.00
140762	53.40	272.00
140764	10.50	52.00
140766	10.50	52.00
140769	10.50	52.00
140771	10.30	52.00
140773	51.00	52.00
140776	10.70	52.00
140778	10.60	52.00
140780	10.40	52.00
140783	18.90	96.00
140785	10.50	52.00
140787	10.50	52.00
140789	10.40	52.00
140792	10.50	52.00
140794	20.30	102.00
140796	10.20	52.00
140799	10.30	52.00
140801	10.60	52.00
140803	10.50	52.00
140805	21.60	210.00
140808	10.20	52.00
140810	10.10	52.00
140812	10.50	52.00
140815	10.40	52.00
140817	35.60	180.00
140819	10.20	52.00
140821	10.60	52.00
140824	10.50	52.00
140826	10.40	52.00
140828	29.80	150.00
140831	10.40	52.00
140833	10.50	52.00
140835	10.80	52.00
140838	10.50	176.00
140840	24.40	52.00
140842	10.40	52.00
140844	10.30	52.00
140847	10.20	52.00
140849	37.50	190.00
140851	10.30	52.00
140854	10.40	52.00
140856	10.60	52.00
140858	10.40	52.00
140860	41.40	108.00
140863	10.20	52.00
140865	10.40	52.00
140867	10.50	52.00
140870	10.60	52.00
140872	19.60	98.00
140874	10.10	52.00
140876	10.30	52.00
140879	10.60	52.00
140881	10.50	52.00
140883	18.30	92.00
140886	10.60	52.00
140888	10.50	52.00
140890	10.40	52.00
140893	10.70	258.00
140895	17.20	52.00
140897	10.10	52.00
140899	10.70	56.00
140902	10.10	52.00
140904	53.80	272.00
140906	10.40	52.00
140909	10.60	52.00
140911	10.40	52.00
140913	10.60	52.00
140915	56.00	282.00
140918	10.40	52.00
140920	10.40	52.00
140922	10.60	52.00
140925	10.40	52.00
140927	58.00	66.00
140929	10.50	52.00
140931	10.40	52.00
140934	10.20	52.00
140936	10.50	52.00
140938	11.70	58.00
140941	10.50	52.00
140943	10.50	52.00
140945	10.50	52.00
140948	10.40	318.00
140950	10.90	52.00
140952	10.40	52.00
140954	10.40	56.00
140957	10.80	52.00
140959	64.90	328.00
140961	10.40	52.00
140964	10.20	52.00
140966	10.40	52.00
140968	10.20	52.00
140970	65.60	330.00
140973	10.40	52.00
140975	10.50	52.00
140977	10.40	52.00
140980	10.40	52.00
140982	65.30	52.00
140984	10.40	52.00
140986	10.40	52.00
140989	10.20	52.00
140991	10.50	52.00
140993	10.10	52.00
140996	10.30	52.00
140998	10.20	52.00
141000	10.30	52.00
141003	10.70	56.00
141005	10.40	52.00
141007	10.30	52.00
141009	10.40	52.00
141012	10.30	52.00
141014	11.50	338.00
141016	10.30	52.00
141019	10.20	52.00
141021	10.40	52.00
141023	10.20	52.00
141025	65.10	330.00
141028	10.30	52.00
141030	10.40	52.00
141032	10.60	52.00
141035	10.40	62.00
141037	61.70	52.00
141039	10.40	52.00
141041	10.40	52.00
141044	10.30	52.00
141046	12.40	62.00
141048	10.70	56.00
141051	10.50	52.00
141053	10.40	52.00
141055	10.40	52.00
141058	12.80	66.00
141060	10.50	52.00
141062	10.50	52.00
141064	10.20	52.00
141067	10.30	52.00
141069	13.40	282.00
141071	10.40	56.00
141074	10.40	52.00
141076	10.40	52.00
141078	10.30	52.00
141080	53.10	268.00
141083	10.50	52.00
141085	10.40	52.00
141087	10.60	52.00
141090	10.70	56.00
141092	51.20	52.00
141094	10.40	52.00
141096	10.50	52.00
141099	10.70	52.00
141101	10.40	88.00
141103	10.60	52.00
141106	10.70	56.00
141108	10.60	52.00
141110	10.40	52.00
141113	19.90	102.00
141115	10.40	52.00
141117	10.40	52.00
141119	10.60	52.00
141122	10.30	52.00
141124	20.50	220.00
141126	10.50	52.00
141129	10.50	52.00
141131	10.10	52.00
141133	10.50	52.00
141135	40.10	204.00
141138	10.20	52.00
141140	10.40	52.00
141142	10.60	52.00
141145	10.70	56.00
141147	35.10	176.00
141149	10.40	52.00
141151	10.70	52.00
141154	10.20	52.00
141156	10.30	154.00
141158	29.80	52.00
141161	10.40	52.00
141163	10.50	52.00
141165	10.30	52.00
141168	34.80	176.00
141170	10.30	52.00
141172	10.40	52.00
141174	10.50	52.00
141177	10.50	52.00
141179	38.40	114.00
141181	10.30	52.00
141184	10.60	52.00
141186	10.40	52.00
141188	10.60	52.00
141190	21.40	108.00
141193	10.50	52.00
141195	10.50	52.00
141197	10.30	52.00
141200	10.40	52.00
141202	20.10	102.00
141204	10.50	52.00
141206	10.20	52.00
141209	10.40	52.00
141211	10.80	236.00
141213	18.70	52.00
141216	10.20	52.00
141218	10.20	52.00
141220	10.40	52.00
141223	49.70	252.00
141225	10.60	52.00
141227	10.20	52.00
141229	10.30	52.00
141232	10.30	52.00
141234	52.60	266.00
141236	10.30	52.00
141239	10.20	52.00
141241	10.40	52.00
141243	10.20	52.00
141245	54.10	78.00
141248	10.60	52.00
141250	10.50	52.00
141252	10.40	52.00
141255	10.30	52.00
141257	14.30	72.00
141259	10.20	52.00
141261	10.10	52.00
141264	10.50	52.00
141266	10.50	52.00
141268	13.50	52.00
141271	10.40	52.00
141273	10.40	52.00
141275	10.40	56.00
141278	60.50	304.00
141280	10.50	52.00
141282	10.70	56.00
141284	10.20	52.00
141287	10.50	52.00
141289	62.70	318.00
141291	10.40	52.00
141294	10.70	56.00
141296	10.50	52.00
141298	10.40	52.00
141300	64.80	50.00
141303	10.20	52.00
141305	10.40	52.00
141307	10.20	52.00
141310	10.30	52.00
141312	9.90	50.00
141314	10.50	52.00
141316	10.50	52.00
141319	10.40	52.00
141321	10.30	52.00
141323	9.90	50.00
141326	10.50	52.00
141328	10.40	52.00
141330	10.70	52.00
141333	10.10	334.00
141335	10.10	52.00
141337	10.40	52.00
141339	10.20	52.00
141342	10.40	52.00
141344	67.70	344.00
141346	10.30	52.00
141349	10.30	52.00
141351	10.50	52.00
141353	10.30	58.00
141355	67.60	52.00
141358	10.40	52.00
141360	10.10	56.00
141362	10.30	52.00
141365	11.60	58.00
141367	10.70	56.00
141369	10.20	52.00
141371	10.30	52.00
141374	10.40	52.00
141376	12.20	62.00
141378	10.50	52.00
141381	10.20	52.00
141383	10.50	52.00
141385	10.60	52.00
141388	12.20	302.00
141390	10.30	56.00
141392	10.50	52.00
141394	10.40	52.00
141397	10.40	52.00
141399	57.40	292.00
141401	10.50	52.00
141404	10.40	52.00
141406	10.40	52.00
141408	10.70	56.00
141410	55.70	282.00
141413	10.50	52.00
141415	10.30	52.00
141417	10.40	52.00
141420	10.40	78.00
141422	52.20	52.00
141424	10.50	52.00
141426	10.30	52.00
141429	10.40	52.00
141431	16.90	86.00
141433	10.30	52.00
141436	10.50	52.00
141438	10.50	52.00
141440	10.40	52.00
141443	18.90	242.00
141445	10.60	52.00
141447	10.20	52.00
141449	10.40	52.00
141452	10.20	52.00
141454	45.10	230.00
141456	10.40	52.00
141459	10.50	52.00
141461	10.30	52.00
141463	10.60	52.00
141465	41.40	210.00
141468	10.70	56.00
141470	10.50	52.00
141472	10.30	52.00
141475	10.20	122.00
141477	36.40	52.00
141479	10.10	52.00
141481	10.50	52.00
141484	10.40	52.00
141486	30.60	154.00
141488	10.10	52.00
141491	10.40	52.00
141493	10.30	52.00
141495	10.50	52.00
141498	34.70	174.00
141500	10.60	52.00
141502	10.40	52.00
141504	10.80	52.00
141507	10.50	52.00
141509	37.60	114.00
141511	10.50	52.00
141514	10.50	52.00
141516	10.40	52.00
141518	10.30	52.00
141520	20.90	104.00
141523	10.40	52.00
141525	10.60	52.00
141527	10.10	52.00
141530	10.30	230.00
141532	19.10	52.00
141534	10.30	52.00
141536	10.50	52.00
141539	10.50	52.00
141541	49.00	246.00
141543	10.30	52.00
141546	10.50	52.00
141548	10.40	52.00
141550	10.60	52.00
141553	52.40	266.00
141555	10.30	52.00
141557	10.40	52.00
141559	10.50	52.00
141562	10.40	52.00
141564	53.90	78.00
141566	10.40	56.00
141569	10.20	52.00
141571	10.20	52.00
141573	10.70	56.00
141575	13.70	68.00
141578	10.50	52.00
141580	10.30	52.00
141582	10.40	52.00
141585	10.50	52.00
141587	12.20	52.00
141589	10.50	52.00
141591	10.70	52.00
141594	10.80	52.00
141596	10.60	314.00
141598	10.40	52.00
141601	10.50	52.00
141603	10.30	52.00
141605	10.50	52.00
141608	63.70	322.00
141610	10.30	52.00
141612	10.10	52.00
141614	10.60	52.00
141617	10.50	52.00
141619	66.10	50.00
141621	10.50	52.00
141624	10.60	52.00
141626	10.40	52.00
141628	10.30	52.00
141630	10.20	52.00
141633	10.40	52.00
141635	10.50	52.00
141637	10.10	52.00
141640	10.50	52.00
141642	10.30	52.00
141644	10.70	56.00
141646	10.10	52.00
141649	10.50	52.00
141651	10.90	340.00
141653	10.30	52.00
141656	10.50	56.00
141658	10.20	52.00
141660	10.40	52.00
141663	67.30	340.00
141665	10.40	52.00
141667	10.70	56.00
141669	10.50	52.00
141672	10.80	56.00
141674	64.80	52.00
141676	10.50	52.00
141679	10.50	52.00
141681	10.50	52.00
141683	10.40	62.00
141685	10.60	52.00
141688	10.50	52.00
141690	10.60	52.00
141692	10.40	52.00
141695	12.00	62.00
141697	10.60	52.00
141699	10.60	52.00
141701	10.40	52.00
141704	10.40	56.00
141706	11.90	318.00
141708	10.70	52.00
141711	10.50	52.00
141713	10.20	56.00
141715	10.10	52.00
141718	60.30	304.00
141720	10.10	52.00
141722	10.20	52.00
141724	10.40	52.00
141727	10.30	52.00
141729	55.00	278.00
141731	10.60	52.00
141734	10.40	52.00
141736	10.60	52.00
141738	10.40	78.00
141740	52.60	52.00
141743	10.50	52.00
141745	10.40	52.00
141747	10.50	52.00
141750	17.20	86.00
141752	10.40	52.00
141754	10.60	52.00
141756	10.30	52.00
141759	10.60	52.00
141761	18.80	96.00
141763	10.40	52.00
141766	10.40	52.00
141768	10.30	52.00
141770	10.60	52.00
141773	45.00	230.00
141775	10.40	52.00
141777	10.40	52.00
141779	10.50	52.00
141782	10.70	56.00
141784	39.70	200.00
141786	10.50	52.00
141789	10.40	52.00
141791	10.40	52.00
141793	10.40	124.00
141795	35.60	52.00
141798	10.40	52.00
141800	10.50	52.00
141802	10.40	52.00
141805	30.90	158.00
141807	10.30	52.00
141809	10.40	52.00
141811	10.40	52.00
141814	10.40	52.00
141816	34.10	170.00
141818	10.40	52.00
141821	10.40	52.00
141823	10.40	52.00
141825	10.60	52.00
141828	37.20	114.00
141830	10.30	52.00
141832	10.50	52.00
141834	10.20	52.00
141837	10.40	52.00
141839	21.10	108.00
141841	10.30	52.00
141844	10.40	52.00
141846	10.50	52.00
141848	10.30	220.00
141850	19.60	52.00
141853	10.50	52.00
141855	10.30	52.00
141857	10.20	52.00
141860	48.30	242.00
141862	10.40	52.00
141864	10.00	50.00
141866	10.50	52.00
141869	10.60	52.00
141871	50.90	256.00
141873	10.30	52.00
141876	10.40	52.00
141878	10.50	52.00
141880	10.40	52.00
141883	53.60	78.00
141885	10.60	52.00
141887	10.30	52.00
141889	10.60	52.00
141892	10.40	52.00
141894	14.20	72.00
141896	10.40	52.00
141899	10.50	52.00
141901	10.30	52.00
141903	10.50	52.00
141905	12.70	66.00
141908	10.40	52.00
141910	10.50	52.00
141912	10.40	52.00
141915	10.20	308.00
141917	11.40	52.00
141919	10.40	52.00
141921	10.50	52.00
141924	10.70	56.00
141926	64.00	324.00
141928	10.40	52.00
141931	10.50	52.00
141933	10.30	52.00
141935	10.40	52.00
141938	66.10	50.00
141940	10.20	52.00
141942	10.20	52.00
141944	10.20	52.00
141947	10.40	52.00
141949	9.90	50.00
141951	10.70	56.00
141954	10.50	52.00
141956	10.50	52.00
141958	10.40	52.00
141960	10.20	52.00
141963	10.40	52.00
141965	10.50	52.00
141967	10.40	52.00
141970	10.40	338.00
141972	10.50	52.00
141974	10.40	52.00
141976	10.40	52.00
141979	10.30	52.00
141981	67.50	340.00
141983	10.40	52.00
141986	10.40	52.00
141988	10.40	52.00
141990	10.50	52.00
141993	66.50	338.00
141995	10.40	52.00
141997	10.30	52.00
141999	10.50	52.00
142002	10.40	58.00
142004	62.20	56.00
142006	10.60	52.00
142009	10.60	52.00
142011	10.40	52.00
142013	12.10	62.00
142015	10.40	52.00
142018	10.50	52.00
142020	10.30	52.00
142022	10.10	52.00
142025	12.70	292.00
142027	10.40	52.00
142029	10.30	52.00
142031	10.10	52.00
142034	10.60	52.00
142036	55.70	282.00
142038	10.60	52.00
142041	10.50	52.00
142043	10.20	52.00
142045	10.30	52.00
142048	52.30	266.00
142050	10.50	52.00
142052	10.30	52.00
142054	10.70	52.00
142057	10.50	86.00
142059	51.00	52.00
142061	10.60	52.00
142064	10.20	52.00
142066	10.50	52.00
142068	17.70	88.00
142070	10.20	52.00
142073	10.40	52.00
142075	10.60	52.00
142077	10.50	52.00
142080	19.40	98.00
142082	10.20	52.00
142084	10.20	52.00
142086	10.50	52.00
142089	10.30	52.00
142091	21.20	220.00
142093	10.20	52.00
142096	10.60	52.00
142098	10.40	52.00
142100	10.50	52.00
142103	38.50	196.00
142105	10.50	52.00
142107	10.50	52.00
142109	10.40	52.00
142112	10.50	134.00
142114	34.90	52.00
142116	10.20	52.00
142119	10.10	52.00
142121	10.20	52.00
142123	33.00	168.00
142125	10.40	52.00
142128	10.30	52.00
142130	10.50	52.00
142132	10.50	52.00
142135	36.10	184.00
142137	10.30	52.00
142139	10.60	52.00
142141	10.50	52.00
142144	10.40	52.00
142146	40.00	108.00
142148	10.40	52.00
142151	10.50	52.00
142153	10.20	52.00
142155	10.70	56.00
142158	20.70	104.00
142160	10.60	52.00
142162	10.70	56.00
142164	10.20	52.00
142167	10.20	52.00
142169	18.90	52.00
142171	10.20	52.00
142174	10.30	52.00
142176	10.70	52.00
142178	10.40	252.00
142180	10.30	52.00
142183	10.50	52.00
142185	10.20	52.00
142187	10.40	52.00
142190	52.60	266.00
142192	10.70	56.00
142194	10.40	52.00
142196	10.50	52.00
142199	10.30	52.00
142201	55.30	76.00
142203	10.40	52.00
142206	10.50	56.00
142208	10.40	52.00
142210	10.20	52.00
142213	13.60	68.00
142215	10.20	52.00
142217	10.50	52.00
142219	10.10	52.00
142222	10.30	52.00
142224	12.50	62.00
142226	10.30	52.00
142229	10.40	52.00
142231	10.30	52.00
142233	10.10	312.00
142235	11.10	56.00
142238	10.30	52.00
142240	10.20	52.00
142242	10.40	52.00
142245	63.80	322.00
142247	10.60	52.00
142249	10.60	52.00
142251	10.40	52.00
142254	10.40	52.00
142256	65.80	334.00
142258	10.30	52.00
142261	10.20	52.00
142263	10.50	52.00
142265	10.60	52.00
142268	10.00	50.00
142270	10.30	52.00
142272	10.50	52.00
142274	10.40	52.00
142277	10.20	52.00
142279	10.10	52.00
142281	10.50	52.00
142284	10.20	52.00
142286	10.50	52.00
142288	10.40	340.00
142290	10.30	52.00
142293	10.30	52.00
142295	10.10	52.00
142297	10.50	52.00
142300	67.70	344.00
142302	10.30	52.00
142304	10.30	52.00
142306	10.40	52.00
142309	10.40	52.00
142311	65.60	334.00
142313	10.50	52.00
142316	10.50	52.00
142318	10.70	50.00
142320	10.40	62.00
142323	62.10	52.00
142325	10.40	52.00
142327	10.40	52.00
142329	10.50	52.00
142332	12.10	62.00
142334	10.70	56.00
142336	10.60	52.00
142339	10.50	52.00
142341	10.10	52.00
142343	12.50	288.00
142345	10.30	52.00
142348	10.40	52.00
142350	10.50	52.00
142352	10.60	56.00
142355	55.30	282.00
142357	10.40	52.00
142359	10.40	52.00
142361	10.50	52.00
142364	10.30	52.00
142366	53.30	268.00
142368	10.60	52.00
142371	10.50	52.00
142373	10.50	52.00
142375	10.70	86.00
142378	51.10	52.00
142380	10.20	52.00
142382	10.50	52.00
142384	10.40	52.00
142387	18.10	92.00
142389	10.20	52.00
142391	10.40	52.00
142394	10.50	52.00
142396	10.20	52.00
142398	19.80	102.00
142400	10.50	52.00
142403	10.70	52.00
142405	10.50	52.00
142407	10.60	52.00
142410	21.50	212.00
142412	10.50	52.00
142414	10.50	52.00
142416	10.20	52.00
142419	10.40	52.00
142421	37.60	190.00
142423	10.60	52.00
142426	10.40	52.00
142428	10.40	52.00
142430	10.50	52.00
142433	30.90	52.00
142435	10.40	52.00
142437	10.70	52.00
142439	10.40	52.00
142442	35.00	176.00
142444	10.30	52.00
142446	10.10	52.00
142449	10.30	52.00
142451	10.40	52.00
142453	38.70	196.00
142455	10.50	52.00
142458	10.20	52.00
142460	10.20	52.00
142462	10.30	52.00
142465	41.30	104.00
142467	10.50	52.00
142469	10.40	52.00
142471	10.40	52.00
142474	10.50	52.00
142476	19.30	98.00
142478	10.40	52.00
142481	10.40	52.00
142483	10.30	52.00
142485	10.50	52.00
142488	18.00	92.00
142490	10.30	52.00
142492	10.30	52.00
142494	10.70	52.00
142497	10.70	262.00
142499	16.70	52.00
142501	10.50	52.00
142504	10.40	52.00
142506	10.40	52.00
142508	54.00	272.00
142510	10.30	52.00
142513	10.10	52.00
142515	10.20	52.00
142517	10.50	52.00
142520	56.00	72.00
142522	10.70	52.00
142524	10.20	52.00
142526	10.50	52.00
142529	10.40	52.00
142531	12.80	66.00
142533	10.40	52.00
142536	10.50	52.00
142538	10.30	52.00
142540	10.40	52.00
142543	11.40	58.00
142545	10.40	52.00
142547	10.60	52.00
142549	10.10	52.00
142552	10.40	322.00
142554	10.50	52.00
142556	10.20	52.00
142559	10.40	52.00
142561	10.40	52.00
142563	66.50	338.00
142565	10.30	52.00
142568	10.70	56.00
142570	10.60	52.00
142572	10.30	52.00
142575	65.70	330.00
142577	10.40	52.00
142579	10.30	52.00
142581	10.20	52.00
142584	10.50	56.00
142586	65.70	52.00
142588	10.50	52.00
142591	10.40	52.00
142593	10.40	52.00
142595	10.50	52.00
142598	10.00	50.00
142600	10.40	52.00
142602	10.30	52.00
142604	10.70	56.00
142607	10.90	348.00
142609	10.20	52.00
142611	10.30	52.00
142614	10.30	52.00
142616	10.50	52.00
142618	66.80	338.00
142620	10.30	52.00
142623	10.60	52.00
142625	10.50	52.00
142627	10.40	52.00
142630	63.70	324.00
142632	10.40	52.00
142634	10.20	52.00
142636	10.30	52.00
142639	10.50	58.00
142641	62.70	56.00
142643	10.50	52.00
142646	10.30	52.00
142648	10.50	52.00
142650	12.30	62.00
142653	10.30	52.00
142655	10.50	52.00
142657	10.40	52.00
142659	10.10	52.00
142662	12.50	62.00
142664	10.60	52.00
142666	10.50	52.00
142669	10.20	52.00
142671	10.40	52.00
142673	13.40	282.00
142675	10.60	52.00
142678	10.40	52.00
142680	10.40	52.00
142682	10.20	52.00
142685	53.50	272.00
142687	10.60	52.00
142689	10.60	52.00
142691	10.30	52.00
142694	10.30	86.00
142696	50.40	52.00
142698	10.30	52.00
142701	10.30	52.00
142703	10.30	52.00
142705	18.60	96.00
142708	10.40	52.00
142710	10.40	52.00
142712	10.40	52.00
142714	10.60	52.00
142717	19.80	98.00
142719	10.60	52.00
142721	10.20	52.00
142724	10.40	52.00
142726	10.40	52.00
142728	21.60	212.00
142730	10.40	52.00
142733	10.70	56.00
142735	10.30	52.00
142737	10.50	52.00
142740	37.60	190.00
142742	10.20	52.00
142744	10.60	52.00
142746	10.20	52.00
142749	10.40	52.00
142751	32.50	52.00
142753	10.50	52.00
142756	10.40	52.00
142758	10.50	52.00
142760	10.40	170.00
142763	10.30	52.00
142765	10.60	52.00
142767	10.40	52.00
142769	10.40	52.00
142772	37.40	190.00
142774	10.40	52.00
142776	10.20	52.00
142779	10.60	52.00
142781	10.40	52.00
142783	40.60	108.00
142785	10.30	52.00
142788	10.20	52.00
142790	10.40	52.00
142792	10.20	52.00
142795	20.10	102.00
142797	10.40	52.00
142799	10.60	52.00
142801	10.50	52.00
142804	10.40	52.00
142806	18.30	92.00
142808	10.40	52.00
142811	10.40	56.00
142813	10.50	52.00
142815	10.20	258.00
142818	17.40	52.00
142820	10.40	52.00
142822	10.60	52.00
142824	10.40	52.00
142827	53.00	268.00
142829	10.50	52.00
142831	10.30	52.00
142834	10.50	52.00
142836	10.40	52.00
142838	55.30	76.00
142840	10.40	52.00
142843	10.40	52.00
142845	10.50	52.00
142847	10.50	52.00
142850	13.70	68.00
142852	10.30	52.00
142854	10.50	52.00
142856	10.20	52.00
142859	10.40	52.00
142861	12.80	66.00
142863	10.30	52.00
142866	10.00	50.00
142868	10.20	52.00
142870	10.50	312.00
142873	10.90	52.00
142875	10.60	52.00
142877	10.60	52.00
142879	10.30	52.00
142882	63.60	322.00
142884	10.60	52.00
142886	10.10	52.00
142889	10.40	52.00
142891	10.40	52.00
142893	65.90	334.00
142895	10.40	52.00
142898	10.20	52.00
142900	10.40	52.00
142902	10.30	52.00
142905	65.20	50.00
142907	10.30	52.00
142909	10.50	52.00
142911	10.40	52.00
142914	10.30	52.00
142916	10.00	50.00
142918	10.50	52.00
142921	10.30	52.00
142923	10.50	52.00
142925	10.40	52.00
142928	10.50	52.00
142930	10.60	52.00
142932	10.50	52.00
142934	10.50	52.00
142937	67.60	344.00
142939	10.40	52.00
142941	10.30	52.00
142944	10.50	52.00
142946	10.50	52.00
142948	65.30	330.00
142950	10.60	52.00
142953	10.20	52.00
142955	10.60	52.00
142957	10.70	62.00
142960	62.60	56.00
142962	10.50	52.00
142964	10.60	56.00
142966	10.40	52.00
142969	12.10	62.00
142971	10.60	52.00
142973	10.50	52.00
142976	10.40	52.00
142978	10.40	52.00
142980	12.60	62.00
142983	10.50	52.00
142985	10.40	56.00
142987	10.10	52.00
142989	10.50	52.00
142992	14.10	282.00
142994	10.50	52.00
142996	10.40	52.00
142999	10.70	56.00
143001	10.40	52.00
143003	51.90	262.00
143005	10.70	56.00
143008	10.50	52.00
143010	10.40	52.00
143012	10.50	52.00
143015	49.80	52.00
143017	10.40	52.00
143019	10.40	52.00
143021	10.50	52.00
143024	10.40	96.00
143026	10.30	52.00
143028	10.40	52.00
143031	10.40	52.00
143033	10.20	52.00
143035	20.10	102.00
143038	10.70	56.00
143040	10.40	52.00
143042	10.40	52.00
143044	10.60	52.00
143047	21.90	206.00
143049	10.60	52.00
143051	10.40	52.00
143054	10.60	52.00
143056	10.50	52.00
143058	35.40	180.00
143060	10.40	52.00
143063	10.10	52.00
143065	10.20	52.00
143067	10.20	52.00
143070	28.60	144.00
143072	10.30	52.00
143074	10.30	52.00
143076	10.20	52.00
143079	10.60	174.00
143081	25.30	52.00
143083	10.30	52.00
143086	10.60	52.00
143088	10.40	52.00
143090	38.00	190.00
143093	10.20	52.00
143095	10.20	52.00
143097	10.50	52.00
143099	10.60	52.00
143102	41.10	108.00
143104	10.40	52.00
143106	10.20	52.00
143109	10.50	52.00
143111	10.70	56.00
143113	19.30	98.00
143115	10.30	52.00
143118	10.50	52.00
143120	10.30	52.00
143122	10.40	52.00
143125	18.30	92.00
143127	10.30	52.00
143129	10.30	52.00
143131	10.40	52.00
143134	10.00	262.00
143136	16.90	52.00
143138	10.40	52.00
143141	10.20	52.00
143143	10.60	52.00
143145	54.10	272.00
143148	10.40	52.00
143150	10.50	52.00
143152	10.40	52.00
143154	10.50	52.00
143157	55.80	282.00
143159	10.50	52.00
143161	10.60	52.00
143164	10.40	52.00
143166	10.40	52.00
143168	58.70	66.00
143170	10.50	52.00
143173	10.20	52.00
143175	10.70	56.00
143177	10.40	52.00
143180	11.60	58.00
143182	10.30	52.00
143184	10.00	50.00
143186	10.50	52.00
143189	10.40	314.00
143191	10.80	52.00
143193	10.40	52.00
143196	10.60	52.00
143198	10.50	52.00
143200	64.80	328.00
143203	10.30	52.00
143205	10.80	56.00
143207	10.30	52.00
143209	10.40	52.00
143212	66.40	334.00
143214	10.30	52.00
143216	10.30	52.00
143219	10.30	52.00
143221	10.20	52.00
143223	65.30	52.00
143225	10.50	52.00
143228	10.30	52.00
143230	10.50	52.00
143232	10.40	52.00
143235	10.40	52.00
143237	10.40	52.00
143239	10.40	52.00
143241	10.30	52.00
143244	11.10	56.00
143246	10.30	56.00
143248	10.60	52.00
143251	10.40	52.00
143253	10.50	52.00
143255	11.50	340.00
143258	10.30	52.00
143260	10.70	56.00
143262	10.40	52.00
143264	10.40	52.00
143267	63.80	324.00
143269	10.10	52.00
143271	10.40	52.00
143274	10.10	52.00
143276	10.60	62.00
143278	61.80	56.00
143280	10.40	52.00
143283	10.20	52.00
143285	10.60	52.00
143287	12.50	62.00
143290	10.60	52.00
143292	10.40	52.00
143294	10.50	52.00
143296	10.60	52.00
143299	12.80	66.00
143301	10.50	52.00
143303	10.40	52.00
143306	10.30	52.00
143308	10.30	52.00
143310	14.50	276.00
143313	10.70	52.00
143315	10.40	52.00
143317	10.30	52.00
143319	10.70	56.00
143322	52.40	266.00
143324	10.10	52.00
143326	10.20	52.00
143329	10.20	52.00
143331	10.40	52.00
143333	49.60	52.00
143335	10.80	56.00
143338	10.30	52.00
143340	10.30	52.00
143342	10.20	96.00
143345	10.70	56.00
143347	10.40	52.00
143349	10.40	52.00
143351	10.40	52.00
143354	20.10	102.00
143356	10.50	52.00
143358	10.20	52.00
143361	10.40	52.00
143363	10.70	52.00
143365	21.40	216.00
143368	10.50	56.00
143370	10.50	52.00
143372	10.40	52.00
143374	10.50	52.00
143377	37.80	190.00
143379	10.10	52.00
143381	10.50	52.00
143384	10.50	52.00
143386	10.30	52.00
143388	33.10	168.00
143390	10.60	52.00
143393	10.20	56.00
143395	10.20	52.00
143397	10.70	164.00
143400	27.10	52.00
143402	10.50	52.00
143404	10.10	52.00
143406	10.50	52.00
143409	36.00	180.00
143411	10.30	52.00
143413	10.40	52.00
143416	10.50	52.00
143418	10.60	52.00
143420	39.60	112.00
143423	10.40	52.00
143425	10.50	52.00
143427	10.40	52.00
143429	10.40	52.00
143432	20.70	104.00
143434	10.60	52.00
143436	10.50	52.00
143439	10.40	52.00
143441	10.20	52.00
143443	19.10	98.00
143445	10.40	52.00
143448	10.40	52.00
143450	10.40	52.00
143452	10.20	252.00
143455	17.70	52.00
143457	10.30	52.00
143459	10.60	52.00
143461	10.50	52.00
143464	52.10	262.00
143466	10.20	52.00
143468	10.50	52.00
143471	10.60	52.00
143473	10.50	52.00
143475	54.60	276.00
143478	10.20	52.00
143480	10.50	52.00
143482	10.50	52.00
143484	10.70	52.00
143487	56.20	72.00
143489	10.50	52.00
143491	10.40	52.00
143494	10.10	52.00
143496	10.30	52.00
143498	13.40	68.00
143500	10.30	52.00
143503	10.30	52.00
143505	10.50	52.00
143507	10.40	52.00
143510	11.70	52.00
143512	10.40	52.00
143514	10.40	52.00
143516	10.20	52.00
143519	10.50	318.00
143521	10.60	52.00
143523	10.40	52.00
143526	10.50	52.00
143528	10.60	52.00
143530	65.80	334.00
143533	10.40	52.00
143535	10.40	52.00
143537	10.40	52.00
143539	10.20	52.00
143542	65.90	52.00
143544	10.40	52.00
143546	10.30	52.00
143549	10.60	52.00
143551	10.60	52.00
143553	10.10	52.00
143555	10.40	52.00
143558	10.50	52.00
143560	10.50	52.00
143562	10.70	56.00
143565	10.30	52.00
143567	10.40	52.00
143569	10.40	52.00
143571	10.60	52.00
143574	11.10	344.00
143576	10.30	52.00
143578	10.40	52.00
143581	10.30	52.00
143583	10.60	52.00
143585	66.20	334.00
143588	10.40	52.00
143590	10.40	52.00
143592	10.40	52.00
143594	10.20	52.00
143597	62.40	52.00
143599	10.50	52.00
143601	10.40	52.00
143604	10.30	52.00
143606	12.30	62.00
143608	10.50	52.00
143610	10.10	52.00
143613	10.50	52.00
143615	10.50	52.00
143617	12.40	62.00
143620	10.40	52.00
143622	10.00	50.00
143624	10.50	52.00
143626	10.20	52.00
143629	13.40	282.00
143631	10.40	52.00
143633	10.50	52.00
143636	10.30	52.00
143638	10.30	52.00
143640	53.70	272.00
143643	10.50	52.00
143645	10.50	52.00
143647	10.80	56.00
143649	10.70	56.00
143652	51.30	258.00
143654	10.30	52.00
143656	10.40	52.00
143659	10.20	52.00
143661	10.40	92.00
143663	48.10	52.00
143665	10.60	52.00
143668	10.40	52.00
143670	10.50	52.00
143672	19.70	98.00
143675	10.30	52.00
143677	10.50	52.00
143679	10.40	52.00
143681	10.20	52.00
143684	20.30	220.00
143686	10.70	52.00
143688	10.20	52.00
143691	10.40	52.00
143693	10.80	52.00
143695	40.10	204.00
143698	10.40	52.00
143700	10.30	52.00
143702	10.80	56.00
143704	10.20	52.00
143707	32.50	164.00
143709	10.50	52.00
143711	10.60	52.00
143714	10.40	52.00
143716	10.70	164.00
143718	26.40	52.00
143720	10.20	52.00
143723	10.20	52.00
143725	10.30	52.00
143727	37.20	186.00
143730	10.60	52.00
143732	10.60	52.00
143734	10.40	52.00
143736	10.60	52.00
143739	40.10	204.00
143741	10.40	52.00
143743	10.30	52.00
143746	10.40	52.00
143748	10.30	52.00
143750	43.20	102.00
143753	10.60	52.00
143755	10.50	52.00
143757	10.30	52.00
143759	10.70	56.00
143762	18.60	96.00
143764	10.50	52.00
143766	10.40	52.00
143769	10.50	52.00
143771	10.50	256.00
143773	17.40	52.00
143775	10.70	52.00
143778	10.10	52.00
143780	10.80	56.00
143782	53.40	268.00
143785	10.40	52.00
143787	10.20	52.00
143789	10.30	52.00
143791	10.50	52.00
143794	55.30	278.00
143796	10.30	52.00
143798	10.20	52.00
143801	10.30	52.00
143803	10.60	52.00
143805	57.70	68.00
143808	10.40	52.00
143810	10.60	52.00
143812	10.40	52.00
143814	10.40	52.00
143817	11.70	58.00
143819	10.20	52.00
143821	10.50	52.00
143824	10.50	52.00
143826	10.50	52.00
143828	10.80	52.00
143830	10.40	52.00
143833	10.40	52.00
143835	10.00	52.00
143837	10.20	406.00
143840	10.40	52.00
143842	10.50	52.00
143844	10.60	52.00
143846	10.30	52.00
143849	65.80	330.00
143851	10.50	52.00
143853	10.50	52.00
143856	10.20	52.00
143858	10.40	56.00
143860	64.60	50.00
143863	10.70	52.00
143865	10.30	52.00
143867	10.30	52.00
143869	10.50	52.00
143872	10.00	50.00
143874	10.20	52.00
143876	10.40	52.00
143879	10.20	52.00
143881	10.90	56.00
143883	10.40	52.00
143885	10.10	52.00
143888	10.20	52.00
143890	10.30	52.00
143892	11.70	350.00
143895	10.20	52.00
143897	10.50	52.00
143899	10.50	52.00
143901	10.50	52.00
143904	69.90	354.00
143906	10.40	52.00
143908	10.30	52.00
143911	10.40	52.00
143913	10.10	52.00
143915	59.30	52.00
143918	10.70	52.00
143920	10.50	52.00
143922	10.50	52.00
143924	10.40	66.00
143927	10.80	56.00
143929	10.30	52.00
143931	10.50	52.00
143934	10.10	52.00
143936	13.40	68.00
143938	10.40	52.00
143940	10.80	56.00
143943	10.50	52.00
143945	10.20	52.00
143947	15.40	304.00
143950	10.50	52.00
143952	10.10	52.00
143954	10.50	52.00
143956	10.40	52.00
143959	57.60	292.00
143961	10.60	52.00
143963	10.50	52.00
143966	10.40	52.00
143968	10.40	52.00
143970	55.40	282.00
143973	10.20	52.00
143975	10.80	52.00
143977	10.50	52.00
143979	10.50	96.00
143982	44.30	52.00
143984	10.70	56.00
143986	10.50	52.00
143989	10.40	52.00
143991	20.70	104.00
143993	10.50	52.00
143995	10.70	56.00
143998	10.40	52.00
144000	10.50	52.00
144002	22.30	242.00
144005	10.60	52.00
144007	10.40	52.00
144009	10.50	52.00
144011	10.40	52.00
144014	42.10	212.00
144016	10.20	52.00
144018	10.20	52.00
144021	10.50	52.00
144023	10.20	52.00
144025	36.60	186.00
144028	10.60	52.00
144030	10.70	56.00
144032	10.30	52.00
144034	10.50	180.00
144037	23.20	52.00
144039	10.40	52.00
144041	10.30	52.00
144044	10.60	52.00
144046	39.40	200.00
144048	10.20	52.00
144050	10.60	52.00
144053	10.40	52.00
144055	10.10	52.00
144057	42.10	212.00
144060	10.30	52.00
144062	10.40	52.00
144064	10.50	52.00
144066	10.60	52.00
144069	44.60	98.00
144071	10.10	52.00
144073	10.50	52.00
144076	10.50	52.00
144078	10.40	52.00
144080	17.80	92.00
144083	10.60	52.00
144085	10.20	52.00
144087	10.60	52.00
144089	10.20	52.00
144092	17.20	52.00
144094	10.40	52.00
144096	10.70	52.00
144099	10.10	52.00
144101	53.10	268.00
144103	10.40	52.00
144105	10.30	52.00
144108	10.60	52.00
144110	10.50	52.00
144112	56.10	282.00
144115	10.20	52.00
144117	10.40	52.00
144119	10.40	52.00
144121	10.20	52.00
144124	57.80	66.00
144126	10.50	52.00
144128	10.50	52.00
144131	10.30	52.00
144133	10.20	52.00
144135	12.20	62.00
144138	10.10	52.00
144140	10.40	52.00
144142	10.40	52.00
144144	10.20	52.00
144147	10.40	52.00
144149	10.50	56.00
144151	10.70	52.00
144154	10.50	52.00
144156	10.70	330.00
144158	9.80	52.00
144160	10.50	52.00
144163	10.20	52.00
144165	10.40	52.00
144167	65.30	330.00
144170	10.40	52.00
144172	10.20	52.00
144174	10.30	52.00
144176	10.30	52.00
144179	66.40	52.00
144181	10.40	52.00
144183	10.60	52.00
144186	10.40	52.00
144188	10.40	52.00
144190	10.40	52.00
144193	10.20	52.00
144195	10.50	52.00
144197	10.40	52.00
144199	11.10	56.00
144202	10.70	56.00
144204	10.50	52.00
144206	10.20	52.00
144209	10.20	52.00
144211	11.60	334.00
144213	10.50	52.00
144215	10.50	52.00
144218	10.40	52.00
144220	10.20	52.00
144222	63.40	322.00
144225	10.60	52.00
144227	10.40	52.00
144229	10.40	52.00
144231	10.30	52.00
144234	60.90	308.00
144236	10.60	52.00
144238	10.50	52.00
144241	10.20	52.00
144243	10.20	62.00
144245	59.00	56.00
144248	10.50	52.00
144250	10.30	52.00
144252	10.30	52.00
144254	13.00	66.00
144257	10.30	52.00
144259	10.50	52.00
144261	10.30	52.00
144264	10.10	52.00
144266	15.00	276.00
144268	10.20	56.00
144270	10.50	52.00
144273	10.40	52.00
144275	10.40	52.00
144277	51.20	258.00
144280	10.40	52.00
144282	10.60	52.00
144284	10.60	52.00
144286	10.20	52.00
144289	49.00	250.00
144291	10.60	52.00
144293	10.30	52.00
144296	10.50	56.00
144298	10.50	96.00
144300	46.30	52.00
144303	10.50	52.00
144305	10.60	52.00
144307	10.50	52.00
144309	20.70	104.00
144312	10.40	52.00
144314	10.30	52.00
144316	10.50	52.00
144319	10.40	52.00
144321	21.70	108.00
144323	10.30	52.00
144325	10.30	52.00
144328	10.20	52.00
144330	10.50	52.00
144332	27.60	176.00
144335	10.60	52.00
144337	10.50	52.00
144339	10.40	52.00
144341	10.40	52.00
144344	26.20	134.00
144346	10.40	52.00
144348	10.50	52.00
144351	10.40	52.00
144353	10.20	180.00
144355	23.70	52.00
144358	10.30	52.00
144360	10.40	52.00
144362	10.20	52.00
144364	38.80	196.00
144367	10.40	52.00
144369	10.60	52.00
144371	10.40	52.00
144374	10.40	52.00
144376	42.10	212.00
144378	10.60	52.00
144380	10.40	52.00
144383	10.40	52.00
144385	10.20	52.00
144387	46.50	96.00
144390	10.50	56.00
144392	10.50	52.00
144394	10.10	52.00
144396	10.70	56.00
144399	17.60	88.00
144401	10.50	52.00
144403	10.50	52.00
144406	10.40	52.00
144408	10.40	52.00
144410	16.10	52.00
144413	10.40	52.00
144415	10.40	52.00
144417	10.40	52.00
144419	10.70	276.00
144422	10.60	52.00
144424	10.20	52.00
144426	10.40	52.00
144429	10.30	52.00
144431	56.40	286.00
144433	10.50	52.00
144435	10.30	52.00
144438	10.30	52.00
144440	10.30	52.00
144442	59.20	66.00
144445	18.70	76.00
144447	10.50	52.00
144449	10.70	52.00
144451	10.20	52.00
144454	11.00	56.00
144456	10.50	52.00
144458	10.20	52.00
144461	10.50	52.00
144463	10.40	52.00
144465	10.40	52.00
144468	10.40	52.00
144470	10.40	52.00
144472	10.40	52.00
144474	10.00	330.00
144477	10.10	52.00
144479	10.40	52.00
144481	10.50	52.00
144484	10.30	52.00
144486	65.30	330.00
144488	10.40	52.00
144490	10.70	56.00
144493	10.50	52.00
144495	10.30	52.00
144497	66.40	50.00
144500	10.20	52.00
144502	10.50	52.00
144504	10.60	52.00
144506	10.50	52.00
144509	10.40	52.00
144511	10.20	52.00
144513	10.20	52.00
144516	10.40	52.00
144518	11.30	56.00
144520	10.20	52.00
144523	10.20	52.00
144525	10.30	52.00
144527	10.50	52.00
144529	11.60	340.00
144532	10.60	56.00
144534	10.40	52.00
144536	10.40	52.00
144539	10.40	52.00
144541	62.50	318.00
144543	10.50	52.00
144545	10.40	52.00
144548	10.40	52.00
144550	10.60	52.00
144552	61.10	308.00
144555	10.40	52.00
144557	10.50	52.00
144559	10.50	52.00
144561	10.30	62.00
144564	58.50	56.00
144566	10.70	52.00
144568	10.70	56.00
144571	10.50	52.00
144573	12.80	66.00
144575	10.40	52.00
144578	10.30	52.00
144580	10.20	52.00
144582	10.20	52.00
144584	15.10	266.00
144587	10.40	52.00
144589	10.30	52.00
144591	10.60	52.00
144594	10.40	52.00
144596	51.60	262.00
144598	10.40	52.00
144600	10.50	52.00
144603	10.30	52.00
144605	10.60	52.00
144607	47.40	240.00
144610	10.00	50.00
144612	10.50	52.00
144614	10.40	52.00
144616	10.40	102.00
144619	45.50	52.00
144621	10.20	52.00
144623	10.40	52.00
144626	10.30	52.00
144628	21.20	108.00
144630	10.50	52.00
144633	10.30	52.00
144635	10.40	52.00
144637	10.50	52.00
144639	23.20	118.00
144642	10.40	52.00
144644	10.30	52.00
144646	10.40	52.00
144649	10.50	52.00
144651	28.60	154.00
144653	10.40	52.00
144655	10.40	52.00
144658	10.40	52.00
144660	10.40	52.00
144662	27.20	138.00
144665	10.30	52.00
144667	10.40	52.00
144669	10.40	52.00
144671	10.30	52.00
144674	22.20	56.00
144676	10.70	52.00
144678	10.60	52.00
144681	10.40	52.00
144683	39.70	200.00
144685	10.20	52.00
144688	10.40	52.00
144690	10.20	52.00
144692	10.20	52.00
144694	43.20	220.00
144697	10.50	52.00
144699	10.40	52.00
144701	10.30	52.00
144704	10.30	52.00
144706	48.10	96.00
144708	10.20	52.00
144710	10.40	52.00
144713	10.50	52.00
144715	10.40	52.00
144717	17.00	86.00
144720	10.20	52.00
144722	10.40	52.00
144724	10.60	52.00
144726	10.40	52.00
144729	16.40	82.00
144731	10.40	52.00
144733	10.60	52.00
144736	10.40	52.00
144738	10.60	276.00
144740	14.80	52.00
144743	10.10	52.00
144745	10.30	52.00
144747	10.40	52.00
144749	57.20	288.00
144752	10.40	52.00
144754	10.40	52.00
144756	10.50	52.00
144759	10.40	52.00
144761	59.00	62.00
144763	10.50	52.00
144765	10.40	52.00
144768	10.70	52.00
144770	10.40	52.00
144772	11.50	58.00
144775	10.10	52.00
144777	10.50	52.00
144779	10.20	52.00
144781	10.40	52.00
144784	10.10	52.00
144786	10.50	52.00
144788	10.50	52.00
144791	10.20	52.00
144793	10.40	334.00
144795	10.20	56.00
144798	10.40	52.00
144800	10.30	52.00
144802	10.30	52.00
144804	65.40	330.00
144807	10.30	52.00
144809	10.40	52.00
144811	10.70	56.00
144814	10.60	52.00
144816	65.50	330.00
144818	10.50	52.00
144820	10.50	52.00
144823	10.50	52.00
144825	10.40	56.00
144827	67.10	52.00
144830	10.10	52.00
144832	10.40	52.00
144834	10.20	52.00
144836	11.10	56.00
144839	10.00	50.00
144841	10.10	52.00
144843	10.60	52.00
144846	10.30	52.00
144848	11.80	328.00
144850	10.50	52.00
144853	10.20	52.00
144855	10.70	52.00
144857	10.50	52.00
144859	63.80	324.00
144862	10.60	52.00
144864	10.10	52.00
144866	10.40	52.00
144869	10.40	52.00
144871	60.50	308.00
144873	10.40	52.00
144875	10.20	52.00
144878	10.20	52.00
144880	10.20	62.00
144882	58.60	52.00
144885	10.40	52.00
144887	10.20	52.00
144889	10.50	52.00
144891	12.70	66.00
144894	10.50	52.00
144896	10.50	52.00
144898	10.30	52.00
144901	10.40	52.00
144903	14.40	72.00
144905	10.50	52.00
144908	10.20	52.00
144910	10.60	52.00
144912	10.20	52.00
144914	16.00	258.00
144917	10.50	52.00
144919	10.40	52.00
144921	10.50	52.00
144924	10.30	52.00
144926	50.20	256.00
144928	10.40	52.00
144930	10.50	52.00
144933	10.40	52.00
144935	10.60	96.00
144937	45.80	52.00
144940	10.50	52.00
144942	10.20	52.00
144944	10.40	52.00
144946	20.60	104.00
144949	10.30	52.00
144951	10.50	52.00
144953	10.40	52.00
144956	10.40	52.00
144958	22.10	112.00
144960	10.20	52.00
144963	10.60	52.00
144965	10.60	52.00
144967	10.40	52.00
144969	23.70	176.00
144972	10.30	52.00
144974	10.40	52.00
144976	10.40	52.00
144979	10.40	52.00
144981	27.20	138.00
144983	10.20	52.00
144985	10.50	52.00
144988	10.80	56.00
144990	10.50	52.00
144992	24.20	52.00
144995	10.10	52.00
144997	10.60	52.00
144999	10.50	52.00
145001	10.40	190.00
145004	10.50	52.00
145006	10.50	52.00
145008	10.50	52.00
145011	10.70	56.00
145013	43.60	220.00
145015	10.40	52.00
145018	10.20	52.00
145020	10.80	56.00
145022	10.20	52.00
145024	46.50	96.00
145027	10.40	52.00
145029	10.30	52.00
145031	10.50	52.00
145034	10.60	52.00
145036	17.50	88.00
145038	10.50	52.00
145040	10.30	52.00
145043	10.40	52.00
145045	10.50	52.00
145047	15.90	82.00
145050	10.20	52.00
145052	10.30	52.00
145054	10.20	52.00
145056	10.50	282.00
145059	15.10	52.00
145061	10.40	52.00
145063	10.60	52.00
145066	10.40	52.00
145068	57.90	292.00
145070	10.40	52.00
145073	10.40	52.00
145075	10.60	52.00
145077	10.40	52.00
145079	60.90	58.00
145082	10.50	52.00
145084	10.50	52.00
145086	10.60	52.00
145089	10.40	52.00
145091	10.40	52.00
145093	10.40	52.00
145095	10.40	52.00
145098	10.20	52.00
145100	10.70	56.00
145102	10.10	52.00
145105	10.70	56.00
145107	10.50	52.00
145109	10.30	52.00
145111	10.20	338.00
145114	10.10	52.00
145116	10.40	52.00
145118	10.30	52.00
145121	10.60	52.00
145123	65.20	330.00
145125	10.50	52.00
145128	10.60	52.00
145130	10.60	52.00
145132	10.50	52.00
145134	66.60	338.00
145137	10.40	52.00
145139	10.40	52.00
145141	10.40	52.00
145144	10.40	56.00
145146	67.90	52.00
145148	10.50	52.00
145150	10.40	52.00
145153	10.60	52.00
145155	11.40	58.00
145157	10.50	52.00
145160	10.40	52.00
145162	10.80	56.00
145164	10.50	52.00
145166	11.70	324.00
145169	10.50	52.00
145171	10.40	52.00
145173	10.40	52.00
145176	10.20	56.00
145178	61.70	312.00
145180	10.30	52.00
145183	10.40	52.00
145185	10.20	52.00
145187	10.30	52.00
145189	59.70	302.00
145192	10.50	52.00
145194	10.50	52.00
145196	10.40	52.00
145199	10.30	66.00
145201	55.60	52.00
145203	10.60	52.00
145205	10.60	52.00
145208	10.30	52.00
145210	14.80	76.00
145212	10.60	52.00
145215	10.40	52.00
145217	10.40	52.00
145219	10.20	52.00
145221	16.10	82.00
145224	10.50	52.00
145226	10.60	52.00
145228	10.40	52.00
145231	10.60	52.00
145233	17.90	250.00
145235	10.60	56.00
145238	10.40	52.00
145240	10.40	52.00
145242	10.30	52.00
145244	45.50	230.00
145247	10.30	52.00
145249	10.40	52.00
145251	10.60	52.00
145254	10.50	104.00
145256	44.50	52.00
145258	10.50	52.00
145260	10.70	52.00
145263	10.50	56.00
145265	22.00	112.00
145267	10.50	52.00
145270	10.50	52.00
145272	10.40	52.00
145274	10.30	52.00
145276	26.10	132.00
145279	10.40	52.00
145281	10.60	52.00
145283	10.50	52.00
145286	10.40	52.00
145288	32.80	144.00
145290	10.40	52.00
145293	10.60	52.00
145295	10.40	52.00
145297	10.60	52.00
145299	23.30	118.00
145302	10.40	52.00
145304	10.20	52.00
145306	10.40	52.00
145309	10.30	52.00
145311	21.70	112.00
145313	10.60	52.00
145315	10.50	52.00
145318	10.70	52.00
145320	10.50	216.00
145322	20.50	52.00
145325	10.20	52.00
145327	10.40	52.00
145329	10.60	52.00
145331	46.10	232.00
145334	10.60	52.00
145336	10.50	52.00
145338	10.20	52.00
145341	10.50	52.00
145343	49.60	88.00
145345	10.40	52.00
145348	10.60	52.00
145350	10.50	52.00
145352	10.60	52.00
145354	16.50	86.00
145357	10.60	52.00
145359	10.30	52.00
145361	10.30	52.00
145364	10.60	52.00
145366	15.20	78.00
145368	10.40	52.00
145370	10.50	52.00
145373	10.20	52.00
145375	10.40	282.00
145377	14.40	52.00
145380	10.60	52.00
145382	10.20	52.00
145384	10.50	52.00
145386	58.50	294.00
145389	10.40	52.00
145391	10.50	52.00
145393	10.10	52.00
145396	10.10	52.00
145398	61.60	312.00
145400	10.40	52.00
145403	10.40	52.00
145405	10.50	52.00
145407	10.40	52.00
145409	63.10	56.00
145412	10.40	52.00
145414	10.60	52.00
145416	10.40	52.00
145419	10.40	52.00
145421	10.10	52.00
145423	10.40	52.00
145425	10.40	52.00
145428	10.60	52.00
145430	10.30	330.00
145432	10.40	52.00
145435	10.50	52.00
145437	10.40	52.00
145439	10.50	52.00
145441	65.60	330.00
145444	10.50	52.00
145446	10.40	52.00
145448	10.60	52.00
145451	10.50	52.00
145453	67.10	340.00
145455	10.60	52.00
145458	10.70	52.00
145460	10.30	52.00
145462	10.20	56.00
145464	67.30	52.00
145467	10.50	52.00
145469	10.60	52.00
145471	10.50	52.00
145474	11.60	58.00
145476	10.70	56.00
145478	10.60	52.00
145480	10.20	52.00
145483	10.40	52.00
145485	11.80	58.00
145487	10.50	52.00
145490	10.40	56.00
145492	10.40	52.00
145494	10.40	52.00
145496	12.20	304.00
145499	10.70	56.00
145501	10.40	52.00
145503	10.50	52.00
145506	10.40	52.00
145508	58.60	298.00
145510	10.40	52.00
145513	10.30	52.00
145515	10.50	52.00
145517	10.60	66.00
145519	56.00	52.00
145522	10.30	52.00
145524	10.10	52.00
145526	10.40	52.00
145529	14.70	76.00
145531	10.20	52.00
145533	10.40	52.00
145535	10.40	52.00
145538	10.60	52.00
145540	16.00	82.00
145542	10.10	52.00
145545	10.50	52.00
145547	10.60	52.00
145549	10.90	52.00
145551	17.80	246.00
145554	10.30	52.00
145556	10.60	52.00
145558	10.40	52.00
145561	10.30	52.00
145563	46.30	236.00
145565	10.60	52.00
145568	10.40	52.00
145570	10.40	52.00
145572	10.20	52.00
145574	44.40	52.00
145577	10.50	52.00
145579	10.60	52.00
145581	10.60	52.00
145584	10.20	112.00
145586	10.60	52.00
145588	10.20	52.00
145590	10.50	52.00
145593	10.40	52.00
145595	26.50	134.00
145597	10.40	52.00
145600	10.60	52.00
145602	10.40	52.00
145604	10.50	52.00
145606	32.10	148.00
145609	10.60	56.00
145611	10.40	52.00
145613	10.40	52.00
145616	10.50	52.00
145618	24.00	122.00
145620	10.40	52.00
145623	10.20	52.00
145625	10.50	52.00
145627	10.20	52.00
145629	21.70	112.00
145632	10.20	52.00
145634	10.50	52.00
145636	10.40	52.00
145639	10.40	216.00
145641	21.00	52.00
145643	10.10	52.00
145645	10.40	52.00
145648	10.40	52.00
145650	44.50	222.00
145652	10.50	52.00
145655	10.50	52.00
145657	10.50	52.00
145659	10.40	52.00
145661	49.10	92.00
145664	10.50	52.00
145666	10.50	52.00
145668	10.70	52.00
145671	10.50	52.00
145673	17.10	86.00
145675	10.50	52.00
145678	10.50	52.00
145680	10.40	52.00
145682	10.20	52.00
145684	15.80	78.00
145687	10.20	52.00
145689	10.50	52.00
145691	10.70	52.00
145694	10.50	278.00
145696	14.40	52.00
145698	10.50	52.00
145700	10.60	52.00
145703	10.70	56.00
145705	57.90	292.00
145707	10.40	52.00
145710	10.50	52.00
145712	10.60	52.00
145714	10.50	52.00
145716	60.30	304.00
145719	10.30	52.00
145721	10.40	52.00
145723	10.40	52.00
145726	10.50	52.00
145728	62.10	56.00
145730	10.60	52.00
145733	10.50	52.00
145735	10.50	52.00
145737	10.60	52.00
145739	10.50	52.00
145742	10.30	52.00
145744	10.60	52.00
145746	10.30	52.00
145749	10.20	334.00
145751	10.00	52.00
145753	10.30	52.00
145755	10.60	52.00
145758	10.00	52.00
145760	65.90	334.00
145762	10.50	52.00
145765	10.80	56.00
145767	10.40	52.00
145769	10.40	52.00
